"Person H-ID"	"Person Record Title"	"Family name"	"Given name(s)"	"Alternate name(s) / title(s)"	Gender	"Short description"	Note	"Index reference"	"CartulR Entity ID"	IndexFontenay	"Related Person(s)"	Honorific	"Cause of death"	"Person type"	"Person role"	"Birth date"	"Birth date (temporal)"	"Country of birth"	"Death date"	"Death date (temporal)"	"Country of death"	"Place of death"	"Place of death Record Title"	"Place of death H-ID"	"Place of death Record Title"	"Cause of death"	"date from"	"date from (temporal)"	"date to"	"date to (temporal)"
81641	"Pierre de Abbate"	"Pierre de Abbate"					"de abbas, abbé, surnom d'enfant illégitime"	Paris_AN_JJ_inventaire_JJ37-50_index.xlsx#d1e132109																						
81642	Adam	Adam				"frère de Raoulin le Chat"		Paris_AN_JJ_inventaire_JJ37-50_index.xlsx#d1e132534																						
81643	"Alard de Courbon"	"Alard de Courbon"						Paris_AN_JJ_inventaire_JJ37-50_index.xlsx#d1e135031																						
81646	Charlemagne	Charlemagne						Paris_AN_JJ_inventaire_JJ37-50_index.xlsx#d1e183095																						
81647	"Charles II le Chauve"	"Charles II le Chauve"				"roi de France"		Paris_AN_JJ_inventaire_JJ37-50_index.xlsx#d1e183113																						
81648	"Charles III le Simple"	"Charles III le Simple"				"roi de France"		Paris_AN_JJ_inventaire_JJ37-50_index.xlsx#d1e183135																						
81649	"Charles Ier"	"Charles Ier"				"roi de Sicile"		Paris_AN_JJ_inventaire_JJ37-50_index.xlsx#d1e183153																						
81650	"Charles II"	"Charles II"				"roi de Sicile"		Paris_AN_JJ_inventaire_JJ37-50_index.xlsx#d1e183206																						
81651	Charles	Charles				"fils aîné de Philippe, prince de Tarente, Charles de Tarente"		Paris_AN_JJ_inventaire_JJ37-50_index.xlsx#d1e183248																						
81652	Charles	Charles				"fils du roi"		Paris_AN_JJ_inventaire_JJ37-50_index.xlsx#d1e183263																						
81653	Charles	Charles				"frère de Philippe de Valois"		Paris_AN_JJ_inventaire_JJ37-50_index.xlsx#d1e183307																						
81654	"Pierre Albais (Me)"	"Pierre Albais (Me)"		"Pierre Aubais (Me)"		"de Marsillargues, notaire"	"ou mieux Aubais"	Paris_AN_JJ_inventaire_JJ37-50_index.xlsx#d1e135083																						
81655	Charles	Charles				"prince de Salerne et seigneur de l'honneur de Monte Sant' Angelo"		Paris_AN_JJ_inventaire_JJ37-50_index.xlsx#d1e183318																						
81656	"Charles d'Anjou"	"Charles d'Anjou"						Paris_AN_JJ_inventaire_JJ37-50_index.xlsx#d1e183341																						
81657	"Charles de Lunéville"	"Charles de Lunéville"				"chevalier, membre de l'hôtel du duc de Lorraine, familier et conseiller dudit duc"		Paris_AN_JJ_inventaire_JJ37-50_index.xlsx#d1e183352																						
81658	"Charles de Sicile"	"Charles de Sicile"						Paris_AN_JJ_inventaire_JJ37-50_index.xlsx#d1e183367																						
81659	"Charles de Tarente"	"Charles de Tarente"				"fils aîné de Philippe, prince de Tarente"		Paris_AN_JJ_inventaire_JJ37-50_index.xlsx#d1e183378																						
81660	"Charles de Valois"	"Charles de Valois"		"Charles d'Anjou"		"comte de Valois, d'Alençon, de Chartres et d'Anjou, comes Valesii, Karolus comes Andegavensium"		Paris_AN_JJ_inventaire_JJ37-50_index.xlsx#d1e183400																						
81661	"Charles de Valois"	"Charles de Valois"				"fils du précédent"		Paris_AN_JJ_inventaire_JJ37-50_index.xlsx#d1e183697																						
81665	Albaron	Albaron				"seigneur de Montfrin, chevalier"		Paris_AN_JJ_inventaire_JJ37-50_index.xlsx#d1e135129																						
81666	"Charpentier (Bertaud)"	"Charpentier (Bertaud)"						Paris_AN_JJ_inventaire_JJ37-50_index.xlsx#d1e183985																						
81671	"Chasselièvre (Adam)"	"Chasselièvre (Adam)"				chevalier		Paris_AN_JJ_inventaire_JJ37-50_index.xlsx#d1e184712																						
81676	"Pierre Albert"	"Pierre Albert"				"chevalier du roi, juge de Sault et de Limoux"		Paris_AN_JJ_inventaire_JJ37-50_index.xlsx#d1e135208																						
81677	"Chastelain (Jean)"	"Chastelain (Jean)"				"prévôt de Melun"		Paris_AN_JJ_inventaire_JJ37-50_index.xlsx#d1e184830																						
81678	"Chatard de Ravel"	"Chatard de Ravel"				"damoiseau, seigneur du lieu"		Paris_AN_JJ_inventaire_JJ37-50_index.xlsx#d1e184848																						
81680	Châteauneuf-les-Bains	Châteauneuf-les-Bains		Châteauneuf-en-Auvergne		"auj. et"		Paris_AN_JJ_inventaire_JJ37-50_index.xlsx#d1e185104																						
81687	"Albert Ier"	"Albert Ier"		Albert		"comte-abbé de Saint-Quentin (Albert Ier, comte de Vermandois)"		Paris_AN_JJ_inventaire_JJ37-50_index.xlsx#d1e135229																						
81688	"Chatmar (Me Raimond)"	"Chatmar (Me Raimond)"				"substitut du procureur du roi"		Paris_AN_JJ_inventaire_JJ37-50_index.xlsx#d1e186456																						
81689	"Chauchat (Géraud)"	"Chauchat (Géraud)"				"bourgeois, de Clermont, panetier du roi"		Paris_AN_JJ_inventaire_JJ37-50_index.xlsx#d1e186498																						
81690	"Chauchat (Jean)"	"Chauchat (Jean)"				"bourgeois de Clermont, valet du roi"		Paris_AN_JJ_inventaire_JJ37-50_index.xlsx#d1e186529																						
81692	"Chaumel (Pierre)"	"Chaumel (Pierre)"				"maire de Neuilly-sur-Margival"		Paris_AN_JJ_inventaire_JJ37-50_index.xlsx#d1e186572																						
81693	"Chausardi (Bertrand)"	"Chausardi (Bertrand)"				"recteur de Tourreilles"		Paris_AN_JJ_inventaire_JJ37-50_index.xlsx#d1e186750																						
81694	"Chauvel (Geoffroi)"	"Chauvel (Geoffroi)"						Paris_AN_JJ_inventaire_JJ37-50_index.xlsx#d1e186807																						
81695	"Chauvel (Geoffroi)"	"Chauvel (Geoffroi)"				"valet du roi"		Paris_AN_JJ_inventaire_JJ37-50_index.xlsx#d1e186830																						
81696	"Chauvelet (Geoffroi)"	"Chauvelet (Geoffroi)"				"échanson du roi"		Paris_AN_JJ_inventaire_JJ37-50_index.xlsx#d1e186853																						
81699	"Chauvet (Me Jean)"	"Chauvet (Me Jean)"				"de La Foye-Monjault"		Paris_AN_JJ_inventaire_JJ37-50_index.xlsx#d1e186910																						
81700	"Chauvet (Me Jean)"	"Chauvet (Me Jean)"				"procureur du roi, dans la sénéchaussée de Périgord et Quercy"		Paris_AN_JJ_inventaire_JJ37-50_index.xlsx#d1e186925																						
81706	"Chemin (Élie)"	"Chemin (Élie)"				"chevalier du roi"		Paris_AN_JJ_inventaire_JJ37-50_index.xlsx#d1e187167																						
81708	"Chenin (Guillaume)"	"Chenin (Guillaume)"				"seigneur de Ersia et de La Barde"		Paris_AN_JJ_inventaire_JJ37-50_index.xlsx#d1e187254																						
81711	"Cherité (G.)"	"Cherité (G.)"						Paris_AN_JJ_inventaire_JJ37-50_index.xlsx#d1e187446																						
81715	"Chevrier (Barthélemi)"	"Chevrier (Barthélemi)"				"bourgeois de Lyon, échanson du roi"		Paris_AN_JJ_inventaire_JJ37-50_index.xlsx#d1e187707																						
81716	"Chevrier (Gui)"	"Chevrier (Gui)"				"chevalier du roi"		Paris_AN_JJ_inventaire_JJ37-50_index.xlsx#d1e187722																						
81718	"Spina di Chiarito"	"Spina di Chiarito"				"de Florence, demeurant à Melun"		Paris_AN_JJ_inventaire_JJ37-50_index.xlsx#d1e187821																						
81719	"Chibout (Thierri)"	"Chibout (Thierri)"				"de Laon"		Paris_AN_JJ_inventaire_JJ37-50_index.xlsx#d1e187836																						
81720	"Biche Guidi"	"Biche Guidi"		"Biche Guy|Albizzo (ser)"				Paris_AN_JJ_inventaire_JJ37-50_index.xlsx#d1e135402																						
81721	"Chicho (Jean)"	"Chicho (Jean)"				"crieur des bans d'Orléans"		Paris_AN_JJ_inventaire_JJ37-50_index.xlsx#d1e187851																						
81722	"Chiflat ou de Chiflat (Girard)"	"Chiflat ou de Chiflat (Girard)"				"de Beaufort-du-Jura"		Paris_AN_JJ_inventaire_JJ37-50_index.xlsx#d1e187910																						
81723	"Chipot (Girard)"	"Chipot (Girard)"				"chanoine de Notre-Dame-de-Troyes"		Paris_AN_JJ_inventaire_JJ37-50_index.xlsx#d1e188087																						
81724	Chlo	Chlo				"fils du seigneur"		Paris_AN_JJ_inventaire_JJ37-50_index.xlsx#d1e188166																						
81725	"Choeri (Dani)"	"Choeri (Dani)"				"juif de Belvèze"		Paris_AN_JJ_inventaire_JJ37-50_index.xlsx#d1e188181																						
81726	"Choisel (Jean)"	"Choisel (Jean)"				"chevalier du roi"		Paris_AN_JJ_inventaire_JJ37-50_index.xlsx#d1e188212																						
81728	"Cholet (Jean)"	"Cholet (Jean)"				cardinal		Paris_AN_JJ_inventaire_JJ37-50_index.xlsx#d1e188354																						
81729	"Chrestian (Guilhem)"	"Chrestian (Guilhem)"						Paris_AN_JJ_inventaire_JJ37-50_index.xlsx#d1e188385																						
81730	"Chrétien (Adam)"	"Chrétien (Adam)"				"de Nemours, sa fille"		Paris_AN_JJ_inventaire_JJ37-50_index.xlsx#d1e188400																						
81732	"Chrétien de Roquefort"	"Chrétien de Roquefort"				"notaire public de Carcassonne"		Paris_AN_JJ_inventaire_JJ37-50_index.xlsx#d1e188415																						
81733	"Ciampolo da Siena (héritiers de feu)"	"Ciampolo da Siena (héritiers de feu)"						Paris_AN_JJ_inventaire_JJ37-50_index.xlsx#d1e188497																						
81736	"Cigongneau (Geoffroi)"	"Cigongneau (Geoffroi)"				écuyer		Paris_AN_JJ_inventaire_JJ37-50_index.xlsx#d1e188575																						
81739	Clarissius	Clarissius				"trésorier de Rodez"		Paris_AN_JJ_inventaire_JJ37-50_index.xlsx#d1e188860																						
81742	"Aldric de Prinhaco"	"Aldric de Prinhaco"						Paris_AN_JJ_inventaire_JJ37-50_index.xlsx#d1e135504																						
81743	Clémence	Clémence				"femme de Guillaume le Boiteux, bourgeoise royale de Paris"		Paris_AN_JJ_inventaire_JJ37-50_index.xlsx#d1e188952																						
81744	Clémence	Clémence				"femme de Pierre le Pelletier"		Paris_AN_JJ_inventaire_JJ37-50_index.xlsx#d1e188973																						
81745	"Clémence de Jagny"	"Clémence de Jagny"						Paris_AN_JJ_inventaire_JJ37-50_index.xlsx#d1e188997																						
81746	"Clémence de Rouen"	"Clémence de Rouen"				"femme de Colard le Baillif"		Paris_AN_JJ_inventaire_JJ37-50_index.xlsx#d1e189012																						
81747	"Clémence d'Oiselay"	"Clémence d'Oiselay"				"veuve d'Hugues de Cicon"		Paris_AN_JJ_inventaire_JJ37-50_index.xlsx#d1e189027																						
81748	Clemens	Clemens				signature	"Clément, chapelain et clerc de Pierre VI de Chambly"	Paris_AN_JJ_inventaire_JJ37-50_index.xlsx#d1e189042																						
81749	"Clément IV"	"Clément IV"				pape		Paris_AN_JJ_inventaire_JJ37-50_index.xlsx#d1e189057																						
81750	"Clément V"	"Clément V"				pape		Paris_AN_JJ_inventaire_JJ37-50_index.xlsx#d1e189072																						
81751	Clément	Clément				"chapelain et clerc de Pierre VI de Chambly"		Paris_AN_JJ_inventaire_JJ37-50_index.xlsx#d1e189173																						
81752	"Clément de Choisy-au-Bac"	"Clément de Choisy-au-Bac"						Paris_AN_JJ_inventaire_JJ37-50_index.xlsx#d1e189184																						
81753	Adam	Adam				"vicomte de Melun"		Paris_AN_JJ_inventaire_JJ37-50_index.xlsx#d1e132552																						
81754	"A l'Écureuil (Jean)"	"A l'Écureuil (Jean)"						Paris_AN_JJ_inventaire_JJ37-50_index.xlsx#d1e135519																						
81755	"Clément de Fraissé"	"Clément de Fraissé"				"docteur ès lois"		Paris_AN_JJ_inventaire_JJ37-50_index.xlsx#d1e189202																						
81756	"Clément de Fraissé"	"Clément de Fraissé"				"fils et héritier testamentaire du précédent"		Paris_AN_JJ_inventaire_JJ37-50_index.xlsx#d1e189241																						
81757	"Clément de La Mare"	"Clément de La Mare"				"prêtre, chapelain de l'oratoire du manoir de Blosseville"		Paris_AN_JJ_inventaire_JJ37-50_index.xlsx#d1e189256																						
81758	"Clément d'Orly (le fils de)"	"Clément d'Orly (le fils de)"						Paris_AN_JJ_inventaire_JJ37-50_index.xlsx#d1e189271																						
81759	"Clergue (Raimond)"	"Clergue (Raimond)"				"dit aussi de Martiel, notaire de Villefranche-de-Rouergue, de Villeneuve-d'Aveyron et de toute la sénéchaussée de Rouergue"		Paris_AN_JJ_inventaire_JJ37-50_index.xlsx#d1e189302																						
81764	"Clersens (Jean)"	"Clersens (Jean)"				"clerc du roi"		Paris_AN_JJ_inventaire_JJ37-50_index.xlsx#d1e189791																						
81765	"Pierre Alègre"	"Pierre Alègre"						Paris_AN_JJ_inventaire_JJ37-50_index.xlsx#d1e135534																						
81767	Clovis	Clovis				"roi des Francs, ses armes"		Paris_AN_JJ_inventaire_JJ37-50_index.xlsx#d1e189975																						
81769	"Cocatrix (Gentien"	"Cocatrix (Gentien"				"corr. Gencien)"		Paris_AN_JJ_inventaire_JJ37-50_index.xlsx#d1e190137																						
81770	"Cocatrix (Geoffroi"	"Cocatrix (Geoffroi"				"Gaufridus), bourgeois de Paris, familier du roi"		Paris_AN_JJ_inventaire_JJ37-50_index.xlsx#d1e190152																						
81771	"Cocatrix (Renier)"	"Cocatrix (Renier)"						Paris_AN_JJ_inventaire_JJ37-50_index.xlsx#d1e190335																						
81773	"Cochet (Jean)"	"Cochet (Jean)"						Paris_AN_JJ_inventaire_JJ37-50_index.xlsx#d1e190398																						
81775	"Coeuret (Robert)"	"Coeuret (Robert)"						Paris_AN_JJ_inventaire_JJ37-50_index.xlsx#d1e190484																						
81776	"Salomon Alègre"	"Salomon Alègre"				"juif de Toulouse"		Paris_AN_JJ_inventaire_JJ37-50_index.xlsx#d1e135549																						
81777	"Coffin (Jean)"	"Coffin (Jean)"				"le jeune"		Paris_AN_JJ_inventaire_JJ37-50_index.xlsx#d1e190520																						
81778	"Coffini (Johannes)"	"Coffini (Johannes)"				"de Andeliaco, junior"	"Jean Coffin le jeune, des Andelys"	Paris_AN_JJ_inventaire_JJ37-50_index.xlsx#d1e190532																						
81780	"Cointet (Gui)"	"Cointet (Gui)"				"de Livry, clerc du roi"		Paris_AN_JJ_inventaire_JJ37-50_index.xlsx#d1e190669																						
81781	"Coiquet (Philippe)"	"Coiquet (Philippe)"						Paris_AN_JJ_inventaire_JJ37-50_index.xlsx#d1e190993																						
81782	"Colard de Bellême"	"Colard de Bellême"				"écuyer, valet du roi"		Paris_AN_JJ_inventaire_JJ37-50_index.xlsx#d1e191052																						
81783	"Colard de Denestanville"	"Colard de Denestanville"						Paris_AN_JJ_inventaire_JJ37-50_index.xlsx#d1e191068																						
81784	"Colard de Laon (Me)"	"Colard de Laon (Me)"						Paris_AN_JJ_inventaire_JJ37-50_index.xlsx#d1e191086																						
81785	"Colard de Smors"	"Colard de Smors"						Paris_AN_JJ_inventaire_JJ37-50_index.xlsx#d1e191112																						
81786	"Colard de Somme-Vesle"	"Colard de Somme-Vesle"						Paris_AN_JJ_inventaire_JJ37-50_index.xlsx#d1e191127																						
81787	"Guigues Aleman"	"Guigues Aleman"				"seigneur de Valbonnais, chevalier"		Paris_AN_JJ_inventaire_JJ37-50_index.xlsx#d1e135568																						
81788	"Colard de Tayri"	"Colard de Tayri"				damoiseau		Paris_AN_JJ_inventaire_JJ37-50_index.xlsx#d1e191142																						
81790	"Colin de La Grange"	"Colin de La Grange"				écuyer		Paris_AN_JJ_inventaire_JJ37-50_index.xlsx#d1e191202																						
81791	"Colin de Lhuître"	"Colin de Lhuître"				"sergent à verge du Châtelet de Paris"		Paris_AN_JJ_inventaire_JJ37-50_index.xlsx#d1e191217																						
81792	"Cologne (Mathieu)"	"Cologne (Mathieu)"				"sa veuve"		Paris_AN_JJ_inventaire_JJ37-50_index.xlsx#d1e191387																						
81793	"Colomb (Guilhem)"	"Colomb (Guilhem)"				"notaire public royal"		Paris_AN_JJ_inventaire_JJ37-50_index.xlsx#d1e191418																						
81794	"Colombel (Jean)"	"Colombel (Jean)"				"bourgeois de Rouen"		Paris_AN_JJ_inventaire_JJ37-50_index.xlsx#d1e191433																						
81796	"Colonna (Pietro)"	"Colonna (Pietro)"				"chevalier du roi"		Paris_AN_JJ_inventaire_JJ37-50_index.xlsx#d1e191507																						
81797	"Columi (Raimond)"	"Columi (Raimond)"				"consul de Gignac"		Paris_AN_JJ_inventaire_JJ37-50_index.xlsx#d1e191567																						
81798	"Alexandre de Jouarre"	"Alexandre de Jouarre"				clerc		Paris_AN_JJ_inventaire_JJ37-50_index.xlsx#d1e135954																						
81806	"Comtor de Bouziès (dame)"	"Comtor de Bouziès (dame)"						Paris_AN_JJ_inventaire_JJ37-50_index.xlsx#d1e192568																						
81809	"Alexandre de Tournus"	"Alexandre de Tournus"				"bourgeois de Mâcon"		Paris_AN_JJ_inventaire_JJ37-50_index.xlsx#d1e135969																						
81811	"Conrad de Crépy (Me)"	"Conrad de Crépy (Me)"				"chanoine de Beauvais, clerc du roi, député sur le fait des juifs dans la sénéchaussée de Beaucaire"		Paris_AN_JJ_inventaire_JJ37-50_index.xlsx#d1e193013																						
81812	"Constance de Béarn"	"Constance de Béarn"				"vicomtesse de Marsan"		Paris_AN_JJ_inventaire_JJ37-50_index.xlsx#d1e193028																						
81813	"Constans (Raimond)"	"Constans (Raimond)"				"notaire public royal dans la sénéchaussée de Périgord et Quercy"		Paris_AN_JJ_inventaire_JJ37-50_index.xlsx#d1e193043																						
81814	"Constant (Roger)"	"Constant (Roger)"				"de Béthemont"		Paris_AN_JJ_inventaire_JJ37-50_index.xlsx#d1e193058																						
81819	"Coppet (Jean)"	"Coppet (Jean)"				"prévôt de Tournai"		Paris_AN_JJ_inventaire_JJ37-50_index.xlsx#d1e193557																						
81820	"Alexandre d'Odemghem (Me)"	"Alexandre d'Odemghem (Me)"						Paris_AN_JJ_inventaire_JJ37-50_index.xlsx#d1e135985																						
81821	"Coquatricis (G.)"	"Coquatricis (G.)"				"Coquatrix, Coquatriz (G.)"		Paris_AN_JJ_inventaire_JJ37-50_index.xlsx#d1e193572																						
81823	Coquelet	Coquelet				"Coquelot (Gilon), veneur du roi"		Paris_AN_JJ_inventaire_JJ37-50_index.xlsx#d1e193599																						
81824	"Coqui (Me Mathieu)"	"Coqui (Me Mathieu)"				"notaire de l'évêque de Maguelonne"		Paris_AN_JJ_inventaire_JJ37-50_index.xlsx#d1e193632																						
81825	"Coquille (Guillaume)"	"Coquille (Guillaume)"				"bourgeois de Nevers"		Paris_AN_JJ_inventaire_JJ37-50_index.xlsx#d1e193647																						
81826	Coquillet	Coquillet				"valet de la reine de Navarre"		Paris_AN_JJ_inventaire_JJ37-50_index.xlsx#d1e193662																						
81827	"Coraus (Pierre)"	"Coraus (Pierre)"				"chàtelain royal de Tours"		Paris_AN_JJ_inventaire_JJ37-50_index.xlsx#d1e193689																						
81829	"Corbon (Thomas)"	"Corbon (Thomas)"						Paris_AN_JJ_inventaire_JJ37-50_index.xlsx#d1e194062																						
81831	"Bonet Alfaric"	"Bonet Alfaric"				"bourgeois du Bourg de Narbonne"		Paris_AN_JJ_inventaire_JJ37-50_index.xlsx#d1e136011																						
81832	Cornet	Cornet				"d'Orphin, sa fille"		Paris_AN_JJ_inventaire_JJ37-50_index.xlsx#d1e194290																						
81834	"Cornoli (Pierre)"	"Cornoli (Pierre)"				"consul du château de Peyrusse-le-Roc"		Paris_AN_JJ_inventaire_JJ37-50_index.xlsx#d1e194353																						
81839	"Corsdomme (Richard)"	"Corsdomme (Richard)"				"vicomte de Verneuil-sur-Avre"		Paris_AN_JJ_inventaire_JJ37-50_index.xlsx#d1e194589																						
81841	"Cosset (Mathieu fils)"	"Cosset (Mathieu fils)"						Paris_AN_JJ_inventaire_JJ37-50_index.xlsx#d1e194714																						
81842	"Alfaric (G.)"	"Alfaric (G.)"				chevalier		Paris_AN_JJ_inventaire_JJ37-50_index.xlsx#d1e136026																						
81843	"Costard (Henri)"	"Costard (Henri)"						Paris_AN_JJ_inventaire_JJ37-50_index.xlsx#d1e194725																						
81844	"Coste (Me Raimond)"	"Coste (Me Raimond)"				"juge de Carcassonne"		Paris_AN_JJ_inventaire_JJ37-50_index.xlsx#d1e194755																						
81845	"Cotelier (Me Jean)"	"Cotelier (Me Jean)"				"notaire de Béziers"		Paris_AN_JJ_inventaire_JJ37-50_index.xlsx#d1e194783																						
81851	"Coulon (Jean)"	"Coulon (Jean)"				"sa veuve"		Paris_AN_JJ_inventaire_JJ37-50_index.xlsx#d1e195481																						
81852	"Coul-Rouge (Pierre)"	"Coul-Rouge (Pierre)"				"bourgeois de Chartres"		Paris_AN_JJ_inventaire_JJ37-50_index.xlsx#d1e195511																						
81853	"Alice de Boussagues"	"Alice de Boussagues"		Alice		"femme de Bérenger IV Guilhem (Alice de Boussagues)"		Paris_AN_JJ_inventaire_JJ37-50_index.xlsx#d1e136056|Paris_AN_JJ_inventaire_JJ37-50_index.xlsx#d1e136229																						
81854	"Couqueiet (Guillaume)"	"Couqueiet (Guillaume)"						Paris_AN_JJ_inventaire_JJ37-50_index.xlsx#d1e195542																						
81859	"Cours (Alaudes)"	"Cours (Alaudes)"				"procureur de Niccolò Guidi"		Paris_AN_JJ_inventaire_JJ37-50_index.xlsx#d1e196157																						
81860	"Court (Me Raimond)"	"Court (Me Raimond)"				"légiste, régissant la jugerie de Verdun-sur-Garonne"		Paris_AN_JJ_inventaire_JJ37-50_index.xlsx#d1e196237																						
81861	"Courteheuse (Guillaume)"	"Courteheuse (Guillaume)"				"Guillelmus Courtehause, chevalier du roi"		Paris_AN_JJ_inventaire_JJ37-50_index.xlsx#d1e196283																						
81864	"Adam de Béthisy"	"Adam de Béthisy"				"sergent à verge du Châtelet de Paris"		Paris_AN_JJ_inventaire_JJ37-50_index.xlsx#d1e132593																						
81865	Alice	Alice				"femme de Clair Bridoul"		Paris_AN_JJ_inventaire_JJ37-50_index.xlsx#d1e136072																						
81867	"Crasse joue (Jeannet)"	"Crasse joue (Jeannet)"				"crieur du Roi"		Paris_AN_JJ_inventaire_JJ37-50_index.xlsx#d1e197203																						
81870	"Crémat (Pierre)"	"Crémat (Pierre)"						Paris_AN_JJ_inventaire_JJ37-50_index.xlsx#d1e197600																						
81876	Alice	Alice				"femme de Guillaume Mauvoisin"		Paris_AN_JJ_inventaire_JJ37-50_index.xlsx#d1e136087																						
81877	"Crespin (Baude ou Baudouin) le vieux"	"Crespin (Baude ou Baudouin) le vieux"				d'Arras		Paris_AN_JJ_inventaire_JJ37-50_index.xlsx#d1e197982																						
81878	"Crespin (Baude ou Baudouin) le vieux"	"Crespin (Baude ou Baudouin) le vieux"				"d'Arras, valet du roi"		Paris_AN_JJ_inventaire_JJ37-50_index.xlsx#d1e197994																						
81879	"Crespin (Guillaume VI)"	"Crespin (Guillaume VI)"				"chevalier du roi, seigneur d'Étrépagny"		Paris_AN_JJ_inventaire_JJ37-50_index.xlsx#d1e198065																						
81881	"Cribert (Bernard)"	"Cribert (Bernard)"				"de Pavie"		Paris_AN_JJ_inventaire_JJ37-50_index.xlsx#d1e198225																						
81882	Crépy	Crépy		Crépy-en-Valois|Crispeio		"magister Johannes de)"		Paris_AN_JJ_inventaire_JJ37-50_index.xlsx#d1e198269																						
81883	"Crispeus de Barville (Me)"	"Crispeus de Barville (Me)"						Paris_AN_JJ_inventaire_JJ37-50_index.xlsx#d1e198281																						
81884	Croissant	Croissant				"fils de feu Josson de Coulommiers, juif"		Paris_AN_JJ_inventaire_JJ37-50_index.xlsx#d1e198341																						
81885	"Croissant d'Orange"	"Croissant d'Orange"				"juif de Carcassonne"		Paris_AN_JJ_inventaire_JJ37-50_index.xlsx#d1e198367																						
81887	Alice	Alice				"femme de Jacques Gencien"		Paris_AN_JJ_inventaire_JJ37-50_index.xlsx#d1e136102																						
81891	"Cucu (Élie)"	"Cucu (Élie)"				"père du suivant"		Paris_AN_JJ_inventaire_JJ37-50_index.xlsx#d1e198854																						
81898	Alice	Alice				"femme de Jean Turgot"		Paris_AN_JJ_inventaire_JJ37-50_index.xlsx#d1e136120																						
81899	"Daffem (Guilhem)"	"Daffem (Guilhem)"				"clerc de Figeac, tabellion apostolique du diocèse de Cahors"		Paris_AN_JJ_inventaire_JJ37-50_index.xlsx#d1e199421																						
81900	"Dagra (Bertrand)"	"Dagra (Bertrand)"				"moine du prieuré de Fons"		Paris_AN_JJ_inventaire_JJ37-50_index.xlsx#d1e199436																						
81901	"Dalard (Pierre)"	"Dalard (Pierre)"				"vicomte d'Orbec"		Paris_AN_JJ_inventaire_JJ37-50_index.xlsx#d1e199451																						
81903	"Dalmas de Pontons"	"Dalmas de Pontons"				"docteur ès lois, surintendant des affaires des juifs dans la ville et baronnie de Montpellier"		Paris_AN_JJ_inventaire_JJ37-50_index.xlsx#d1e199485																						
81904	"Damas (Amé)"	"Damas (Amé)"				"seigneur de Couzan"		Paris_AN_JJ_inventaire_JJ37-50_index.xlsx#d1e199500																						
81906	"Damjeau (Raoulin)"	"Damjeau (Raoulin)"						Paris_AN_JJ_inventaire_JJ37-50_index.xlsx#d1e199563																						
81909	Alice	Alice				"femme de Richard l'Anglais"		Paris_AN_JJ_inventaire_JJ37-50_index.xlsx#d1e136135																						
81913	"Dandolo (Giovanni)"	"Dandolo (Giovanni)"				"doge de Venise"		Paris_AN_JJ_inventaire_JJ37-50_index.xlsx#d1e199854																						
81914	"Dandolo (Giovanni Cane)"	"Dandolo (Giovanni Cane)"				"ambassadeur de Venise"		Paris_AN_JJ_inventaire_JJ37-50_index.xlsx#d1e199875																						
81915	"Dani de Mauguio"	"Dani de Mauguio"				juif		Paris_AN_JJ_inventaire_JJ37-50_index.xlsx#d1e199934																						
81916	"Daniel d'Itancourt"	"Daniel d'Itancourt"					"de Saint-Quentin"	Paris_AN_JJ_inventaire_JJ37-50_index.xlsx#d1e199949																						
81917	Danois	Danois				"Le Danois (Geoffroi), bailli de Gisors"		Paris_AN_JJ_inventaire_JJ37-50_index.xlsx#d1e199964																						
81918	"Dany (Simon)"	"Dany (Simon)"					"juif de Mantes"	Paris_AN_JJ_inventaire_JJ37-50_index.xlsx#d1e200007																						
81919	"Daudet (Jean)"	"Daudet (Jean)"				"de Montréal"		Paris_AN_JJ_inventaire_JJ37-50_index.xlsx#d1e200067																						
81920	Alice	Alice				"femme d'Ives Grosseteste"		Paris_AN_JJ_inventaire_JJ37-50_index.xlsx#d1e136150																						
81921	"Dauffard (Guiot"	"Dauffard (Guiot"				"Robin et Martin, fils de feu Guérin), de Reims"		Paris_AN_JJ_inventaire_JJ37-50_index.xlsx#d1e200082																						
81922	"Dauphin (Gui"	"Dauphin (Gui"				Hugues)		Paris_AN_JJ_inventaire_JJ37-50_index.xlsx#d1e200128																						
81923	Dauphine	Dauphine				"femme de Raimond Pelet"		Paris_AN_JJ_inventaire_JJ37-50_index.xlsx#d1e200139																						
81924	Dauridier	Dauridier					Raimond	Paris_AN_JJ_inventaire_JJ37-50_index.xlsx#d1e200182																						
81925	"Davin d'Agde"	"Davin d'Agde"				"juif de Montpellier"		Paris_AN_JJ_inventaire_JJ37-50_index.xlsx#d1e200225																						
81926	"Davin de Viviers (héritiers de)"	"Davin de Viviers (héritiers de)"						Paris_AN_JJ_inventaire_JJ37-50_index.xlsx#d1e200251																						
81927	"De Graudic (Jacques)"	"De Graudic (Jacques)"						Paris_AN_JJ_inventaire_JJ37-50_index.xlsx#d1e200369																						
81928	"Délivrant (Raoul)"	"Délivrant (Raoul)"				"de Tournedos-sur-Seine, ses héritiers"		Paris_AN_JJ_inventaire_JJ37-50_index.xlsx#d1e200384																						
81931	"Alice de Châteauvillain"	"Alice de Châteauvillain"		Alice		"fille de Jean Ier, jadis seigneur de Châteauvillain"		Paris_AN_JJ_inventaire_JJ37-50_index.xlsx#d1e136166																						
81932	"Denis d'Aubigny"	"Denis d'Aubigny"				"conseiller du roi"		Paris_AN_JJ_inventaire_JJ37-50_index.xlsx#d1e200503																						
81933	"Denis de La Cour"	"Denis de La Cour"				"corr. de La Salle, concierge de Lorris"		Paris_AN_JJ_inventaire_JJ37-50_index.xlsx#d1e200518																						
81934	"Denis de Sens (Me)"	"Denis de Sens (Me)"				"magister Dyonisius de Senonis, commissaire à la levée de l'aide au mariage de la reine d'Angleterre"		Paris_AN_JJ_inventaire_JJ37-50_index.xlsx#d1e200542																						
81935	"Denis d'Hirson"	"Denis d'Hirson"				"frère de Me Thierri d'Hirson"		Paris_AN_JJ_inventaire_JJ37-50_index.xlsx#d1e200581																						
81936	"Denis du Fay"	"Denis du Fay"						Paris_AN_JJ_inventaire_JJ37-50_index.xlsx#d1e200596																						
81937	"Denise (Colard)"	"Denise (Colard)"				"d'Oulchy, tabellion juré en la prévôté d'Oulchy-le-Château"		Paris_AN_JJ_inventaire_JJ37-50_index.xlsx#d1e200633																						
81938	"Densus (Julien)"	"Densus (Julien)"				"notaire public de Saint-Sever"		Paris_AN_JJ_inventaire_JJ37-50_index.xlsx#d1e200740																						
81939	"Déodat de Boussagues"	"Déodat de Boussagues"				"donzel, seigneur de Puissalicon"		Paris_AN_JJ_inventaire_JJ37-50_index.xlsx#d1e200766																						
81940	"Déodat de Gaillac"	"Déodat de Gaillac"						Paris_AN_JJ_inventaire_JJ37-50_index.xlsx#d1e200782																						
81941	"Déodat-Guilhem de Clermont"	"Déodat-Guilhem de Clermont"				"fils de Bérenger IV Guilhem"		Paris_AN_JJ_inventaire_JJ37-50_index.xlsx#d1e200808																						
81942	"Alice d'Haverskerque"	"Alice d'Haverskerque"		Alice		"fille de Jean, sire d'Haverskerque et femme de Robert, sire de Beauval"		Paris_AN_JJ_inventaire_JJ37-50_index.xlsx#d1e136177|Paris_AN_JJ_inventaire_JJ37-50_index.xlsx#d1e136389																						
81943	"Desquier (G.)"	"Desquier (G.)"				"consul de Saint-Denis"		Paris_AN_JJ_inventaire_JJ37-50_index.xlsx#d1e200869																						
81946	"Dieudonné de Brie"	"Dieudonné de Brie"				"juif du roi"		Paris_AN_JJ_inventaire_JJ37-50_index.xlsx#d1e201047																						
81947	"Dieudonné de Liestres"	"Dieudonné de Liestres"						Paris_AN_JJ_inventaire_JJ37-50_index.xlsx#d1e201062																						
81948	"Dieulesal (Me André)"	"Dieulesal (Me André)"				"docteur ès lois, de Mirepoix"		Paris_AN_JJ_inventaire_JJ37-50_index.xlsx#d1e201077																						
81949	"Dieulogar de Béziers"	"Dieulogar de Béziers"				juif		Paris_AN_JJ_inventaire_JJ37-50_index.xlsx#d1e201093																						
81950	Dieulosal	Dieulosal				"Dieulossal de Florensac, juif de Narbonne ou de Belvèze"		Paris_AN_JJ_inventaire_JJ37-50_index.xlsx#d1e201108																						
81951	"Dieuloué (Colin)"	"Dieuloué (Colin)"				"sergent du roi"		Paris_AN_JJ_inventaire_JJ37-50_index.xlsx#d1e201146																						
81953	"Alice de Châteauvillain"	"Alice de Châteauvillain"		Alice		"tante d'Huguenin de Châteauvillain"		Paris_AN_JJ_inventaire_JJ37-50_index.xlsx#d1e136188																						
81955	"Doisse (Geoffroi)"	"Doisse (Geoffroi)"				"chanoine de Saint-Evroult de Mortain"		Paris_AN_JJ_inventaire_JJ37-50_index.xlsx#d1e201315																						
81957	"Dominica de Corneillan"	"Dominica de Corneillan"				"héritière d'Asserida de Corneillan"		Paris_AN_JJ_inventaire_JJ37-50_index.xlsx#d1e201522																						
81958	"Dominici (Me Francesco)"	"Dominici (Me Francesco)"				légiste		Paris_AN_JJ_inventaire_JJ37-50_index.xlsx#d1e201537																						
81959	"Dominique de Rivo (frère)"	"Dominique de Rivo (frère)"				"procureur-syndic de l'abbaye de Gimont"		Paris_AN_JJ_inventaire_JJ37-50_index.xlsx#d1e201579																						
81961	"Donat (Guilhem)"	"Donat (Guilhem)"				"bourgeois de Najac"		Paris_AN_JJ_inventaire_JJ37-50_index.xlsx#d1e201684																						
81963	"Dorée (Perrin)"	"Dorée (Perrin)"				"fils et héritier du suivant"		Paris_AN_JJ_inventaire_JJ37-50_index.xlsx#d1e201880																						
81964	Alice	Alice				"veuve de Mathieu Cologne"		Paris_AN_JJ_inventaire_JJ37-50_index.xlsx#d1e136199																						
81965	"Dorée (Pierre)"	"Dorée (Pierre)"				"bourgeois de Saumur"		Paris_AN_JJ_inventaire_JJ37-50_index.xlsx#d1e201896																						
81966	"Doret (Pierre)"	"Doret (Pierre)"				"d'Origny-en-Thiérache, sa femme"		Paris_AN_JJ_inventaire_JJ37-50_index.xlsx#d1e201911																						
81967	"Douart (Jean)"	"Douart (Jean)"				vavasseur		Paris_AN_JJ_inventaire_JJ37-50_index.xlsx#d1e201980																						
81968	"Doucet de Gouzon"	"Doucet de Gouzon"				"notaire public dans la sénéchaussée d'Agenais et dans tout le duché d'Aquitaine"		Paris_AN_JJ_inventaire_JJ37-50_index.xlsx#d1e201995																						
81970	"Doutz de Candé (moulin de las)"	"Doutz de Candé (moulin de las)"				"près de Puy-Laroque"		Paris_AN_JJ_inventaire_JJ37-50_index.xlsx#d1e202212																						
81971	"Dreux (Jean)"	"Dreux (Jean)"					"à Orléans"	Paris_AN_JJ_inventaire_JJ37-50_index.xlsx#d1e202418																						
81972	"Dreux (Jean)"	"Dreux (Jean)"				"archer de Philippe, comte de Bourgogne"		Paris_AN_JJ_inventaire_JJ37-50_index.xlsx#d1e202433																						
81973	Dreux	Dreux				"prévôt de Soissons, clerc du roi"		Paris_AN_JJ_inventaire_JJ37-50_index.xlsx#d1e202461																						
81974	Dreux	Dreux				"fils du seigneur de Chlo"		Paris_AN_JJ_inventaire_JJ37-50_index.xlsx#d1e202476																						
81975	"Adam de Bruyères"	"Adam de Bruyères"				chevalier		Paris_AN_JJ_inventaire_JJ37-50_index.xlsx#d1e132608																						
81976	Alice	Alice				"veuve d'Évrard de Chevresis"		Paris_AN_JJ_inventaire_JJ37-50_index.xlsx#d1e136214																						
81977	"Dreux Ier de Mello"	"Dreux Ier de Mello"						Paris_AN_JJ_inventaire_JJ37-50_index.xlsx#d1e202491																						
81978	"Dreux II de Mello"	"Dreux II de Mello"				"chevalier, seigneur de Saint-Bris-le-Vineux et de Château-Chinon"		Paris_AN_JJ_inventaire_JJ37-50_index.xlsx#d1e202506																						
81979	"Dreux IV de Mello"	"Dreux IV de Mello"				chevalier		Paris_AN_JJ_inventaire_JJ37-50_index.xlsx#d1e202521																						
81980	"Dreux de Mello"	"Dreux de Mello"				"oncle de Dreux Ier de Mello"		Paris_AN_JJ_inventaire_JJ37-50_index.xlsx#d1e202560																						
81981	"Dreve (Jean)"	"Dreve (Jean)"				"corr. Dreux"		Paris_AN_JJ_inventaire_JJ37-50_index.xlsx#d1e202598																						
81985	"Durand (Guillaume II ou VI)"	"Durand (Guillaume II ou VI)"				"évêque de Mende et comte de Gévaudan"		Paris_AN_JJ_inventaire_JJ37-50_index.xlsx#d1e202870																						
81986	"Durand (Jean)"	"Durand (Jean)"				"clerc, notaire public apostolique du diocèse d'Aibi"		Paris_AN_JJ_inventaire_JJ37-50_index.xlsx#d1e202898																						
81988	"Durand (Jean)"	"Durand (Jean)"				"clerc substitut de Me Aimeri Célier"		Paris_AN_JJ_inventaire_JJ37-50_index.xlsx#d1e202913																						
81989	"Durand (Raoul)"	"Durand (Raoul)"				"châtelain royal de La Feuillie"		Paris_AN_JJ_inventaire_JJ37-50_index.xlsx#d1e202928																						
81990	"Durand de Champagne (frère)"	"Durand de Champagne (frère)"		"Durand (frère)"		"confesseur de la reine Marguerite de Bourgogne"		Paris_AN_JJ_inventaire_JJ37-50_index.xlsx#d1e202954|Paris_AN_JJ_inventaire_JJ37-50_index.xlsx#d1e202859																						
81991	"Durand d'Épernon"	"Durand d'Épernon"				"sergent du roi"		Paris_AN_JJ_inventaire_JJ37-50_index.xlsx#d1e202969																						
81992	"Durand de Rogues"	"Durand de Rogues"				"professeur utriusque juris, de Béziers"		Paris_AN_JJ_inventaire_JJ37-50_index.xlsx#d1e202985																						
81993	"Durand de Sommières"	"Durand de Sommières"				juif		Paris_AN_JJ_inventaire_JJ37-50_index.xlsx#d1e203000																						
81994	"Durand de Soulacroup"	"Durand de Soulacroup"				"notaire public royal"		Paris_AN_JJ_inventaire_JJ37-50_index.xlsx#d1e203015																						
81995	"Durand de Thiers"	"Durand de Thiers"				"clerc, notaire juré de la Cour de Riom"		Paris_AN_JJ_inventaire_JJ37-50_index.xlsx#d1e203030																						
81996	"Durand le médecin (Me)"	"Durand le médecin (Me)"						Paris_AN_JJ_inventaire_JJ37-50_index.xlsx#d1e203045																						
81997	"Durant (Raimond)"	"Durant (Raimond)"				"syndic de la communauté de Vallabrègues"		Paris_AN_JJ_inventaire_JJ37-50_index.xlsx#d1e203079																						
81998	"Alice de Châteauvillain"	"Alice de Châteauvillain"		Alice				Paris_AN_JJ_inventaire_JJ37-50_index.xlsx#d1e136241																						
82002	"Dyonisius de Senonis (magister)"	"Dyonisius de Senonis (magister)"						Paris_AN_JJ_inventaire_JJ37-50_index.xlsx#d1e203243																						
82004	"Ebes du Verger"	"Ebes du Verger"				"le fils, chevalier"		Paris_AN_JJ_inventaire_JJ37-50_index.xlsx#d1e203333																						
82005	"Ébrard (Jean)"	"Ébrard (Jean)"				"consul de Fons"		Paris_AN_JJ_inventaire_JJ37-50_index.xlsx#d1e203363																						
82006	"Ébraud de Chalençon"	"Ébraud de Chalençon"				donzel		Paris_AN_JJ_inventaire_JJ37-50_index.xlsx#d1e203378																						
82007	"Ébraud de Chalençon"	"Ébraud de Chalençon"				"valet du roi"		Paris_AN_JJ_inventaire_JJ37-50_index.xlsx#d1e203390																						
82009	"Alice de Clermont"	"Alice de Clermont"		"Alice de Nesle"		"dame de Nesle, femme de Jean de Chalon"		Paris_AN_JJ_inventaire_JJ37-50_index.xlsx#d1e136259																						
82015	"Édouard Ier"	"Édouard Ier"				"roi d'Angleterre"		Paris_AN_JJ_inventaire_JJ37-50_index.xlsx#d1e203848																						
82016	"Édouard II"	"Édouard II"				"roi d'Angleterre, duc d'Aquitaine"		Paris_AN_JJ_inventaire_JJ37-50_index.xlsx#d1e203903																						
82017	"Édouard Ier"	"Édouard Ier"				"comte de Bar"		Paris_AN_JJ_inventaire_JJ37-50_index.xlsx#d1e204083																						
82018	Édouard	Édouard				"fils du comte Amédée V de Savoie"		Paris_AN_JJ_inventaire_JJ37-50_index.xlsx#d1e204117																						
82020	"Alice de Créquy"	"Alice de Créquy"				"femme de Jean II de Chambly"		Paris_AN_JJ_inventaire_JJ37-50_index.xlsx#d1e136283																						
82021	"Egidius de Remino"	"Egidius de Remino"						Paris_AN_JJ_inventaire_JJ37-50_index.xlsx#d1e204149																						
82023	Éléonore	Éléonore						Paris_AN_JJ_inventaire_JJ37-50_index.xlsx#d1e204306																						
82024	"Éléonore de Roye"	"Éléonore de Roye"				"damoiselle de Châtillon-sur-Marne, dame de La Ferté-en-Ponthieu"		Paris_AN_JJ_inventaire_JJ37-50_index.xlsx#d1e204317																						
82025	Élie	Élie				Hélie		Paris_AN_JJ_inventaire_JJ37-50_index.xlsx#d1e204332																						
82026	"Élie VII Talleyrand"	"Élie VII Talleyrand"				"comte de Périgord, Helias Taillerandi comes Petragoricensis"		Paris_AN_JJ_inventaire_JJ37-50_index.xlsx#d1e204343																						
82027	Élie	Élie				"frère de Guillaume de Loupsault"		Paris_AN_JJ_inventaire_JJ37-50_index.xlsx#d1e204380																						
82028	Élie	Élie				"oncle de Guillaume de Loupsault"		Paris_AN_JJ_inventaire_JJ37-50_index.xlsx#d1e204392																						
82029	"Élie (frère)"	"Élie (frère)"				"prieur de Tusson"		Paris_AN_JJ_inventaire_JJ37-50_index.xlsx#d1e204407																						
82031	"Alice de Monasteriis"	"Alice de Monasteriis"				"demoiselle, sa fille naturelle"		Paris_AN_JJ_inventaire_JJ37-50_index.xlsx#d1e136298																						
82032	"Élie d'Aspas"	"Élie d'Aspas"				"chanoine de Saint-Astier"		Paris_AN_JJ_inventaire_JJ37-50_index.xlsx#d1e204478																						
82033	"Élie de Batseube"	"Élie de Batseube"						Paris_AN_JJ_inventaire_JJ37-50_index.xlsx#d1e204493																						
82034	"Élie de Beyssac"	"Élie de Beyssac"				"chevalier du roi"		Paris_AN_JJ_inventaire_JJ37-50_index.xlsx#d1e204508																						
82035	"Élie de Blaignac"	"Élie de Blaignac"				"écuyer, seigneur de Saint-Front-de-Pradoux"		Paris_AN_JJ_inventaire_JJ37-50_index.xlsx#d1e204523																						
82036	"Élie de Cambignaco"	"Élie de Cambignaco"						Paris_AN_JJ_inventaire_JJ37-50_index.xlsx#d1e204538																						
82037	"Élie de Gaudin"	"Élie de Gaudin"				"de la paroisse de Marsilly"		Paris_AN_JJ_inventaire_JJ37-50_index.xlsx#d1e204554																						
82038	"Élie de Girennia"	"Élie de Girennia"				"clerc, procureur des évêque et chapitre d'Angoulême"		Paris_AN_JJ_inventaire_JJ37-50_index.xlsx#d1e204569																						
82039	"Élie de La Faye"	"Élie de La Faye"						Paris_AN_JJ_inventaire_JJ37-50_index.xlsx#d1e204580																						
82040	"Élie de Loupsault"	"Élie de Loupsault"				"frère de Guillaume de Loupsault"		Paris_AN_JJ_inventaire_JJ37-50_index.xlsx#d1e204607																						
82041	"Élie de Maumont (Me)"	"Élie de Maumont (Me)"				"jadis clerc du roi"		Paris_AN_JJ_inventaire_JJ37-50_index.xlsx#d1e204622																						
82042	"Avise de Mons"	"Avise de Mons"		Avise|Alice		"Avise de Mons, seconde femme d'Enguerrand de Marigny"		Paris_AN_JJ_inventaire_JJ37-50_index.xlsx#d1e136313																						
82043	"Élie de Pujean"	"Élie de Pujean"						Paris_AN_JJ_inventaire_JJ37-50_index.xlsx#d1e204637																						
82044	"Élie de Saint-Astier"	"Élie de Saint-Astier"				"donzel de Lisle"		Paris_AN_JJ_inventaire_JJ37-50_index.xlsx#d1e204653																						
82045	"Élie de Saint-Dizier"	"Élie de Saint-Dizier"				banni		Paris_AN_JJ_inventaire_JJ37-50_index.xlsx#d1e204668																						
82046	"Élie de Sainte-Croix"	"Élie de Sainte-Croix"				"marchand de chevaux à Saint-Jean-d'Angély"		Paris_AN_JJ_inventaire_JJ37-50_index.xlsx#d1e204683																						
82047	"Élie de Vaux"	"Élie de Vaux"		Élie		"verdier de la forêt de Vernon"		Paris_AN_JJ_inventaire_JJ37-50_index.xlsx#d1e204698|Paris_AN_JJ_inventaire_JJ37-50_index.xlsx#d1e204422																						
82048	"Élie d'Homagenaville"	"Élie d'Homagenaville"						Paris_AN_JJ_inventaire_JJ37-50_index.xlsx#d1e204716																						
82049	"Élie d'Orly (Me)"	"Élie d'Orly (Me)"						Paris_AN_JJ_inventaire_JJ37-50_index.xlsx#d1e204731																						
82050	"Élie Talleyrand"	"Élie Talleyrand"						Paris_AN_JJ_inventaire_JJ37-50_index.xlsx#d1e204814																						
82051	Élisabeth	Élisabeth						Paris_AN_JJ_inventaire_JJ37-50_index.xlsx#d1e204859																						
82052	Élisabeth	Élisabeth				"femme de Nicolas V, seigneur de Rumigny et de Château-Porcien, et dame desdits lieux"		Paris_AN_JJ_inventaire_JJ37-50_index.xlsx#d1e204870																						
82053	"Alice de Montaigu"	"Alice de Montaigu"		"Aelipdis de Monte Acuto"		"femme de Guillaume de Joigny"		Paris_AN_JJ_inventaire_JJ37-50_index.xlsx#d1e136340|Paris_AN_JJ_inventaire_JJ37-50_index.xlsx#d1e133139																						
82054	"Élisabeth de Vermandois"	"Élisabeth de Vermandois"				"femme de Guillaume II, comte de Varenne"		Paris_AN_JJ_inventaire_JJ37-50_index.xlsx#d1e204885																						
82055	Élisiard	Élisiard				"évêque de Paris"		Paris_AN_JJ_inventaire_JJ37-50_index.xlsx#d1e204916																						
82057	"Embry (Me Arnaud)"	"Embry (Me Arnaud)"				"de Villespy, notaire"		Paris_AN_JJ_inventaire_JJ37-50_index.xlsx#d1e204996																						
82058	Émeline	Émeline				"femme de Guerri d'Effry"		Paris_AN_JJ_inventaire_JJ37-50_index.xlsx#d1e205011																						
82059	Émeline	Émeline				"femme de Pierre le Maire"		Paris_AN_JJ_inventaire_JJ37-50_index.xlsx#d1e205026																						
82060	"Émeline de Moret"	"Émeline de Moret"				"prieure de l'Hôtel-Dieu de Vernon"		Paris_AN_JJ_inventaire_JJ37-50_index.xlsx#d1e205041																						
82061	"Émeline de Passy"	"Émeline de Passy"				"jadis bourgeoise royale de Paris, ses héritiers"		Paris_AN_JJ_inventaire_JJ37-50_index.xlsx#d1e205056																						
82063	Emma	Emma				"comtesse d'Alençon, dame de Montmorency et de Laval"		Paris_AN_JJ_inventaire_JJ37-50_index.xlsx#d1e205101																						
82065	Emma	Emma				"veuve d'Osbern de Crépon"		Paris_AN_JJ_inventaire_JJ37-50_index.xlsx#d1e205116																						
82066	Emmeline	Emmeline				"femme du vicomte Gosselin"		Paris_AN_JJ_inventaire_JJ37-50_index.xlsx#d1e205131																						
82067	Emon	Emon				"doyen de Saint-Quentin"		Paris_AN_JJ_inventaire_JJ37-50_index.xlsx#d1e205146																						
82069	"Engot (Pierre)"	"Engot (Pierre)"				"sergent du roi à Niort"		Paris_AN_JJ_inventaire_JJ37-50_index.xlsx#d1e205232																						
82070	Enguerrand	Enguerrand				"fils d'Enguerrand V de Guînes"		Paris_AN_JJ_inventaire_JJ37-50_index.xlsx#d1e205247																						
82071	Enguerrand	Enguerrand				"neveu d'Enguerrand IV, sire de Coucy"		Paris_AN_JJ_inventaire_JJ37-50_index.xlsx#d1e205262																						
82072	Enguerrand	Enguerrand				"seigneur de Licques"		Paris_AN_JJ_inventaire_JJ37-50_index.xlsx#d1e205273																						
82073	Enguerrand	Enguerrand				"seigneur de Marigny"		Paris_AN_JJ_inventaire_JJ37-50_index.xlsx#d1e205285																						
82074	"Enguerrand IV"	"Enguerrand IV"				"sire de Coucy, d'Oisy et de Montmirail"		Paris_AN_JJ_inventaire_JJ37-50_index.xlsx#d1e205296																						
82075	"Alice de Clermont"	"Alice de Clermont"		"Alice de Nesle"				Paris_AN_JJ_inventaire_JJ37-50_index.xlsx#d1e136363																						
82076	Enguerrand	Enguerrand				"sire de Coucy, père de Guillaume"		Paris_AN_JJ_inventaire_JJ37-50_index.xlsx#d1e205336																						
82077	"Enguerrand V de Guînes"	"Enguerrand V de Guînes"				chevalier		Paris_AN_JJ_inventaire_JJ37-50_index.xlsx#d1e205347																						
82078	"Enguerrand de Marigny"	"Enguerrand de Marigny"				"seigneur du lieu et de Mainneville, chevalier et chambellan du roi, dominus Inger(r)anus, dominus Marregnaci, Marreigniaci, Mar(r)igniaci, de Marregniaco, Marrigniaco"		Paris_AN_JJ_inventaire_JJ37-50_index.xlsx#d1e205386																						
82079	"Enguerrand de Tayri"	"Enguerrand de Tayri"				damoiseau		Paris_AN_JJ_inventaire_JJ37-50_index.xlsx#d1e205805																						
82080	"Enguilrand (Jacques)"	"Enguilrand (Jacques)"				"vice-viguier de Vallabrègues"		Paris_AN_JJ_inventaire_JJ37-50_index.xlsx#d1e205821																						
82081	"Enjorrand Becquet ou du Becquet"	"Enjorrand Becquet ou du Becquet"				"écuyer, seigneur du Plouy"		Paris_AN_JJ_inventaire_JJ37-50_index.xlsx#d1e205836																						
82085	"Éracle de Montboissier"	"Éracle de Montboissier"				damoiseau		Paris_AN_JJ_inventaire_JJ37-50_index.xlsx#d1e206311																						
82086	"Adam de Cerny"	"Adam de Cerny"						Paris_AN_JJ_inventaire_JJ37-50_index.xlsx#d1e132623																						
82087	"Alice de Prulay"	"Alice de Prulay"				"dame de Courteraie"		Paris_AN_JJ_inventaire_JJ37-50_index.xlsx#d1e136374																						
82088	"Érard de Bar"	"Érard de Bar"				chevalier		Paris_AN_JJ_inventaire_JJ37-50_index.xlsx#d1e206326																						
82089	"Érard (ou Gérard) de Chevresis"	"Érard (ou Gérard) de Chevresis"				"demeurant à Saint-Quentin"		Paris_AN_JJ_inventaire_JJ37-50_index.xlsx#d1e206345																						
82090	"Érard de Montmorency"	"Érard de Montmorency"				"chevalier, sire de Conflane-Sainte-Honorine, maître échanson de France"		Paris_AN_JJ_inventaire_JJ37-50_index.xlsx#d1e206360																						
82091	"Érard de Saint-Verain"	"Érard de Saint-Verain"						Paris_AN_JJ_inventaire_JJ37-50_index.xlsx#d1e206375																						
82092	"Érard de Thianges"	"Érard de Thianges"				"seigneur de Vallery, chevalier du roi"		Paris_AN_JJ_inventaire_JJ37-50_index.xlsx#d1e206390																						
82095	"Ermessinde de Clermont"	"Ermessinde de Clermont"				"femme de Perrin de l'Ile"		Paris_AN_JJ_inventaire_JJ37-50_index.xlsx#d1e206509																						
82096	Ermine	Ermine				"femme d'Oudard de Larbroye"		Paris_AN_JJ_inventaire_JJ37-50_index.xlsx#d1e206524																						
82097	"Ernaldus de Pampelune"	"Ernaldus de Pampelune"				"serviens Castelleti"	"Ernaud de Pampelune, sergent du Châtelet"	Paris_AN_JJ_inventaire_JJ37-50_index.xlsx#d1e206554																						
82099	Ernard	Ernard				"fils naturel d'Arnaud Maurin et de Bernarde"		Paris_AN_JJ_inventaire_JJ37-50_index.xlsx#d1e206570																						
82100	"Ernaud de Pampelune"	"Ernaud de Pampelune"				"sergent du Châtelet de Paris"		Paris_AN_JJ_inventaire_JJ37-50_index.xlsx#d1e206585																						
82101	"Ernoul d'Audenarde"	"Ernoul d'Audenarde"				"chevalier et baron de Flandre"		Paris_AN_JJ_inventaire_JJ37-50_index.xlsx#d1e206596																						
82102	"Ernoul de Diest"	"Ernoul de Diest"				"seigneur de Rumes"		Paris_AN_JJ_inventaire_JJ37-50_index.xlsx#d1e206619																						
82106	"Eschaudey (Pierre)"	"Eschaudey (Pierre)"				"forestier des bois du Fenouillèdes"		Paris_AN_JJ_inventaire_JJ37-50_index.xlsx#d1e206761																						
82109	Aliénor	Aliénor		Éléonore				Paris_AN_JJ_inventaire_JJ37-50_index.xlsx#d1e136404																						
82112	"Espineut (Perrot)"	"Espineut (Perrot)"				"ses filles"		Paris_AN_JJ_inventaire_JJ37-50_index.xlsx#d1e207047																						
82116	"Estage (Arnaud)"	"Estage (Arnaud)"				"lieutenant du viguier de Carcassonne"		Paris_AN_JJ_inventaire_JJ37-50_index.xlsx#d1e207231																						
82118	Estelle	Estelle				"femme de Bonisach de Lunel"		Paris_AN_JJ_inventaire_JJ37-50_index.xlsx#d1e207275																						
82121	"Estevenot de Valenciennes"	"Estevenot de Valenciennes"				écuyer		Paris_AN_JJ_inventaire_JJ37-50_index.xlsx#d1e207346																						
82122	Étienne	Étienne				"roi d'Angleterre"		Paris_AN_JJ_inventaire_JJ37-50_index.xlsx#d1e207690																						
82123	Étienne	Étienne				clerc		Paris_AN_JJ_inventaire_JJ37-50_index.xlsx#d1e207705																						
82124	Étienne	Étienne				"comte de Boulogne et de Mortain"		Paris_AN_JJ_inventaire_JJ37-50_index.xlsx#d1e207717																						
82125	"Étienne II"	"Étienne II"				"comte de Sancerre"		Paris_AN_JJ_inventaire_JJ37-50_index.xlsx#d1e207732																						
82126	Étienne	Étienne				"procureur de Cahors et d'autres communautés"		Paris_AN_JJ_inventaire_JJ37-50_index.xlsx#d1e207750																						
82127	Étienne	Étienne				"seigneur de Saligny"		Paris_AN_JJ_inventaire_JJ37-50_index.xlsx#d1e207761																						
82128	Étienne	Étienne				"seigneur d'Oiselay"		Paris_AN_JJ_inventaire_JJ37-50_index.xlsx#d1e207772																						
82129	Étienne	Étienne				"sire de Bienfaite"		Paris_AN_JJ_inventaire_JJ37-50_index.xlsx#d1e207787																						
82130	Étienne	Étienne				"vicomte de Mortain"		Paris_AN_JJ_inventaire_JJ37-50_index.xlsx#d1e207799																						
82131	Aliénor	Aliénor				"femme de Mathieu III, comte de Beaumont-sur-Oise"		Paris_AN_JJ_inventaire_JJ37-50_index.xlsx#d1e136427																						
82132	"Étienne d'Acre (Me)"	"Étienne d'Acre (Me)"				"jadis bourgeois royal de Paris"		Paris_AN_JJ_inventaire_JJ37-50_index.xlsx#d1e207870																						
82133	"Étienne de Anthoigniaco (Me)"	"Étienne de Anthoigniaco (Me)"				"collecteur des décimes biennales"		Paris_AN_JJ_inventaire_JJ37-50_index.xlsx#d1e207888																						
82134	"Étienne de Beaune"	"Étienne de Beaune"						Paris_AN_JJ_inventaire_JJ37-50_index.xlsx#d1e207899																						
82135	"Étienne de Bienfaite"	"Étienne de Bienfaite"				"sire du lieu, chevalier du roi"		Paris_AN_JJ_inventaire_JJ37-50_index.xlsx#d1e207914																						
82136	"Étienne de Blanquet"	"Étienne de Blanquet"				"clerc, notaire public royal"		Paris_AN_JJ_inventaire_JJ37-50_index.xlsx#d1e207953																						
82137	"Étienne de Blanzac"	"Étienne de Blanzac"				"baile de La Roque-Valzergue"		Paris_AN_JJ_inventaire_JJ37-50_index.xlsx#d1e207968																						
82138	"Étienne de Borest (Me)"	"Étienne de Borest (Me)"				"clerc du roi, sous-doyen de Poitiers, chanoine de Paris"		Paris_AN_JJ_inventaire_JJ37-50_index.xlsx#d1e207984																						
82139	"Étienne de Chassenay"	"Étienne de Chassenay"				"chevalier du roi"		Paris_AN_JJ_inventaire_JJ37-50_index.xlsx#d1e208010																						
82140	"Étienne de Compiègne"	"Étienne de Compiègne"				"chevalier du roi"		Paris_AN_JJ_inventaire_JJ37-50_index.xlsx#d1e208028																						
82141	"Étienne de Cormeilles"	"Étienne de Cormeilles"				"bourgeois royal de Paris"		Paris_AN_JJ_inventaire_JJ37-50_index.xlsx#d1e208049																						
82142	"Aliénor d'Angleterre"	"Aliénor d'Angleterre"		Aliénor		"comtesse de Leicester"		Paris_AN_JJ_inventaire_JJ37-50_index.xlsx#d1e136442|Paris_AN_JJ_inventaire_JJ37-50_index.xlsx#d1e136415																						
82143	"Étienne de Cossaco"	"Étienne de Cossaco"				notaire		Paris_AN_JJ_inventaire_JJ37-50_index.xlsx#d1e208067																						
82144	"Étienne de Faye"	"Étienne de Faye"				"bourgeois de La Rochelle"		Paris_AN_JJ_inventaire_JJ37-50_index.xlsx#d1e208082																						
82145	"Étienne de Ferrières"	"Étienne de Ferrières"				"clerc du roi"		Paris_AN_JJ_inventaire_JJ37-50_index.xlsx#d1e208098																						
82146	"Étienne de Florac"	"Étienne de Florac"				"garde du sceau royal à Châtillon-sur-Indre"		Paris_AN_JJ_inventaire_JJ37-50_index.xlsx#d1e208116																						
82147	"Étienne de Fontanis"	"Étienne de Fontanis"				chevalier		Paris_AN_JJ_inventaire_JJ37-50_index.xlsx#d1e208131																						
82148	"Étienne de Gasny"	"Étienne de Gasny"				"curateur, neveu et héritier proche de Nicolas le Tourain"		Paris_AN_JJ_inventaire_JJ37-50_index.xlsx#d1e208146																						
82149	"Étienne de Lahia"	"Étienne de Lahia"				"guette du roi"		Paris_AN_JJ_inventaire_JJ37-50_index.xlsx#d1e208164																						
82150	"Étienne de Méry"	"Étienne de Méry"				"clerc, garde du sceau de la prévôté de Méry-sur-Seine"		Paris_AN_JJ_inventaire_JJ37-50_index.xlsx#d1e208179																						
82151	"Étienne de Monguion"	"Étienne de Monguion"						Paris_AN_JJ_inventaire_JJ37-50_index.xlsx#d1e208195																						
82152	"Étienne de Montargis"	"Étienne de Montargis"				"garde du sceau de la prévôté de Grez-sur-Loing"		Paris_AN_JJ_inventaire_JJ37-50_index.xlsx#d1e208210																						
82153	"Aliénor d'Aquitaine"	"Aliénor d'Aquitaine"				"reine d'Angleterre"		Paris_AN_JJ_inventaire_JJ37-50_index.xlsx#d1e136460																						
82154	"Étienne de Montpezat"	"Étienne de Montpezat"				donzel		Paris_AN_JJ_inventaire_JJ37-50_index.xlsx#d1e208225																						
82155	"Étienne de Moret"	"Étienne de Moret"				"clerc, étudiant à Paris"		Paris_AN_JJ_inventaire_JJ37-50_index.xlsx#d1e208240																						
82156	"Étienne de Nerestang"	"Étienne de Nerestang"				"sergent d'armes du roi"		Paris_AN_JJ_inventaire_JJ37-50_index.xlsx#d1e208255																						
82157	"Étienne de Praelles"	"Étienne de Praelles"				"de la paroisse de Treilles-en-Gâtinais"		Paris_AN_JJ_inventaire_JJ37-50_index.xlsx#d1e208270																						
82158	"Étienne de Saint-Mesmin"	"Étienne de Saint-Mesmin"				"receveur des deniers des inventaires des biens juifs dans le bailliage d'Orléans"		Paris_AN_JJ_inventaire_JJ37-50_index.xlsx#d1e208286																						
82159	"Étienne de Sery"	"Étienne de Sery"				chevalier		Paris_AN_JJ_inventaire_JJ37-50_index.xlsx#d1e208301																						
82160	"Étienne de Suzy"	"Étienne de Suzy"				"cardinal-prêtre de Saint-Cyriaque in Termis"		Paris_AN_JJ_inventaire_JJ37-50_index.xlsx#d1e208316																						
82161	"Étienne de Vaites"	"Étienne de Vaites"						Paris_AN_JJ_inventaire_JJ37-50_index.xlsx#d1e208337																						
82162	"Étienne de Valenciennes"	"Étienne de Valenciennes"				Parisien		Paris_AN_JJ_inventaire_JJ37-50_index.xlsx#d1e208352																						
82163	"Étienne de Vievre"	"Étienne de Vievre"				vavasseur		Paris_AN_JJ_inventaire_JJ37-50_index.xlsx#d1e208378																						
82164	"Aliénor de Montfort"	"Aliénor de Montfort"						Paris_AN_JJ_inventaire_JJ37-50_index.xlsx#d1e136475																						
82165	"Étienne de Vitry"	"Étienne de Vitry"				"bourgeois royal de Paris"		Paris_AN_JJ_inventaire_JJ37-50_index.xlsx#d1e208394																						
82166	"Étienne de Viviers (héritiers d')"	"Étienne de Viviers (héritiers d')"						Paris_AN_JJ_inventaire_JJ37-50_index.xlsx#d1e208415																						
82167	"Étienne d'Oiselay"	"Étienne d'Oiselay"				"dit l'Oncle"		Paris_AN_JJ_inventaire_JJ37-50_index.xlsx#d1e208430																						
82168	"Étienne du Pin"	"Étienne du Pin"				"dit Guedin, vavasseur"		Paris_AN_JJ_inventaire_JJ37-50_index.xlsx#d1e208445																						
82169	"Étienne du Port"	"Étienne du Port"				"écuyer, demeurant près de Lagny-sur-Marne"		Paris_AN_JJ_inventaire_JJ37-50_index.xlsx#d1e208460																						
82171	Eude	Eude				"femme de Mathieu Buridan, maîtresse de l'hôpital fondé à Saint-Quentin"		Paris_AN_JJ_inventaire_JJ37-50_index.xlsx#d1e208756																						
82172	Eudeline	Eudeline				"femme de Guillaume de Trie, bourgeoise royale de Paris"		Paris_AN_JJ_inventaire_JJ37-50_index.xlsx#d1e208777																						
82173	Eudeline	Eudeline				"femme de Jean Boileau"		Paris_AN_JJ_inventaire_JJ37-50_index.xlsx#d1e208792																						
82174	Eudeline	Eudeline				"femme de Jean de Saint-Germain-Laxis"		Paris_AN_JJ_inventaire_JJ37-50_index.xlsx#d1e208808																						
82175	"Salomon Aliézer"	"Salomon Aliézer"				juif		Paris_AN_JJ_inventaire_JJ37-50_index.xlsx#d1e136508																						
82176	Eudeline	Eudeline				"femme de Jean le Cordonnier"		Paris_AN_JJ_inventaire_JJ37-50_index.xlsx#d1e208823																						
82177	Eudeline	Eudeline				"femme de Pierre Adounart ou Adourardi, serve de l'abbaye de Saint-Denis-en-France, ses enfants"		Paris_AN_JJ_inventaire_JJ37-50_index.xlsx#d1e208838																						
82178	"Eudeline de Noisy"	"Eudeline de Noisy"				"femme de Jean Travaille"		Paris_AN_JJ_inventaire_JJ37-50_index.xlsx#d1e208856																						
82179	Eudes	Eudes				"curé de Gondreville"		Paris_AN_JJ_inventaire_JJ37-50_index.xlsx#d1e208871																						
82180	Eudes	Eudes				"seigneur de Montaigu"		Paris_AN_JJ_inventaire_JJ37-50_index.xlsx#d1e208886																						
82181	"Eudes de Chagrin"	"Eudes de Chagrin"				"clerc du roi, commissaire aux affaires du roi en la sénéch. de Quercy"		Paris_AN_JJ_inventaire_JJ37-50_index.xlsx#d1e208898																						
82182	"Eudes de Grancey"	"Eudes de Grancey"				"chevalier du roi"		Paris_AN_JJ_inventaire_JJ37-50_index.xlsx#d1e208913																						
82183	"Eudes de Montaigu"	"Eudes de Montaigu"						Paris_AN_JJ_inventaire_JJ37-50_index.xlsx#d1e208928																						
82184	Eustache	Eustache				"évêque d'Ely, chancelier du roi d'Angleterre"		Paris_AN_JJ_inventaire_JJ37-50_index.xlsx#d1e209007																						
82185	Eustache	Eustache				"(jadis) seigneur de Montaigu, damoiseau"		Paris_AN_JJ_inventaire_JJ37-50_index.xlsx#d1e209022																						
82187	Eustache	Eustache				"seigneur de Vertain, écuyer"		Paris_AN_JJ_inventaire_JJ37-50_index.xlsx#d1e209037																						
82188	"Eustache de Beaumarchais"	"Eustache de Beaumarchais"				"jadis chevalier"		Paris_AN_JJ_inventaire_JJ37-50_index.xlsx#d1e209052																						
82189	"Eustache de Bientques"	"Eustache de Bientques"				"notaire de la Cour de Thérouanne"		Paris_AN_JJ_inventaire_JJ37-50_index.xlsx#d1e209067																						
82190	"Eustache de Conflans"	"Eustache de Conflans"				"chanoine de Reims, seigneur de Somme-Vesle"		Paris_AN_JJ_inventaire_JJ37-50_index.xlsx#d1e209083																						
82191	"Eustache III de Conflans"	"Eustache III de Conflans"				"seigneur de Mareuil-en-Brie, écuyer, puis chevalier"		Paris_AN_JJ_inventaire_JJ37-50_index.xlsx#d1e209098																						
82192	"Eustache de Contremoulins"	"Eustache de Contremoulins"						Paris_AN_JJ_inventaire_JJ37-50_index.xlsx#d1e209113																						
82193	"Eustache de La Halle"	"Eustache de La Halle"				"prieur de Saint-Maurice de Senlis"		Paris_AN_JJ_inventaire_JJ37-50_index.xlsx#d1e209128																						
82194	"Eustache de Lévis"	"Eustache de Lévis"				"donzel, seigneur de Florensac"		Paris_AN_JJ_inventaire_JJ37-50_index.xlsx#d1e209143																						
82195	"Eustache III de Montboissier"	"Eustache III de Montboissier"				"jadis seigneur du lieu et chevalier"		Paris_AN_JJ_inventaire_JJ37-50_index.xlsx#d1e209158																						
82196	"Eustache IV de Montboissier"	"Eustache IV de Montboissier"				"chevalier, fils et héritier du précédent"		Paris_AN_JJ_inventaire_JJ37-50_index.xlsx#d1e209174																						
82197	"Adam de Crécy"	"Adam de Crécy"				"abbé de Prémontré"		Paris_AN_JJ_inventaire_JJ37-50_index.xlsx#d1e132638																						
82199	"Eustache de Saint-Babel"	"Eustache de Saint-Babel"				chevalier		Paris_AN_JJ_inventaire_JJ37-50_index.xlsx#d1e209189																						
82200	Eustachie	Eustachie				"femme de Raoul de Préaux"		Paris_AN_JJ_inventaire_JJ37-50_index.xlsx#d1e209226																						
82201	Eustachie	Eustachie				"fille aînée et héritière de feu Gui, vicomte de Comborn"		Paris_AN_JJ_inventaire_JJ37-50_index.xlsx#d1e209244																						
82202	Évrard	Évrard				"écuyer, fils de Marguerite de Durnay"		Paris_AN_JJ_inventaire_JJ37-50_index.xlsx#d1e209271																						
82203	"Évrard (Pierre)"	"Évrard (Pierre)"				"bourgeois royal de Paris"		Paris_AN_JJ_inventaire_JJ37-50_index.xlsx#d1e209286																						
82204	"Évrardin de Monasterio (ou peut-être mieux"	"Évrardin de Monasterio (ou peut-être mieux"				"de Monte), écuyer"		Paris_AN_JJ_inventaire_JJ37-50_index.xlsx#d1e209307																						
82207	"Fabre (Aimeri)"	"Fabre (Aimeri)"				"notaire du roi"		Paris_AN_JJ_inventaire_JJ37-50_index.xlsx#d1e209751																						
82208	"Fabre (Arnaud)"	"Fabre (Arnaud)"						Paris_AN_JJ_inventaire_JJ37-50_index.xlsx#d1e209766																						
82209	"Gherardo Allodieri"	"Gherardo Allodieri"				"de Florence"		Paris_AN_JJ_inventaire_JJ37-50_index.xlsx#d1e136645																						
82210	"Fabre (Guilhem)"	"Fabre (Guilhem)"				"boucher de Saint-Antonin"		Paris_AN_JJ_inventaire_JJ37-50_index.xlsx#d1e209812																						
82211	"Fabre (Jean)"	"Fabre (Jean)"				"baile de Meynes"		Paris_AN_JJ_inventaire_JJ37-50_index.xlsx#d1e209842																						
82212	"Fabre (Pons)"	"Fabre (Pons)"				"citoyen de Nîmes, commissaire de l'affaire des juifs à Nîmes"		Paris_AN_JJ_inventaire_JJ37-50_index.xlsx#d1e209857																						
82213	"Fabre (Pons)"	"Fabre (Pons)"				"viguier de Pamiers"		Paris_AN_JJ_inventaire_JJ37-50_index.xlsx#d1e209872																						
82214	"Fabre (Raimond)"	"Fabre (Raimond)"				"de Lissac, notaire public de Toulouse"		Paris_AN_JJ_inventaire_JJ37-50_index.xlsx#d1e209887																						
82215	"Fabri (Ademarus)"	"Fabri (Ademarus)"				procurator	"Aimar Faure"	Paris_AN_JJ_inventaire_JJ37-50_index.xlsx#d1e209903																						
82216	"Fabri (Gaillardus)"	"Fabri (Gaillardus)"						Paris_AN_JJ_inventaire_JJ37-50_index.xlsx#d1e209918																						
82219	"Falcanas (Mossé)"	"Falcanas (Mossé)"				juif		Paris_AN_JJ_inventaire_JJ37-50_index.xlsx#d1e210090																						
82220	Alon	Alon		Alo		"dominus Montis Maurilii, miles, procurator plurium nobilium (Alon, seigneur de Montmoreau)"		Paris_AN_JJ_inventaire_JJ37-50_index.xlsx#d1e136749																						
82222	"Faliet (Ansello)"	"Faliet (Ansello)"				"d'Alba, demeurant en Champagne"		Paris_AN_JJ_inventaire_JJ37-50_index.xlsx#d1e210171																						
82225	"Fanjeaux (Jacques)"	"Fanjeaux (Jacques)"				"hôtelier de Carcassonne"		Paris_AN_JJ_inventaire_JJ37-50_index.xlsx#d1e210243																						
82226	"Fanreux? (Pierre)"	"Fanreux? (Pierre)"				"consul du château de Peyrusse-le-Roc"		Paris_AN_JJ_inventaire_JJ37-50_index.xlsx#d1e210259																						
82227	"Fareu (Hugues)"	"Fareu (Hugues)"				clerc		Paris_AN_JJ_inventaire_JJ37-50_index.xlsx#d1e210352																						
82229	Fastroi	Fastroi				"fils de Gilles, seigneur de Berlaimont"		Paris_AN_JJ_inventaire_JJ37-50_index.xlsx#d1e210385																						
82230	"Fauconnier (Jean ou Jeannot)"	"Fauconnier (Jean ou Jeannot)"				"écuyer, demeurant à Puiselet-le-Marais"		Paris_AN_JJ_inventaire_JJ37-50_index.xlsx#d1e210465																						
82231	"Alodet de Soyries"	"Alodet de Soyries"		"Alauzet Soinez"		"sergent royal à Toulouse"	"corr. Alauzet ou Alodet de Soyries"	Paris_AN_JJ_inventaire_JJ37-50_index.xlsx#d1e136764|Paris_AN_JJ_inventaire_JJ37-50_index.xlsx#d1e375026																						
82232	"Faure (Eustache)"	"Faure (Eustache)"						Paris_AN_JJ_inventaire_JJ37-50_index.xlsx#d1e210481																						
82233	"Faure (Gaillard)"	"Faure (Gaillard)"				"Gaillardus Fabri, consul de Montauban"		Paris_AN_JJ_inventaire_JJ37-50_index.xlsx#d1e210496																						
82234	"Faure (Me Guillaume)"	"Faure (Me Guillaume)"				"clerc du roi, avocat du roi dans la sénéchaussée de Saintonge"		Paris_AN_JJ_inventaire_JJ37-50_index.xlsx#d1e210523																						
82235	"Faure (Pierre)"	"Faure (Pierre)"				"consul de Port-Sainte-Marie"		Paris_AN_JJ_inventaire_JJ37-50_index.xlsx#d1e210538																						
82236	"Fauveau (Pierre)"	"Fauveau (Pierre)"				"chanoine de Nevers, clerc du roi et son receveur dans le comté de Nivernais et la baronnie de Donzy"		Paris_AN_JJ_inventaire_JJ37-50_index.xlsx#d1e210568																						
82237	"Fauvel (Roger)"	"Fauvel (Roger)"				"de Saint-Saëns"		Paris_AN_JJ_inventaire_JJ37-50_index.xlsx#d1e210584																						
82239	"Favier (Jean)"	"Favier (Jean)"						Paris_AN_JJ_inventaire_JJ37-50_index.xlsx#d1e210649																						
82241	"Faye (Guilhem)"	"Faye (Guilhem)"						Paris_AN_JJ_inventaire_JJ37-50_index.xlsx#d1e210812																						
82242	Alon	Alon		Alo		"seigneur de Montmoreau"		Paris_AN_JJ_inventaire_JJ37-50_index.xlsx#d1e136776																						
82244	"Jacques Faysandi de Villanis"	"Jacques Faysandi de Villanis"						Paris_AN_JJ_inventaire_JJ37-50_index.xlsx#d1e210899																						
82245	Félicité	Félicité				"femme de Geoffroi III, seigneur de Château-Porcien"		Paris_AN_JJ_inventaire_JJ37-50_index.xlsx#d1e210952																						
82247	"Félix (Pierre)"	"Félix (Pierre)"				"courtier public de la cité de Nîmes"		Paris_AN_JJ_inventaire_JJ37-50_index.xlsx#d1e210996																						
82248	"Férard (Pierre)"	"Férard (Pierre)"						Paris_AN_JJ_inventaire_JJ37-50_index.xlsx#d1e211170																						
82249	"Féraud (Sanche-Garsie)"	"Féraud (Sanche-Garsie)"				"prévôt de La Réole"		Paris_AN_JJ_inventaire_JJ37-50_index.xlsx#d1e211185																						
82251	"Ferdinand IV"	"Ferdinand IV"				"roi de Castille"		Paris_AN_JJ_inventaire_JJ37-50_index.xlsx#d1e211237																						
82252	"Ferdinand II de La Cerda"	"Ferdinand II de La Cerda"						Paris_AN_JJ_inventaire_JJ37-50_index.xlsx#d1e211252																						
82253	"Alphonse de La Cerda"	"Alphonse de La Cerda"						Paris_AN_JJ_inventaire_JJ37-50_index.xlsx#d1e136802																						
82256	"Ferrand (Sanche-Garsie)"	"Ferrand (Sanche-Garsie)"						Paris_AN_JJ_inventaire_JJ37-50_index.xlsx#d1e211386																						
82257	"Ferre (Gui)"	"Ferre (Gui)"				"chevalier anglais"		Paris_AN_JJ_inventaire_JJ37-50_index.xlsx#d1e211409																						
82258	"Ferri IV"	"Ferri IV"				"duc de Lorraine"		Paris_AN_JJ_inventaire_JJ37-50_index.xlsx#d1e211496																						
82259	Ferri	Ferri				"Ferry de Denisy"		Paris_AN_JJ_inventaire_JJ37-50_index.xlsx#d1e211511																						
82260	"Ferri de Voulangis"	"Ferri de Voulangis"				écuyer		Paris_AN_JJ_inventaire_JJ37-50_index.xlsx#d1e211526																						
82261	"Ferrier (Jacques)"	"Ferrier (Jacques)"				"de Villefranche-de-Rouergue"		Paris_AN_JJ_inventaire_JJ37-50_index.xlsx#d1e211564																						
82264	"Alphonse de Poitiers"	"Alphonse de Poitiers"				"comte de Poitiers et de Toulouse"		Paris_AN_JJ_inventaire_JJ37-50_index.xlsx#d1e136817																						
82266	Ferry	Ferry						Paris_AN_JJ_inventaire_JJ37-50_index.xlsx#d1e211704																						
82268	"Fessac (Jean)"	"Fessac (Jean)"				"bourgeois de La Rochelle"		Paris_AN_JJ_inventaire_JJ37-50_index.xlsx#d1e212024																						
82269	"Fessard (Renaud)"	"Fessard (Renaud)"				"de la paroisse de Sceaux-du-Gâtinais"		Paris_AN_JJ_inventaire_JJ37-50_index.xlsx#d1e212047																						
82270	"Festu (Jean)"	"Festu (Jean)"				"bourgeois de Moret-sur-Loing, bourgeois du roi, fourrier du roi"		Paris_AN_JJ_inventaire_JJ37-50_index.xlsx#d1e212063																						
82271	"Festu (Simon)"	"Festu (Simon)"				"clerc et trésorier du roi, archidiacre de Vendôme, évèque de Meaux"		Paris_AN_JJ_inventaire_JJ37-50_index.xlsx#d1e212078																						
82272	"Fichon (Jean)"	"Fichon (Jean)"				"fils du suivant"		Paris_AN_JJ_inventaire_JJ37-50_index.xlsx#d1e212180																						
82273	"Fichon (Richard)"	"Fichon (Richard)"				"archer du Roi"		Paris_AN_JJ_inventaire_JJ37-50_index.xlsx#d1e212195																						
82274	"Fils (Le)"	"Fils (Le)"						Paris_AN_JJ_inventaire_JJ37-50_index.xlsx#d1e212524																						
82275	"Alphonse de Rouvroy"	"Alphonse de Rouvroy"				"chevalier du roi, sénéchal de Carcassonne et Béziers"		Paris_AN_JJ_inventaire_JJ37-50_index.xlsx#d1e136848																						
82276	"Fils Cosset (Mathieu)"	"Fils Cosset (Mathieu)"				"corr. Fils Sohier"		Paris_AN_JJ_inventaire_JJ37-50_index.xlsx#d1e212535																						
82277	"Fils-Hugues (Olivier)"	"Fils-Hugues (Olivier)"						Paris_AN_JJ_inventaire_JJ37-50_index.xlsx#d1e212550																						
82278	"Fils-Merri (Guillemot)"	"Fils-Merri (Guillemot)"				"de Coulanges-la-Vineuse"		Paris_AN_JJ_inventaire_JJ37-50_index.xlsx#d1e212566																						
82279	"Fils Sohier (Mathieu)"	"Fils Sohier (Mathieu)"				"bourgeois de Gand, ses héritiers"		Paris_AN_JJ_inventaire_JJ37-50_index.xlsx#d1e212581																						
82281	"Fini da Figline (Baldo)"	"Fini da Figline (Baldo)"				"marchand de Florence"		Paris_AN_JJ_inventaire_JJ37-50_index.xlsx#d1e212622																						
82282	"Fini da Figline (Ranieri"	"Fini da Figline (Ranieri"				"Schiattino), marchands, frères du précédent"		Paris_AN_JJ_inventaire_JJ37-50_index.xlsx#d1e212653																						
82283	"Firmin (Guilhem)"	"Firmin (Guilhem)"				"fils d'Honoré Firmin"		Paris_AN_JJ_inventaire_JJ37-50_index.xlsx#d1e212669																						
82284	"Firmin (Honoré)"	"Firmin (Honoré)"				"de Vézénobres"		Paris_AN_JJ_inventaire_JJ37-50_index.xlsx#d1e212684																						
82285	"Firmin de Cocquerel"	"Firmin de Cocquerel"						Paris_AN_JJ_inventaire_JJ37-50_index.xlsx#d1e212711																						
82286	Aluïs	Aluïs				"femme d'Henri de La Rousselière"		Paris_AN_JJ_inventaire_JJ37-50_index.xlsx#d1e136866																						
82287	"Fitz-Payne (Robert)"	"Fitz-Payne (Robert)"				"sénéchal de l'hôtel du roi d'Angleterre"		Paris_AN_JJ_inventaire_JJ37-50_index.xlsx#d1e212811																						
82288	"Flajolet (Guillaume)"	"Flajolet (Guillaume)"				"souffleur de la cuisine du roi"		Paris_AN_JJ_inventaire_JJ37-50_index.xlsx#d1e212856																						
82290	"Flamenc (Gui)"	"Flamenc (Gui)"				chevalier		Paris_AN_JJ_inventaire_JJ37-50_index.xlsx#d1e212927																						
82294	"Fleuri de La Porte"	"Fleuri de La Porte"				"clerc de Noyon"		Paris_AN_JJ_inventaire_JJ37-50_index.xlsx#d1e213573																						
82296	"Fleury (Guillaume)"	"Fleury (Guillaume)"				"prévôt royal de Saint-Jean-d'Angély"		Paris_AN_JJ_inventaire_JJ37-50_index.xlsx#d1e213658																						
82297	Aluïs	Aluïs				"fille de Perrot Espineut"		Paris_AN_JJ_inventaire_JJ37-50_index.xlsx#d1e136882																						
82298	Florence	Florence				"fille de Baudouin de Rouy"		Paris_AN_JJ_inventaire_JJ37-50_index.xlsx#d1e213784																						
82300	"Florent ou Florentin (Gui)"	"Florent ou Florentin (Gui)"				"trésorier du roi"		Paris_AN_JJ_inventaire_JJ37-50_index.xlsx#d1e213835																						
82301	"Florent de Laboissière"	"Florent de Laboissière"				"chanoine de Notre-Dame de Noyon"		Paris_AN_JJ_inventaire_JJ37-50_index.xlsx#d1e213862																						
82302	"Florent de Roye (Me)"	"Florent de Roye (Me)"						Paris_AN_JJ_inventaire_JJ37-50_index.xlsx#d1e213893																						
82303	"Florentin (Gui)"	"Florentin (Gui)"						Paris_AN_JJ_inventaire_JJ37-50_index.xlsx#d1e213908																						
82304	Florimonde	Florimonde				"femme de Bernard Jourdanne"		Paris_AN_JJ_inventaire_JJ37-50_index.xlsx#d1e213919																						
82305	"Flote (Géraud)"	"Flote (Géraud)"				"sénéchal de Périgord et Quercy"		Paris_AN_JJ_inventaire_JJ37-50_index.xlsx#d1e213934																						
82306	"Flote (Guillaume)"	"Flote (Guillaume)"				"seigneur de Ravel, fils de feu Pierre Flote"		Paris_AN_JJ_inventaire_JJ37-50_index.xlsx#d1e213949																						
82307	"Foison (Pierre)"	"Foison (Pierre)"				chevalier		Paris_AN_JJ_inventaire_JJ37-50_index.xlsx#d1e214037																						
82308	"Adam de Luquy"	"Adam de Luquy"				"jadis chevalier, ses fils"		Paris_AN_JJ_inventaire_JJ37-50_index.xlsx#d1e132653																						
82309	"Géraud Alvard"	"Géraud Alvard"				"consul de Fons"		Paris_AN_JJ_inventaire_JJ37-50_index.xlsx#d1e136897																						
82311	"Folcaud (Me Raimond)"	"Folcaud (Me Raimond)"				"de Villegailhenc, notaire public de la Cour royale et de la sénéchaussée de Carcassonne"		Paris_AN_JJ_inventaire_JJ37-50_index.xlsx#d1e214132																						
82312	"Folquey (Pierre et Élie)"	"Folquey (Pierre et Élie)"				"de Montagrier"		Paris_AN_JJ_inventaire_JJ37-50_index.xlsx#d1e214208																						
82313	"Fongelée (Jean)"	"Fongelée (Jean)"				"de Fontainebleau, aide de la Cuisine du roi"		Paris_AN_JJ_inventaire_JJ37-50_index.xlsx#d1e214247																						
82320	"Alvard de Blanquefort"	"Alvard de Blanquefort"				"sa fille"		Paris_AN_JJ_inventaire_JJ37-50_index.xlsx#d1e136912																						
82327	"Forese (Accorso di)"	"Forese (Accorso di)"						Paris_AN_JJ_inventaire_JJ37-50_index.xlsx#d1e215582																						
82330	"Forment (Jean)"	"Forment (Jean)"				"sergent de Gilles Aycelin, archevêque de Narbonne"		Paris_AN_JJ_inventaire_JJ37-50_index.xlsx#d1e215853																						
82331	Alvardus	Alvardus				procurator		Paris_AN_JJ_inventaire_JJ37-50_index.xlsx#d1e136927																						
82332	"Fornier (Jacques)"	"Fornier (Jacques)"				"abbé de Fontfroide"		Paris_AN_JJ_inventaire_JJ37-50_index.xlsx#d1e215895																						
82333	"Forrier de Verneuil"	"Forrier de Verneuil"				"jadis chevalier du roi"		Paris_AN_JJ_inventaire_JJ37-50_index.xlsx#d1e215910																						
82334	"Fortini de' Termini (ser Frutto)"	"Fortini de' Termini (ser Frutto)"						Paris_AN_JJ_inventaire_JJ37-50_index.xlsx#d1e215988																						
82339	"Foucard d'Armentières"	"Foucard d'Armentières"				"seigneur de Bonnes, ses héritiers"		Paris_AN_JJ_inventaire_JJ37-50_index.xlsx#d1e216109																						
82340	"Foucaud du Merle"	"Foucaud du Merle"				"seigneur du Merlerault, chevalier du roi, maréchal de France"		Paris_AN_JJ_inventaire_JJ37-50_index.xlsx#d1e216139																						
82341	"Foucher (Gui)"	"Foucher (Gui)"				"prieur de l'Ordre de Grandmont"		Paris_AN_JJ_inventaire_JJ37-50_index.xlsx#d1e216157																						
82343	"Foucher du Pérou (Me)"	"Foucher du Pérou (Me)"				"clerc de Pons"		Paris_AN_JJ_inventaire_JJ37-50_index.xlsx#d1e216173																						
82345	"Foulques (le fils)"	"Foulques (le fils)"						Paris_AN_JJ_inventaire_JJ37-50_index.xlsx#d1e216357																						
82346	Foulques	Foulques				"seigneur de Rigny"		Paris_AN_JJ_inventaire_JJ37-50_index.xlsx#d1e216368																						
82347	"Foulques de Mateflon"	"Foulques de Mateflon"				"chevalier du roi"		Paris_AN_JJ_inventaire_JJ37-50_index.xlsx#d1e216379																						
82348	"Foulques de Rigny"	"Foulques de Rigny"				"chevalier du roi, seigneur du lieu"		Paris_AN_JJ_inventaire_JJ37-50_index.xlsx#d1e216394																						
82349	"Foulques des Champs"	"Foulques des Champs"					"bourgeois de Gand"	Paris_AN_JJ_inventaire_JJ37-50_index.xlsx#d1e216418																						
82350	"Foulques de Soyries (Me) procureur du Roi dans les sénéch. de Périgord-et-Quercy"	"Foulques de Soyries (Me) procureur du Roi dans les sénéch. de Périgord-et-Quercy"						Paris_AN_JJ_inventaire_JJ37-50_index.xlsx#d1e216433																						
82351	"Foulques de Tournai"	"Foulques de Tournai"				"clerc du roi, juge mage de la sénéchaussée de Carcassonne et Béziers"		Paris_AN_JJ_inventaire_JJ37-50_index.xlsx#d1e216455																						
82353	"Bernard Amadour (Me)"	"Bernard Amadour (Me)"				"notaire de Lunel"		Paris_AN_JJ_inventaire_JJ37-50_index.xlsx#d1e136971																						
82355	"Fournier (Jean)"	"Fournier (Jean)"				chevalier		Paris_AN_JJ_inventaire_JJ37-50_index.xlsx#d1e216613																						
82358	"Fradet (Jean)"	"Fradet (Jean)"				"garde du sceau de la prévôté de Bourges"		Paris_AN_JJ_inventaire_JJ37-50_index.xlsx#d1e216711																						
82360	"Framboisier (Le)"	"Framboisier (Le)"						Paris_AN_JJ_inventaire_JJ37-50_index.xlsx#d1e216761																						
82363	"Francin (Me Pons)"	"Francin (Me Pons)"				notaire		Paris_AN_JJ_inventaire_JJ37-50_index.xlsx#d1e217322																						
82367	"François d'Haverskerque"	"François d'Haverskerque"		"Franciscus de Haveskerque|François|Franciscus"		"Franciscus de Haveskerque, chevalier, fils cadet de Jean, seigneur d'Haverskerque"		Paris_AN_JJ_inventaire_JJ37-50_index.xlsx#d1e217359|Paris_AN_JJ_inventaire_JJ37-50_index.xlsx#d1e217348|Paris_AN_JJ_inventaire_JJ37-50_index.xlsx#d1e217337																						
82369	"Frédeline (Jean)"	"Frédeline (Jean)"				"de Sens"		Paris_AN_JJ_inventaire_JJ37-50_index.xlsx#d1e217490																						
82370	"Frédéric II d'Aragon"	"Frédéric II d'Aragon"				"roi de Sicile"		Paris_AN_JJ_inventaire_JJ37-50_index.xlsx#d1e217506																						
82371	"Frédol (Bérenger)"	"Frédol (Bérenger)"				"cardinal-évêque de Tusculum, évêque de Béziers (Biterrensis cardinalis), ami spécial du roi"		Paris_AN_JJ_inventaire_JJ37-50_index.xlsx#d1e217524																						
82372	"Frédol (Pierre)"	"Frédol (Pierre)"				"neveu du précédent, seigneur de Lavérune, chevalier du roi"		Paris_AN_JJ_inventaire_JJ37-50_index.xlsx#d1e217551																						
82373	"Frédol III de Lautrec"	"Frédol III de Lautrec"				"donzel, seigneur, de Jannes, Vénès, Cheffouls et Saint-Laurent"		Paris_AN_JJ_inventaire_JJ37-50_index.xlsx#d1e217566																						
82374	"Frémin de Cocquerel"	"Frémin de Cocquerel"						Paris_AN_JJ_inventaire_JJ37-50_index.xlsx#d1e217612																						
82375	"Amanieu VII d'Albret"	"Amanieu VII d'Albret"				"sire du lieu, chevalier ou chevalier du roi"		Paris_AN_JJ_inventaire_JJ37-50_index.xlsx#d1e137003																						
82376	"Frepiers (Godefroi)"	"Frepiers (Godefroi)"				"garde du sceau de la prévôté de Château-Landon"		Paris_AN_JJ_inventaire_JJ37-50_index.xlsx#d1e217693																						
82377	"Frère (Jean)"	"Frère (Jean)"						Paris_AN_JJ_inventaire_JJ37-50_index.xlsx#d1e217708																						
82379	"Frétel (Thierri)"	"Frétel (Thierri)"				"de Sainte-Menehould"		Paris_AN_JJ_inventaire_JJ37-50_index.xlsx#d1e217938																						
82381	"Froment (Jean et Girard)"	"Froment (Jean et Girard)"				"frères, de Pavie"		Paris_AN_JJ_inventaire_JJ37-50_index.xlsx#d1e218065																						
82382	"Fromont (Jean)"	"Fromont (Jean)"				"chevalier, de Ressons"		Paris_AN_JJ_inventaire_JJ37-50_index.xlsx#d1e218109																						
82383	"Froument (Jean)"	"Froument (Jean)"				"de Pavie"		Paris_AN_JJ_inventaire_JJ37-50_index.xlsx#d1e218185																						
82385	"Fuiron de Joury"	"Fuiron de Joury"				"assassin de Trenchet de Jouy"		Paris_AN_JJ_inventaire_JJ37-50_index.xlsx#d1e218244																						
82386	"Amanieu de Saubagnac"	"Amanieu de Saubagnac"				"bourgeois de Bayonne"		Paris_AN_JJ_inventaire_JJ37-50_index.xlsx#d1e137043																						
82387	"Fulchier (Raimond et Arnaud)"	"Fulchier (Raimond et Arnaud)"				"frères, de Baignes-Sainte-Radegonde"		Paris_AN_JJ_inventaire_JJ37-50_index.xlsx#d1e218259																						
82388	"Furon et sa femme"	"Furon et sa femme"						Paris_AN_JJ_inventaire_JJ37-50_index.xlsx#d1e218335																						
82389	"Fursy de Péronne"	"Fursy de Péronne"				écuyer		Paris_AN_JJ_inventaire_JJ37-50_index.xlsx#d1e218350																						
82390	"Fustier (Guilhem)"	"Fustier (Guilhem)"				"baile royal de Montfrin"		Paris_AN_JJ_inventaire_JJ37-50_index.xlsx#d1e218380																						
82391	"G. Arnaud de Paris"	"G. Arnaud de Paris"						Paris_AN_JJ_inventaire_JJ37-50_index.xlsx#d1e218407																						
82392	"G. Chalop"	"G. Chalop"						Paris_AN_JJ_inventaire_JJ37-50_index.xlsx#d1e218474																						
82393	"G. Charité"	"G. Charité"				Cherité		Paris_AN_JJ_inventaire_JJ37-50_index.xlsx#d1e218485																						
82394	"G. Cocatrici"	"G. Cocatrici"						Paris_AN_JJ_inventaire_JJ37-50_index.xlsx#d1e218496																						
82395	"G. de Arvesa"	"G. de Arvesa"				"de Lavaur"		Paris_AN_JJ_inventaire_JJ37-50_index.xlsx#d1e218507																						
82396	"G. del Cambinals"	"G. del Cambinals"				"boucher de Saint-Antonin"		Paris_AN_JJ_inventaire_JJ37-50_index.xlsx#d1e218522																						
82397	"Amanieu du Fossat"	"Amanieu du Fossat"				"sénéchal de Gascogne"		Paris_AN_JJ_inventaire_JJ37-50_index.xlsx#d1e137058																						
82398	"G. de Marcilliaco (Per dominum)"	"G. de Marcilliaco (Per dominum)"						Paris_AN_JJ_inventaire_JJ37-50_index.xlsx#d1e218538																						
82399	"G. de Nogareto"	"G. de Nogareto"						Paris_AN_JJ_inventaire_JJ37-50_index.xlsx#d1e218549																						
82400	"G. de Prisio"	"G. de Prisio"						Paris_AN_JJ_inventaire_JJ37-50_index.xlsx#d1e218560																						
82401	"G. de Ricarville"	"G. de Ricarville"						Paris_AN_JJ_inventaire_JJ37-50_index.xlsx#d1e218575																						
82402	"G. de Rieux"	"G. de Rieux"				chevalier		Paris_AN_JJ_inventaire_JJ37-50_index.xlsx#d1e218586																						
82403	"G. de Rivo"	"G. de Rivo"						Paris_AN_JJ_inventaire_JJ37-50_index.xlsx#d1e218601																						
82404	"G. de Sabenaco"	"G. de Sabenaco"						Paris_AN_JJ_inventaire_JJ37-50_index.xlsx#d1e218613																						
82405	"G. de Villerouge"	"G. de Villerouge"				"moine et syndic de Fontfroide"		Paris_AN_JJ_inventaire_JJ37-50_index.xlsx#d1e218635																						
82407	"Gace de Poissy"	"Gace de Poissy"				chevalier		Paris_AN_JJ_inventaire_JJ37-50_index.xlsx#d1e218762																						
82408	"Bernard Amat (Me)"	"Bernard Amat (Me)"				"de Trèbes, notaire royal, notaire de la Cour de Carcassonne"		Paris_AN_JJ_inventaire_JJ37-50_index.xlsx#d1e137073																						
82409	"Gache (Me Hugues)"	"Gache (Me Hugues)"						Paris_AN_JJ_inventaire_JJ37-50_index.xlsx#d1e218778																						
82410	"Gaffet (Me G.)"	"Gaffet (Me G.)"				"notaire de Narbonne"		Paris_AN_JJ_inventaire_JJ37-50_index.xlsx#d1e218793																						
82411	"Gagnemaille (Jacques)"	"Gagnemaille (Jacques)"				"de Compiègne"		Paris_AN_JJ_inventaire_JJ37-50_index.xlsx#d1e218823																						
82412	Gaidre	Gaidre				"Gaydre (Jean), clerc du roi"		Paris_AN_JJ_inventaire_JJ37-50_index.xlsx#d1e218838																						
82413	Gaillard	Gaillard				"clerc du roi"	"Me Guillaume"	Paris_AN_JJ_inventaire_JJ37-50_index.xlsx#d1e218928																						
82414	"Gaillard d'Ardenne"	"Gaillard d'Ardenne"				chevalier		Paris_AN_JJ_inventaire_JJ37-50_index.xlsx#d1e218973																						
82415	"Gaillard de Labarde"	"Gaillard de Labarde"						Paris_AN_JJ_inventaire_JJ37-50_index.xlsx#d1e218988																						
82416	"Gaillard de Laroque"	"Gaillard de Laroque"				"abbé de Clairac"		Paris_AN_JJ_inventaire_JJ37-50_index.xlsx#d1e219003																						
82417	"Gaillard de Maurs"	"Gaillard de Maurs"						Paris_AN_JJ_inventaire_JJ37-50_index.xlsx#d1e219019																						
82418	"Gaillard de Montaigu"	"Gaillard de Montaigu"				"donzel, seigneur du château de Mondenard"		Paris_AN_JJ_inventaire_JJ37-50_index.xlsx#d1e219040																						
82419	"Adam de Luxe"	"Adam de Luxe"				"chevalier et sergent d'armes du roi, et son fils Adam de Luxe"		Paris_AN_JJ_inventaire_JJ37-50_index.xlsx#d1e132669																						
82420	"Amat d'Angresse"	"Amat d'Angresse"				"marchand de Bayonne"		Paris_AN_JJ_inventaire_JJ37-50_index.xlsx#d1e137111																						
82421	"Gaillard de Podio Aon"	"Gaillard de Podio Aon"				"baile de Tournon-d'Agenais"		Paris_AN_JJ_inventaire_JJ37-50_index.xlsx#d1e219055																						
82422	"Gaillard de Pressac"	"Gaillard de Pressac"				"évêque de Toulouse"		Paris_AN_JJ_inventaire_JJ37-50_index.xlsx#d1e219070																						
82424	"Gaite (Gérard et Jacques)"	"Gaite (Gérard et Jacques)"				"valets du roi, et leur frère Mathieu Gaite, tous bourgeois de Clermont et fils de Guillaume Gaite"		Paris_AN_JJ_inventaire_JJ37-50_index.xlsx#d1e219265																						
82426	"Galard (Géraud)"	"Galard (Géraud)"				"juge de Minervois"		Paris_AN_JJ_inventaire_JJ37-50_index.xlsx#d1e219347																						
82429	"Galcherus constabularius"	"Galcherus constabularius"						Paris_AN_JJ_inventaire_JJ37-50_index.xlsx#d1e219402																						
82430	"Galcherus de Castellione"	"Galcherus de Castellione"						Paris_AN_JJ_inventaire_JJ37-50_index.xlsx#d1e219413																						
82431	"Amat de Poyanne"	"Amat de Poyanne"				"marchand de Bayonne"		Paris_AN_JJ_inventaire_JJ37-50_index.xlsx#d1e137126																						
82432	Galeran	Galeran				"concierge du Palais de Paris"		Paris_AN_JJ_inventaire_JJ37-50_index.xlsx#d1e219438																						
82434	Galli	Galli				"Gralli (Me Raimond), notaire"		Paris_AN_JJ_inventaire_JJ37-50_index.xlsx#d1e219507																						
82435	"Galteri constabularii (Signum)"	"Galteri constabularii (Signum)"				"cacographie pour Galcheri"		Paris_AN_JJ_inventaire_JJ37-50_index.xlsx#d1e219526																						
82436	"Galtier (Bérenger)"	"Galtier (Bérenger)"				"de Villefranche-de-Rouergue"		Paris_AN_JJ_inventaire_JJ37-50_index.xlsx#d1e219537																						
82437	"Gambrino da Cremona (Me)"	"Gambrino da Cremona (Me)"						Paris_AN_JJ_inventaire_JJ37-50_index.xlsx#d1e219652																						
82438	"Gandoufle d'Arcelles"	"Gandoufle d'Arcelles"						Paris_AN_JJ_inventaire_JJ37-50_index.xlsx#d1e219811																						
82439	"Gandoufle d'Arcelles"	"Gandoufle d'Arcelles"				"ses héritiers"		Paris_AN_JJ_inventaire_JJ37-50_index.xlsx#d1e219826																						
82441	"Garbot (Guillaume)"	"Garbot (Guillaume)"						Paris_AN_JJ_inventaire_JJ37-50_index.xlsx#d1e219904																						
82442	"Amat de Poyanne"	"Amat de Poyanne"				"son héritière"		Paris_AN_JJ_inventaire_JJ37-50_index.xlsx#d1e137141																						
82443	"Garcia (Étienne)"	"Garcia (Étienne)"				"de Saint-Pons"		Paris_AN_JJ_inventaire_JJ37-50_index.xlsx#d1e219919																						
82444	"Garin (Me Pierre)"	"Garin (Me Pierre)"				notaire		Paris_AN_JJ_inventaire_JJ37-50_index.xlsx#d1e220089																						
82446	"Garnerus de Toulis (dominus)"	"Garnerus de Toulis (dominus)"						Paris_AN_JJ_inventaire_JJ37-50_index.xlsx#d1e220121																						
82447	"Garnet de La Cour"	"Garnet de La Cour"						Paris_AN_JJ_inventaire_JJ37-50_index.xlsx#d1e220136																						
82448	"Garnier (Jean)"	"Garnier (Jean)"				"bourgeois de Provins"		Paris_AN_JJ_inventaire_JJ37-50_index.xlsx#d1e220151																						
82449	"Garnier (Raimond)"	"Garnier (Raimond)"				"consul de Gignac"		Paris_AN_JJ_inventaire_JJ37-50_index.xlsx#d1e220167																						
82450	"Garnier (frère)"	"Garnier (frère)"				"moine de Cayrac"		Paris_AN_JJ_inventaire_JJ37-50_index.xlsx#d1e220182																						
82451	"Garnier de Boran"	"Garnier de Boran"				"abbé de Corbie"		Paris_AN_JJ_inventaire_JJ37-50_index.xlsx#d1e220197																						
82452	"Garnier de Cergy"	"Garnier de Cergy"				"de Pontoise"		Paris_AN_JJ_inventaire_JJ37-50_index.xlsx#d1e220218																						
82453	"Amat de Sobast"	"Amat de Sobast"				"jadis bourgeois de Bayonne"		Paris_AN_JJ_inventaire_JJ37-50_index.xlsx#d1e137156																						
82454	"Garnier de Fresnoy"	"Garnier de Fresnoy"						Paris_AN_JJ_inventaire_JJ37-50_index.xlsx#d1e220233																						
82455	"Garnier de Toulis"	"Garnier de Toulis"						Paris_AN_JJ_inventaire_JJ37-50_index.xlsx#d1e220248																						
82456	"Garnier de Tremblay"	"Garnier de Tremblay"				"fils et héritier de feu Jean de Tremblay"		Paris_AN_JJ_inventaire_JJ37-50_index.xlsx#d1e220260																						
82457	"Garnot de Lyons"	"Garnot de Lyons"				"bourgeois et marchand de Paris"		Paris_AN_JJ_inventaire_JJ37-50_index.xlsx#d1e220286																						
82458	"Garric (Me Guilhem)"	"Garric (Me Guilhem)"				"de Carcassonne, docteur ès lois"		Paris_AN_JJ_inventaire_JJ37-50_index.xlsx#d1e220353																						
82459	"Garrigue (Me Audouard)"	"Garrigue (Me Audouard)"				"procureur royal de la sénéchaussée de Rouergue"		Paris_AN_JJ_inventaire_JJ37-50_index.xlsx#d1e220379																						
82460	"Garrigue (Raimond)"	"Garrigue (Raimond)"				"jadis baile de Laissac"		Paris_AN_JJ_inventaire_JJ37-50_index.xlsx#d1e220436																						
82461	"Garrigue (Raimond)"	"Garrigue (Raimond)"				"procureur des consuls et hommes des Cazazils"		Paris_AN_JJ_inventaire_JJ37-50_index.xlsx#d1e220452																						
82462	"Garsias (Raimond)"	"Garsias (Raimond)"						Paris_AN_JJ_inventaire_JJ37-50_index.xlsx#d1e220497																						
82463	"Garsie-Arnaud de Campagne"	"Garsie-Arnaud de Campagne"						Paris_AN_JJ_inventaire_JJ37-50_index.xlsx#d1e220512																						
82464	"Amauri III"	"Amauri III"				"sire de Craon, chevalier"		Paris_AN_JJ_inventaire_JJ37-50_index.xlsx#d1e137171																						
82465	"Garsie-Arnaud de Laluque"	"Garsie-Arnaud de Laluque"						Paris_AN_JJ_inventaire_JJ37-50_index.xlsx#d1e220527																						
82466	"Gascoin (Nicolas)"	"Gascoin (Nicolas)"				"bailli de Louviers"		Paris_AN_JJ_inventaire_JJ37-50_index.xlsx#d1e220741																						
82467	"Gascon (Arnaud)"	"Gascon (Arnaud)"				"consul d'Ondes"		Paris_AN_JJ_inventaire_JJ37-50_index.xlsx#d1e220756																						
82468	"Gascou (Jean)"	"Gascou (Jean)"				"boucher de Saint-Antonin"		Paris_AN_JJ_inventaire_JJ37-50_index.xlsx#d1e220772																						
82469	"Gasier (Joudouin)"	"Gasier (Joudouin)"				"sa veuve et ses enfants"		Paris_AN_JJ_inventaire_JJ37-50_index.xlsx#d1e220787																						
82470	"Gaston Ier"	"Gaston Ier"				"comte de Foix"		Paris_AN_JJ_inventaire_JJ37-50_index.xlsx#d1e220867																						
82471	"Gaston III de Gontaud"	"Gaston III de Gontaud"						Paris_AN_JJ_inventaire_JJ37-50_index.xlsx#d1e220892																						
82472	"Gaubert de Durban"	"Gaubert de Durban"		"Gaubert de Leucate"		"autrement dit de Leucate, donzel, co-seigneur du château de Leucate"		Paris_AN_JJ_inventaire_JJ37-50_index.xlsx#d1e221064																						
82473	"Gaubert de Leucate"	"Gaubert de Leucate"						Paris_AN_JJ_inventaire_JJ37-50_index.xlsx#d1e221083																						
82474	Gaucerande	Gaucerande				"femme de Guillaume de Voisins"		Paris_AN_JJ_inventaire_JJ37-50_index.xlsx#d1e221094																						
82475	"Amauri Ier"	"Amauri Ier"				"vicomte de Narbonne, père d'Amauri de Narbonne"		Paris_AN_JJ_inventaire_JJ37-50_index.xlsx#d1e137189																						
82476	"Gaucere (Martin)"	"Gaucere (Martin)"				"de Montlhéry"		Paris_AN_JJ_inventaire_JJ37-50_index.xlsx#d1e221109																						
82477	Gaucher	Gaucher				"comte de Porcien"		Paris_AN_JJ_inventaire_JJ37-50_index.xlsx#d1e221124																						
82478	"Gaucher d'Ancy"	"Gaucher d'Ancy"				"frère d'Itier d'Ancy, damoiseau du diocèse de Langres"		Paris_AN_JJ_inventaire_JJ37-50_index.xlsx#d1e221135																						
82479	"Gaucher II de Châtillon"	"Gaucher II de Châtillon"		"Galcherus de Castellione"		"Galcherus de Castellione, comte de Porcien, connétable de France"		Paris_AN_JJ_inventaire_JJ37-50_index.xlsx#d1e221150																						
82480	"Gaucher de Châtillon"	"Gaucher de Châtillon"				"fils du précédent, seigneur du Thour et de Dampierre-de-l'Aube, chevalier"		Paris_AN_JJ_inventaire_JJ37-50_index.xlsx#d1e221335																						
82481	"Gaucher III de Châtillon"	"Gaucher III de Châtillon"				"seigneur de Crécy-en-Brie"		Paris_AN_JJ_inventaire_JJ37-50_index.xlsx#d1e221353																						
82482	"Gaucher d'Écot"	"Gaucher d'Écot"						Paris_AN_JJ_inventaire_JJ37-50_index.xlsx#d1e221368																						
82483	"Gaucher de Gareset"	"Gaucher de Gareset"				"ses fils"		Paris_AN_JJ_inventaire_JJ37-50_index.xlsx#d1e221383																						
82484	"Gaucher Olivier"	"Gaucher Olivier"				"curé d'Hondschoote"		Paris_AN_JJ_inventaire_JJ37-50_index.xlsx#d1e221409																						
82486	"Amauri II"	"Amauri II"				"vicomte de Narbonne"		Paris_AN_JJ_inventaire_JJ37-50_index.xlsx#d1e137208																						
82487	"Gaufridi (Pierre)"	"Gaufridi (Pierre)"				"recteur de Beauronne"		Paris_AN_JJ_inventaire_JJ37-50_index.xlsx#d1e221546																						
82488	"Gaufridonetus de Chasellis"	"Gaufridonetus de Chasellis"						Paris_AN_JJ_inventaire_JJ37-50_index.xlsx#d1e221565																						
82489	"Gaufridus de Flaviniaco"	"Gaufridus de Flaviniaco"				"visitator portuum, passagiorum"	"Geoffroi de Flavigny"	Paris_AN_JJ_inventaire_JJ37-50_index.xlsx#d1e221587																						
82490	"Gaulard (Jean)"	"Gaulard (Jean)"				"receveur de l'exécution de feue la reine Jeanne et des biens juifs en Champagne"		Paris_AN_JJ_inventaire_JJ37-50_index.xlsx#d1e221628																						
82491	"Gautier (Me Arnaud)"	"Gautier (Me Arnaud)"						Paris_AN_JJ_inventaire_JJ37-50_index.xlsx#d1e221658																						
82492	"Gautier (Deniset) de La Croix"	"Gautier (Deniset) de La Croix"				"valet de la porte de l'Hôtel"		Paris_AN_JJ_inventaire_JJ37-50_index.xlsx#d1e221673																						
82493	"Gautier V"	"Gautier V"				"comte de Brienne"		Paris_AN_JJ_inventaire_JJ37-50_index.xlsx#d1e221688																						
82494	"Gautier de Bauffremont"	"Gautier de Bauffremont"				chevalier		Paris_AN_JJ_inventaire_JJ37-50_index.xlsx#d1e221703																						
82495	"Gautier de Beaulieu"	"Gautier de Beaulieu"				écuyer		Paris_AN_JJ_inventaire_JJ37-50_index.xlsx#d1e221718																						
82496	"Gautier de Bouclenay"	"Gautier de Bouclenay"				"abbé de Saint-Crépin-le-Grand de Soissons"		Paris_AN_JJ_inventaire_JJ37-50_index.xlsx#d1e221734																						
82497	"Amauri de La Queue"	"Amauri de La Queue"				chevalier		Paris_AN_JJ_inventaire_JJ37-50_index.xlsx#d1e137232																						
82498	"Gautier de Chârost"	"Gautier de Chârost"				chevalier		Paris_AN_JJ_inventaire_JJ37-50_index.xlsx#d1e221749																						
82499	"Gautier de Coucy (Me)"	"Gautier de Coucy (Me)"				"chanoine de l'église de Tours"		Paris_AN_JJ_inventaire_JJ37-50_index.xlsx#d1e221764																						
82500	"Gautier de Ghistelles"	"Gautier de Ghistelles"				chevalier		Paris_AN_JJ_inventaire_JJ37-50_index.xlsx#d1e221779																						
82501	"Gautier de Joinville"	"Gautier de Joinville"				"sire de Vaucouleurs, chevalier du Roi"		Paris_AN_JJ_inventaire_JJ37-50_index.xlsx#d1e221794																						
82502	"Gautier de La Roche"	"Gautier de La Roche"				"chevalier du Roi"		Paris_AN_JJ_inventaire_JJ37-50_index.xlsx#d1e221809																						
82503	"Gautier de Longchamps"	"Gautier de Longchamps"						Paris_AN_JJ_inventaire_JJ37-50_index.xlsx#d1e221825																						
82504	"Gautier de Mazières"	"Gautier de Mazières"				"valet du roi"		Paris_AN_JJ_inventaire_JJ37-50_index.xlsx#d1e221840																						
82505	"Gautier de Roches"	"Gautier de Roches"				chevalier		Paris_AN_JJ_inventaire_JJ37-50_index.xlsx#d1e221855																						
82506	"Gautier de Rueil"	"Gautier de Rueil"				"ses filles et héritières"		Paris_AN_JJ_inventaire_JJ37-50_index.xlsx#d1e221870																						
82507	"Gautier d'Hondschoote"	"Gautier d'Hondschoote"				"seigneur d'Houtkerque, chevalier du roi"		Paris_AN_JJ_inventaire_JJ37-50_index.xlsx#d1e221885																						
82508	"Amauri de Meulan"	"Amauri de Meulan"						Paris_AN_JJ_inventaire_JJ37-50_index.xlsx#d1e137247																						
82509	"Gautier du Bois"	"Gautier du Bois"						Paris_AN_JJ_inventaire_JJ37-50_index.xlsx#d1e221916																						
82510	"Gautier du Fossat"	"Gautier du Fossat"				"maintenant chevalier"		Paris_AN_JJ_inventaire_JJ37-50_index.xlsx#d1e221932																						
82511	"Gauvain de Bonis Consiliis"	"Gauvain de Bonis Consiliis"				"docteur ès lois"		Paris_AN_JJ_inventaire_JJ37-50_index.xlsx#d1e221980																						
82512	"Gaydre (Jean)"	"Gaydre (Jean)"						Paris_AN_JJ_inventaire_JJ37-50_index.xlsx#d1e222077																						
82513	"Gazon de Champagne"	"Gazon de Champagne"				"évêque de Laon"		Paris_AN_JJ_inventaire_JJ37-50_index.xlsx#d1e222143																						
82514	"Geissier (Samuel)"	"Geissier (Samuel)"				juif		Paris_AN_JJ_inventaire_JJ37-50_index.xlsx#d1e222158																						
82515	"Gencien (Jacques)"	"Gencien (Jacques)"				"écuyer du roi"		Paris_AN_JJ_inventaire_JJ37-50_index.xlsx#d1e222219																						
82516	"Gencien (Pierre) le jeune"	"Gencien (Pierre) le jeune"				"jadis écuyer du roi, son fils et héritier"		Paris_AN_JJ_inventaire_JJ37-50_index.xlsx#d1e222237																						
82517	"Gencien (Pierre)"	"Gencien (Pierre)"				"sa fille"		Paris_AN_JJ_inventaire_JJ37-50_index.xlsx#d1e222252																						
82518	"Gencien de Passy"	"Gencien de Passy"				"cohéritier d'Émeline de Passy"		Paris_AN_JJ_inventaire_JJ37-50_index.xlsx#d1e222281																						
82519	"Amauri de Narbonne"	"Amauri de Narbonne"				"seigneur de Pérignan, fils d'Amauri Ier, vicomte de Narbonne"		Paris_AN_JJ_inventaire_JJ37-50_index.xlsx#d1e137262																						
82520	Gencienne	Gencienne				"femme de Jean Amiel"		Paris_AN_JJ_inventaire_JJ37-50_index.xlsx#d1e222308																						
82521	"Genciennet de Paris"	"Genciennet de Paris"						Paris_AN_JJ_inventaire_JJ37-50_index.xlsx#d1e222323																						
82522	Gendrat	Gendrat				"Gendret (Guillaume), garde du sceau royal en la prévôté de Saint-Pierre-le-Moûtier"		Paris_AN_JJ_inventaire_JJ37-50_index.xlsx#d1e222338																						
82523	"Geneviève (sœur)"	"Geneviève (sœur)"				"prieure de l'Hôtel-Dieu de Paris"		Paris_AN_JJ_inventaire_JJ37-50_index.xlsx#d1e222389																						
82524	"Geneviève de Rueil"	"Geneviève de Rueil"						Paris_AN_JJ_inventaire_JJ37-50_index.xlsx#d1e222408																						
82526	Gentien	Gentien						Paris_AN_JJ_inventaire_JJ37-50_index.xlsx#d1e222558																						
82527	Geoffroi	Geoffroi				"fils de Renaud de Rouy"		Paris_AN_JJ_inventaire_JJ37-50_index.xlsx#d1e222598																						
82528	Geoffroi	Geoffroi				"seigneur d'Ancenis, chevalier du roi"		Paris_AN_JJ_inventaire_JJ37-50_index.xlsx#d1e222609																						
82529	"Geoffroi Ier"	"Geoffroi Ier"				"seigneur de Château-Porcien"		Paris_AN_JJ_inventaire_JJ37-50_index.xlsx#d1e222625																						
82530	"Adam de Melun"	"Adam de Melun"				"sa fille"		Paris_AN_JJ_inventaire_JJ37-50_index.xlsx#d1e132684																						
82531	"Amauvin d'Ambarès"	"Amauvin d'Ambarès"				"seigneur de Montferrand, chevalier"		Paris_AN_JJ_inventaire_JJ37-50_index.xlsx#d1e137280																						
82532	"Geoffroi II"	"Geoffroi II"				"seigneur de Château-Porcien"		Paris_AN_JJ_inventaire_JJ37-50_index.xlsx#d1e222640																						
82533	"Geoffroi III"	"Geoffroi III"				"seigneur de Château-Porcien, chevalier"		Paris_AN_JJ_inventaire_JJ37-50_index.xlsx#d1e222655																						
82534	"Geoffroi de Briançon (Me)"	"Geoffroi de Briançon (Me)"				"clerc et trésorier du roi"		Paris_AN_JJ_inventaire_JJ37-50_index.xlsx#d1e222759																						
82535	"Geoffroi de Casalibus"	"Geoffroi de Casalibus"						Paris_AN_JJ_inventaire_JJ37-50_index.xlsx#d1e222781																						
82536	"Geoffroi de Chaillouel"	"Geoffroi de Chaillouel"				"son flis"		Paris_AN_JJ_inventaire_JJ37-50_index.xlsx#d1e222792																						
82537	"Geoffroi de Charry"	"Geoffroi de Charry"				"jadis chevalier, son fils"		Paris_AN_JJ_inventaire_JJ37-50_index.xlsx#d1e222807																						
82538	"Geoffroi (ou Gaufridonetus) de Chasellis ou Casalibus"	"Geoffroi (ou Gaufridonetus) de Chasellis ou Casalibus"						Paris_AN_JJ_inventaire_JJ37-50_index.xlsx#d1e222822																						
82539	"Geoffroi de Faucogney"	"Geoffroi de Faucogney"						Paris_AN_JJ_inventaire_JJ37-50_index.xlsx#d1e222837																						
82540	"Geoffroi de Flavigny"	"Geoffroi de Flavigny"				"visiteur des ports et passages"		Paris_AN_JJ_inventaire_JJ37-50_index.xlsx#d1e222852																						
82541	"Geoffroi de Fresnes (Me)"	"Geoffroi de Fresnes (Me)"					"clerc et notaire du roi"	Paris_AN_JJ_inventaire_JJ37-50_index.xlsx#d1e222864																						
82543	"Geoffroi de Frouville"	"Geoffroi de Frouville"						Paris_AN_JJ_inventaire_JJ37-50_index.xlsx#d1e222879																						
82544	"Geoffroi de La Champagne"	"Geoffroi de La Champagne"				chevalier		Paris_AN_JJ_inventaire_JJ37-50_index.xlsx#d1e222894																						
82545	"Geoffroi de La Lande"	"Geoffroi de La Lande"				chevalier		Paris_AN_JJ_inventaire_JJ37-50_index.xlsx#d1e222909																						
82546	"Geoffroi de La Motte"	"Geoffroi de La Motte"						Paris_AN_JJ_inventaire_JJ37-50_index.xlsx#d1e222924																						
82547	"Geoffroi de Lusignan"	"Geoffroi de Lusignan"				"sa veuve"		Paris_AN_JJ_inventaire_JJ37-50_index.xlsx#d1e222939																						
82548	"Geoffroi de Rouy"	"Geoffroi de Rouy"				"fils de Renaud de Rouy"		Paris_AN_JJ_inventaire_JJ37-50_index.xlsx#d1e222955																						
82549	"Geoffroi de Saint-Gobert"	"Geoffroi de Saint-Gobert"				chevalier		Paris_AN_JJ_inventaire_JJ37-50_index.xlsx#d1e222970																						
82550	"Geoffroi de Saint-Martin"	"Geoffroi de Saint-Martin"						Paris_AN_JJ_inventaire_JJ37-50_index.xlsx#d1e222985																						
82551	"Geoffroi de Saint-Révérien"	"Geoffroi de Saint-Révérien"				"commissaire au fait des juifs dans le bailliage de Bourges"		Paris_AN_JJ_inventaire_JJ37-50_index.xlsx#d1e223000																						
82552	"Geoffroi de Savigny"	"Geoffroi de Savigny"				"gendre de Geoffroi Cocatrix"		Paris_AN_JJ_inventaire_JJ37-50_index.xlsx#d1e223018																						
82554	"Geoffroi de Vitry"	"Geoffroi de Vitry"				"bourgeois royal de Paris"		Paris_AN_JJ_inventaire_JJ37-50_index.xlsx#d1e223036																						
82555	"Geoffroi du Plessis (Me)"	"Geoffroi du Plessis (Me)"				"clerc du roi, notaire apostolique"		Paris_AN_JJ_inventaire_JJ37-50_index.xlsx#d1e223069																						
82556	"Geoffroi du Temple (Me)"	"Geoffroi du Temple (Me)"						Paris_AN_JJ_inventaire_JJ37-50_index.xlsx#d1e223136																						
82558	Gérard	Gérard				"sire de Ressegem, chevalier et baron de Flandre"		Paris_AN_JJ_inventaire_JJ37-50_index.xlsx#d1e223310																						
82559	Gérard	Gérard				"sire de Vaîte"		Paris_AN_JJ_inventaire_JJ37-50_index.xlsx#d1e223326																						
82560	"Gérard de Bergoinhas"	"Gérard de Bergoinhas"						Paris_AN_JJ_inventaire_JJ37-50_index.xlsx#d1e223385																						
82561	"Gérard de Bessy"	"Gérard de Bessy"				"bourgeois de Provins"		Paris_AN_JJ_inventaire_JJ37-50_index.xlsx#d1e223401																						
82562	"Gérard de Chevresis"	"Gérard de Chevresis"						Paris_AN_JJ_inventaire_JJ37-50_index.xlsx#d1e223416																						
82563	"Gérard de Chiflat"	"Gérard de Chiflat"						Paris_AN_JJ_inventaire_JJ37-50_index.xlsx#d1e223427																						
82565	"Gérard de Condé (Me)"	"Gérard de Condé (Me)"				"receveur de la prévôté et vicomté de Paris"		Paris_AN_JJ_inventaire_JJ37-50_index.xlsx#d1e223438																						
82566	Gérard	Gérard				"Géraud de Courtonne (Me), Geraldus, Gerardus de Cortona, Courtonna, clerc du roi"		Paris_AN_JJ_inventaire_JJ37-50_index.xlsx#d1e223453																						
82567	"Gérard de Cutry (Me)"	"Gérard de Cutry (Me)"						Paris_AN_JJ_inventaire_JJ37-50_index.xlsx#d1e223686																						
82568	"Gérard de Cuzouls"	"Gérard de Cuzouls"				"boucher de Saint-Antonin, beau-frère de Barthélemi Michel"		Paris_AN_JJ_inventaire_JJ37-50_index.xlsx#d1e223702																						
82569	"Gérard de La Croix (Me)"	"Gérard de La Croix (Me)"				"garde du sceau de la prévôté de Paris"		Paris_AN_JJ_inventaire_JJ37-50_index.xlsx#d1e223717																						
82570	"Gérard de Landry (Me)"	"Gérard de Landry (Me)"				"légiste, clerc du roi"		Paris_AN_JJ_inventaire_JJ37-50_index.xlsx#d1e223732																						
82571	Gérard	Gérard				"Géraud de Loisy"		Paris_AN_JJ_inventaire_JJ37-50_index.xlsx#d1e223750																						
82572	"Gérard de Looz"	"Gérard de Looz"				"sa veuve"		Paris_AN_JJ_inventaire_JJ37-50_index.xlsx#d1e223765																						
82573	"Gérard de Marc ou du Mart"	"Gérard de Marc ou du Mart"						Paris_AN_JJ_inventaire_JJ37-50_index.xlsx#d1e223780																						
82574	Gérard	Gérard				"Géraud de Merrey"		Paris_AN_JJ_inventaire_JJ37-50_index.xlsx#d1e223796																						
82575	Amblard	Amblard				"doyen d'Issigeac"		Paris_AN_JJ_inventaire_JJ37-50_index.xlsx#d1e137391																						
82576	"Gérard de Montlaur"	"Gérard de Montlaur"				"chevalier de la sénéchaussée de Saintonge"		Paris_AN_JJ_inventaire_JJ37-50_index.xlsx#d1e223811																						
82577	"Gérard de Paray"	"Gérard de Paray"				"chevalier du roi, bailli d'Auvergne"		Paris_AN_JJ_inventaire_JJ37-50_index.xlsx#d1e223826																						
82578	Gérard	Gérard				"Géraud de Réalmont (Me), maître des œuvres de charpenterie dans la sénéchaussée de Carcassonne et Béziers"		Paris_AN_JJ_inventaire_JJ37-50_index.xlsx#d1e223857																						
82579	"Gérard de Senlis"	"Gérard de Senlis"				"bourgeois royal de Paris"		Paris_AN_JJ_inventaire_JJ37-50_index.xlsx#d1e223875																						
82580	"Gérard des Mares"	"Gérard des Mares"						Paris_AN_JJ_inventaire_JJ37-50_index.xlsx#d1e223896																						
82581	"Gérard de Sottegem"	"Gérard de Sottegem"				"châtelain de Gand, chevalier"		Paris_AN_JJ_inventaire_JJ37-50_index.xlsx#d1e223912																						
82582	"Gérard du Mart"	"Gérard du Mart"						Paris_AN_JJ_inventaire_JJ37-50_index.xlsx#d1e223927																						
82583	"Gérardin (Jean)"	"Gérardin (Jean)"				"Girardin (Jean)"		Paris_AN_JJ_inventaire_JJ37-50_index.xlsx#d1e224027																						
82584	"Gerardus de Cortona"	"Gerardus de Cortona"						Paris_AN_JJ_inventaire_JJ37-50_index.xlsx#d1e224045																						
82585	"Gerardus de Sabanaco"	"Gerardus de Sabanaco"						Paris_AN_JJ_inventaire_JJ37-50_index.xlsx#d1e224057																						
82586	"Bernard Amblard"	"Bernard Amblard"						Paris_AN_JJ_inventaire_JJ37-50_index.xlsx#d1e137407																						
82587	"Géraud (Élie)"	"Géraud (Élie)"				"de Lanouaille"	"frère d'Hugues Géraud, évêque de Cahors"	Paris_AN_JJ_inventaire_JJ37-50_index.xlsx#d1e224068																						
82588	"Géraud Adhémar"	"Géraud Adhémar"				"seigneur de Monteil"		Paris_AN_JJ_inventaire_JJ37-50_index.xlsx#d1e224083																						
82589	"Géraud d'Aure"	"Géraud d'Aure"				"donzel, familier d'Édouard II, roi d'Angleterre"		Paris_AN_JJ_inventaire_JJ37-50_index.xlsx#d1e224143																						
82590	"Géraud de Boisseuilh"	"Géraud de Boisseuilh"				chevalier		Paris_AN_JJ_inventaire_JJ37-50_index.xlsx#d1e224158																						
82591	"Géraud de Cougain"	"Géraud de Cougain"				"juge du Minervois"		Paris_AN_JJ_inventaire_JJ37-50_index.xlsx#d1e224176																						
82592	"Géraud de Courtonne"	"Géraud de Courtonne"		"Gerardus de Cortonna"				Paris_AN_JJ_inventaire_JJ37-50_index.xlsx#d1e224206																						
82593	"Géraud de Cussac"	"Géraud de Cussac"						Paris_AN_JJ_inventaire_JJ37-50_index.xlsx#d1e224217																						
82594	"Géraud de Fraxino (Me)"	"Géraud de Fraxino (Me)"				"procureur de Rivière"		Paris_AN_JJ_inventaire_JJ37-50_index.xlsx#d1e224233																						
82595	"Géraud de La Roque"	"Géraud de La Roque"				"de Villefranche-de-Rouergue"		Paris_AN_JJ_inventaire_JJ37-50_index.xlsx#d1e224248																						
82596	"Géraud de Malavilla"	"Géraud de Malavilla"				"docteur ès lois, juge, mage de la sénéchaussée de Toulouse"		Paris_AN_JJ_inventaire_JJ37-50_index.xlsx#d1e224263																						
82598	"Géraud de Maumont (Me)"	"Géraud de Maumont (Me)"						Paris_AN_JJ_inventaire_JJ37-50_index.xlsx#d1e224278																						
82599	"Géraud de Réalmont"	"Géraud de Réalmont"						Paris_AN_JJ_inventaire_JJ37-50_index.xlsx#d1e224293																						
82600	"Géraud de Sancto Jacobo"	"Géraud de Sancto Jacobo"						Paris_AN_JJ_inventaire_JJ37-50_index.xlsx#d1e224304																						
82601	"Géraud de Savanac"	"Géraud de Savanac"				"Gerardus de Sabanaco, G. de Sabenaco, docteur ès lois, clerc du roi"		Paris_AN_JJ_inventaire_JJ37-50_index.xlsx#d1e224316																						
82602	"Géraud de Tivras"	"Géraud de Tivras"						Paris_AN_JJ_inventaire_JJ37-50_index.xlsx#d1e224367																						
82603	"Géraud du Déluge"	"Géraud du Déluge"						Paris_AN_JJ_inventaire_JJ37-50_index.xlsx#d1e224394																						
82604	"Géraud du Monastier"	"Géraud du Monastier"				"prieur de Mazan"		Paris_AN_JJ_inventaire_JJ37-50_index.xlsx#d1e224409																						
82605	"Géraud du Puech"	"Géraud du Puech"				"commissaire de Guilhem Saisset"		Paris_AN_JJ_inventaire_JJ37-50_index.xlsx#d1e224424																						
82606	"Géraud du Sol"	"Géraud du Sol"				"chanoine de Saint-Yrieix"		Paris_AN_JJ_inventaire_JJ37-50_index.xlsx#d1e224439																						
82608	Amé	Amé				"seigneur d'Ornacieux, chevalier"		Paris_AN_JJ_inventaire_JJ37-50_index.xlsx#d1e137481																						
82609	"Gerbaud de La Fontaine (Me)"	"Gerbaud de La Fontaine (Me)"		"Gerbaud de Fonte"		"de Fonte (Me). Avocat au Châtelet"		Paris_AN_JJ_inventaire_JJ37-50_index.xlsx#d1e224547|Paris_AN_JJ_inventaire_JJ37-50_index.xlsx#d1e224536																						
82610	Gerberte	Gerberte				"femme d'Albert, comte-abbé de Saint-Quentin"		Paris_AN_JJ_inventaire_JJ37-50_index.xlsx#d1e224595																						
82611	Gerem	Gerem				"frère de Simon Avesoete"	"forme flamande de Jérôme"	Paris_AN_JJ_inventaire_JJ37-50_index.xlsx#d1e224626																						
82612	"Gerem de Volderstraat (ms. Gerelinus de Volrestrate)"	"Gerem de Volderstraat (ms. Gerelinus de Volrestrate)"					"bourgeois de Gand"	Paris_AN_JJ_inventaire_JJ37-50_index.xlsx#d1e224641																						
82613	"Germain de Mireval"	"Germain de Mireval"				"notaire public de la sénéchaussée de Toulouse et Albi et de la Cour des appellations de Toulouse"		Paris_AN_JJ_inventaire_JJ37-50_index.xlsx#d1e224693																						
82614	"Géroud ou Giroud"	"Géroud ou Giroud"				chevalier		Paris_AN_JJ_inventaire_JJ37-50_index.xlsx#d1e224821																						
82615	"Gervais (frère)"	"Gervais (frère)"				"commandeur du Temple de Laon et receveur du roi au bailliage de Vermandois"		Paris_AN_JJ_inventaire_JJ37-50_index.xlsx#d1e224854																						
82616	"Gervais (Me Raimond)"	"Gervais (Me Raimond)"				"clavaire royal de Minervois"		Paris_AN_JJ_inventaire_JJ37-50_index.xlsx#d1e224869																						
82617	"Gervais (Raimond)"	"Gervais (Raimond)"				"d'Azille, notaire du roi à Caraman"		Paris_AN_JJ_inventaire_JJ37-50_index.xlsx#d1e224884																						
82618	"Gervaise (Jacques)"	"Gervaise (Jacques)"				"de La Ferté-sous-Jouarre"		Paris_AN_JJ_inventaire_JJ37-50_index.xlsx#d1e224899																						
82619	"Amédée V"	"Amédée V"		Amé		"comte de Savoie"		Paris_AN_JJ_inventaire_JJ37-50_index.xlsx#d1e137529|Paris_AN_JJ_inventaire_JJ37-50_index.xlsx#d1e137470																						
82620	"Gieffrinoin d'Andelot"	"Gieffrinoin d'Andelot"						Paris_AN_JJ_inventaire_JJ37-50_index.xlsx#d1e225063																						
82621	"Giffard (Colin)"	"Giffard (Colin)"						Paris_AN_JJ_inventaire_JJ37-50_index.xlsx#d1e225159																						
82622	"Giffard (Renaud)"	"Giffard (Renaud)"				"abbé de Saint-Denis-en-France"		Paris_AN_JJ_inventaire_JJ37-50_index.xlsx#d1e225174																						
82623	"Gignac (Pierre)"	"Gignac (Pierre)"				"du château de Gignac"		Paris_AN_JJ_inventaire_JJ37-50_index.xlsx#d1e225205																						
82624	"Gilbert (Aimar)"	"Gilbert (Aimar)"				"Ademarus Gilleberti, procureur de l'abbé de Tulle et de diverses communautés"		Paris_AN_JJ_inventaire_JJ37-50_index.xlsx#d1e225235																						
82625	Gilbert	Gilbert					"ou mieux, Goubert"	Paris_AN_JJ_inventaire_JJ37-50_index.xlsx#d1e225250																						
82626	"Gilbert d'Étampes"	"Gilbert d'Étampes"				"notaire au Châtelet"		Paris_AN_JJ_inventaire_JJ37-50_index.xlsx#d1e225292																						
82627	"Gilbert de Tillières"	"Gilbert de Tillières"				chevalier		Paris_AN_JJ_inventaire_JJ37-50_index.xlsx#d1e225307																						
82628	"Gilbert du Miroir"	"Gilbert du Miroir"				"de Gand"		Paris_AN_JJ_inventaire_JJ37-50_index.xlsx#d1e225325																						
82629	"Gile (dame)"	"Gile (dame)"				"femme d'Anseau de Valjouan"		Paris_AN_JJ_inventaire_JJ37-50_index.xlsx#d1e225374																						
82630	Ameline	Ameline				"femme de Gautier du Bois"		Paris_AN_JJ_inventaire_JJ37-50_index.xlsx#d1e137568																						
82631	Gile	Gile				"femme de Richard Fichon"		Paris_AN_JJ_inventaire_JJ37-50_index.xlsx#d1e225389																						
82632	Gile	Gile				"femme de feu Thibaud l'Escuyer"		Paris_AN_JJ_inventaire_JJ37-50_index.xlsx#d1e225410																						
82633	"Gile de Vasseny"	"Gile de Vasseny"				"veuve de Pierre Adouart, femme de corps"		Paris_AN_JJ_inventaire_JJ37-50_index.xlsx#d1e225425																						
82634	Gilet	Gilet				écuyer		Paris_AN_JJ_inventaire_JJ37-50_index.xlsx#d1e225451																						
82635	Gilet	Gilet				"seigneur de Courson-les-Carrières, chevalier"		Paris_AN_JJ_inventaire_JJ37-50_index.xlsx#d1e225463																						
82636	"Gilet de La Motte"	"Gilet de La Motte"				écuyer		Paris_AN_JJ_inventaire_JJ37-50_index.xlsx#d1e225474																						
82637	"Gilet de Montigny"	"Gilet de Montigny"				"frère lai de la maison de Saint-Lazare d'Orléans"		Paris_AN_JJ_inventaire_JJ37-50_index.xlsx#d1e225489																						
82638	Giletus	Giletus				armiger	"Gilet, fils de feu Gilet, seigneur de Courson-les-Carrières"	Paris_AN_JJ_inventaire_JJ37-50_index.xlsx#d1e225515																						
82639	"Giletus (deffunctus)"	"Giletus (deffunctus)"				"dominus de Courçon, miles, liberi ejus"	"Gilet, seigneur de Courson-les-Carrières"	Paris_AN_JJ_inventaire_JJ37-50_index.xlsx#d1e225530																						
82640	"Gillard du Mas"	"Gillard du Mas"				donzel		Paris_AN_JJ_inventaire_JJ37-50_index.xlsx#d1e225546																						
82641	"Adam de Meulan"	"Adam de Meulan"				"panetier du Roi"		Paris_AN_JJ_inventaire_JJ37-50_index.xlsx#d1e132699																						
82642	"Pierre Amenlier"	"Pierre Amenlier"				"marchand de Montpellier"		Paris_AN_JJ_inventaire_JJ37-50_index.xlsx#d1e137583																						
82643	"Gilleberti (Ademarus)"	"Gilleberti (Ademarus)"						Paris_AN_JJ_inventaire_JJ37-50_index.xlsx#d1e225561																						
82644	Gilles	Gilles				"abbé de Mazan"		Paris_AN_JJ_inventaire_JJ37-50_index.xlsx#d1e225587																						
82645	Gilles	Gilles				"clerc du roi"		Paris_AN_JJ_inventaire_JJ37-50_index.xlsx#d1e225602																						
82646	Gilles	Gilles		"Gilles Loysel"		"de la Paneterie"		Paris_AN_JJ_inventaire_JJ37-50_index.xlsx#d1e225613|Paris_AN_JJ_inventaire_JJ37-50_index.xlsx#d1e278037																						
82647	Gilles	Gilles				"fils de Simon de Melun"		Paris_AN_JJ_inventaire_JJ37-50_index.xlsx#d1e225625																						
82648	Gilles	Gilles				"jadis de Laon"		Paris_AN_JJ_inventaire_JJ37-50_index.xlsx#d1e225636																						
82649	Gilles	Gilles				"seigneur de Berlaimont"		Paris_AN_JJ_inventaire_JJ37-50_index.xlsx#d1e225647																						
82650	"Gilles de Beaumetz"	"Gilles de Beaumetz"				"sa femme et sa fille"		Paris_AN_JJ_inventaire_JJ37-50_index.xlsx#d1e225684																						
82651	"Gilles de Clary"	"Gilles de Clary"				chevalier		Paris_AN_JJ_inventaire_JJ37-50_index.xlsx#d1e225700																						
82652	"Gilles de Corrobert"	"Gilles de Corrobert"				chevalier		Paris_AN_JJ_inventaire_JJ37-50_index.xlsx#d1e225715																						
82653	"Guillaume Ami"	"Guillaume Ami"				"de Cormeillea, bourgeois royal de Paris"		Paris_AN_JJ_inventaire_JJ37-50_index.xlsx#d1e137625																						
82654	"Gilles de Laon"	"Gilles de Laon"						Paris_AN_JJ_inventaire_JJ37-50_index.xlsx#d1e225730																						
82655	"Gilles de Laon"	"Gilles de Laon"				"panetier du roi"		Paris_AN_JJ_inventaire_JJ37-50_index.xlsx#d1e225748																						
82656	"Gilles de Marigny"	"Gilles de Marigny"						Paris_AN_JJ_inventaire_JJ37-50_index.xlsx#d1e225763																						
82657	"Gilles de Maubuisson"	"Gilles de Maubuisson"				"seigneur de La Montagne, chevalier du roi, bailli de Mâcon"		Paris_AN_JJ_inventaire_JJ37-50_index.xlsx#d1e225784																						
82658	"Gilles de Melun"	"Gilles de Melun"				"fils de Simon de Melun"		Paris_AN_JJ_inventaire_JJ37-50_index.xlsx#d1e225799																						
82659	"Gilles de Poisvilliers"	"Gilles de Poisvilliers"				"notaire juré au Châtelet de Paris"		Paris_AN_JJ_inventaire_JJ37-50_index.xlsx#d1e225815																						
82660	"Gilles de Pontoise"	"Gilles de Pontoise"				"abbé de Saint-Denis-en-France"		Paris_AN_JJ_inventaire_JJ37-50_index.xlsx#d1e225830																						
82661	"Gilles de Pontville"	"Gilles de Pontville"				"chevalier, commissaire du bailli d'Orélans"		Paris_AN_JJ_inventaire_JJ37-50_index.xlsx#d1e225845																						
82662	"Gilles de Remy (Me)"	"Gilles de Remy (Me)"				"Egidius de Remino, clerc du roi"		Paris_AN_JJ_inventaire_JJ37-50_index.xlsx#d1e225860																						
82663	"Gilles de Rognon"	"Gilles de Rognon"						Paris_AN_JJ_inventaire_JJ37-50_index.xlsx#d1e225983																						
82664	"Michel Ami"	"Michel Ami"				"chanoine de Notre-Dame-la-Grande et Sainte-Radegonde de Poitiers, garde du sceau royal en la sénéchaussée de Poitou"		Paris_AN_JJ_inventaire_JJ37-50_index.xlsx#d1e137640																						
82665	"Gilles Ier de Roisin"	"Gilles Ier de Roisin"				"seigneur de Château-Porcien, chevalier"		Paris_AN_JJ_inventaire_JJ37-50_index.xlsx#d1e225998																						
82666	"Gilles des Cumiers"	"Gilles des Cumiers"				"chevalier du roi"		Paris_AN_JJ_inventaire_JJ37-50_index.xlsx#d1e226014																						
82667	"Gilles de Treigny"	"Gilles de Treigny"				écuyer		Paris_AN_JJ_inventaire_JJ37-50_index.xlsx#d1e226041																						
82668	"Gilles d'Itancourt"	"Gilles d'Itancourt"					"de Saint-Quentin"	Paris_AN_JJ_inventaire_JJ37-50_index.xlsx#d1e226056																						
82669	"Gilles Flote"	"Gilles Flote"				"corr. et"		Paris_AN_JJ_inventaire_JJ37-50_index.xlsx#d1e226071																						
82670	"Gillette d'Oulches"	"Gillette d'Oulches"				"serve de l'abbaye d'Origny-Sainte-Benoîte"		Paris_AN_JJ_inventaire_JJ37-50_index.xlsx#d1e226138																						
82672	"Gilon Coquelot"	"Gilon Coquelot"						Paris_AN_JJ_inventaire_JJ37-50_index.xlsx#d1e226168																						
82673	"Ginot de Reims"	"Ginot de Reims"				sergent		Paris_AN_JJ_inventaire_JJ37-50_index.xlsx#d1e226264																						
82674	"Gioffredo de Gropo Sancti Petri"	"Gioffredo de Gropo Sancti Petri"						Paris_AN_JJ_inventaire_JJ37-50_index.xlsx#d1e226279																						
82675	Amicie	Amicie		Amicia		"relicta Guillelmi militis"		Paris_AN_JJ_inventaire_JJ37-50_index.xlsx#d1e137655																						
82676	"Giovanni de Boscagio"	"Giovanni de Boscagio"		"Boscagio (Giovanni de)"		"originaire d'Outre-mont, bourgeois du royaume"		Paris_AN_JJ_inventaire_JJ37-50_index.xlsx#d1e226317																						
82677	"Giozzolino della Marra"	"Giozzolino della Marra"				"maître rational de la Grande Cour, conseiller et familier du roi Charles Ier de Sicile"		Paris_AN_JJ_inventaire_JJ37-50_index.xlsx#d1e226343																						
82678	Girard	Girard						Paris_AN_JJ_inventaire_JJ37-50_index.xlsx#d1e226358																						
82679	"Girardin (Jean)"	"Girardin (Jean)"						Paris_AN_JJ_inventaire_JJ37-50_index.xlsx#d1e226385																						
82680	Giraud	Giraud				"v. Géraud, Guiraud"		Paris_AN_JJ_inventaire_JJ37-50_index.xlsx#d1e226396																						
82681	"Giraut (Giraud)"	"Giraut (Giraud)"				"dit de Sancto Jacobo, civis Canell..., notaire public royal dans la sénéchaussée de Beaucaire et Nîmes"		Paris_AN_JJ_inventaire_JJ37-50_index.xlsx#d1e226407																						
82682	"Girbert (Pons)"	"Girbert (Pons)"				notaire		Paris_AN_JJ_inventaire_JJ37-50_index.xlsx#d1e226425																						
82683	"Girodet de Sézanne"	"Girodet de Sézanne"						Paris_AN_JJ_inventaire_JJ37-50_index.xlsx#d1e226452																						
82684	"Girone (Me Pons)"	"Girone (Me Pons)"				"notaire de Béziers"		Paris_AN_JJ_inventaire_JJ37-50_index.xlsx#d1e226482																						
82685	"Girone (Me Pons)"	"Girone (Me Pons)"				"notaire de Béziers , — et commissaire député aux nouveaux acquêts à Narbonne et dans le Narbonnais"		Paris_AN_JJ_inventaire_JJ37-50_index.xlsx#d1e226494																						
82686	Amicie	Amicie				"femme de Gautier de Rueil, ses filles et héritières"		Paris_AN_JJ_inventaire_JJ37-50_index.xlsx#d1e137670																						
82687	"Girons de Pisseleux (Me)"	"Girons de Pisseleux (Me)"						Paris_AN_JJ_inventaire_JJ37-50_index.xlsx#d1e226509																						
82688	Giroud	Giroud				chevalier		Paris_AN_JJ_inventaire_JJ37-50_index.xlsx#d1e226524																						
82689	"Giroue (Amenon)"	"Giroue (Amenon)"				chevalier		Paris_AN_JJ_inventaire_JJ37-50_index.xlsx#d1e226535																						
82693	"Giunta (Niccolo di)"	"Giunta (Niccolo di)"				"de Sienne, demeurant à Vitry-en-Perthois"		Paris_AN_JJ_inventaire_JJ37-50_index.xlsx#d1e226907																						
82694	"Glat (Le)"	"Glat (Le)"						Paris_AN_JJ_inventaire_JJ37-50_index.xlsx#d1e226952																						
82696	Gobert	Gobert				"coutre de Saint-Quentin"		Paris_AN_JJ_inventaire_JJ37-50_index.xlsx#d1e227052																						
82697	"Jean Amiel"	"Jean Amiel"				"bourgeois de Narbonne"		Paris_AN_JJ_inventaire_JJ37-50_index.xlsx#d1e137686																						
82698	"Godard, Richard"	Godard	Richard					Paris_AN_JJ_inventaire_JJ37-50_index.xlsx#d1e227067																						
82699	Godefridus	Godefridus				"capellanus magistri P. de Bituris"		Paris_AN_JJ_inventaire_JJ37-50_index.xlsx#d1e227083																						
82700	"Godefroi (Robert)"	"Godefroi (Robert)"				"lieutenant du bailli de Caen"		Paris_AN_JJ_inventaire_JJ37-50_index.xlsx#d1e227098																						
82701	"Godefroi de Brabant"	"Godefroi de Brabant"				"frère de la reine Marie de Brabant"		Paris_AN_JJ_inventaire_JJ37-50_index.xlsx#d1e227113																						
82702	"Godefroi de Meerhem"	"Godefroi de Meerhem"				"jadis un des XXXIX de Gand, ses héritiers"		Paris_AN_JJ_inventaire_JJ37-50_index.xlsx#d1e227128																						
82703	"Godois (Hébert)"	"Godois (Hébert)"				"garde du sceau de la prévôté de Grez-sur-Loing"		Paris_AN_JJ_inventaire_JJ37-50_index.xlsx#d1e227157																						
82704	"Goloinh (Jean)"	"Goloinh (Jean)"				donzel		Paris_AN_JJ_inventaire_JJ37-50_index.xlsx#d1e227203																						
82705	"Gomboust (Philippon)"	"Gomboust (Philippon)"				"de Sézanne"		Paris_AN_JJ_inventaire_JJ37-50_index.xlsx#d1e227233																						
82706	"Gombraud (Guilhem)"	"Gombraud (Guilhem)"				"citoyen de Nîmes, commissaire de l'affaire des juifs à Nîmes"		Paris_AN_JJ_inventaire_JJ37-50_index.xlsx#d1e227248																						
82707	"Gonceaume (Oudard)"	"Gonceaume (Oudard)"				"de Villers, sa fille"		Paris_AN_JJ_inventaire_JJ37-50_index.xlsx#d1e227308																						
82708	"Amiel (Matfre)"	"Amiel (Matfre)"				"de Penne, ses biens (Amiel, Tarn, con Vaour, cne Penne)"		Paris_AN_JJ_inventaire_JJ37-50_index.xlsx#d1e137701																						
82709	"Gonsale (Pierre)"	"Gonsale (Pierre)"				"verdier de la forêt d'Anglès"		Paris_AN_JJ_inventaire_JJ37-50_index.xlsx#d1e227404																						
82711	"Gontiero da Siena"	"Gontiero da Siena"				"demeurant à Paris"		Paris_AN_JJ_inventaire_JJ37-50_index.xlsx#d1e227436																						
82712	Gosselin	Gosselin				vicomte	d'Arques	Paris_AN_JJ_inventaire_JJ37-50_index.xlsx#d1e227482																						
82713	"Got (Me Pierre)"	"Got (Me Pierre)"						Paris_AN_JJ_inventaire_JJ37-50_index.xlsx#d1e227497																						
82715	Gouaud	Gouaud				"Gouaut, Gouhaut, Gouvaut (Hugues, Hue), bailli de Bourges"		Paris_AN_JJ_inventaire_JJ37-50_index.xlsx#d1e227523																						
82716	Goubert	Goubert						Paris_AN_JJ_inventaire_JJ37-50_index.xlsx#d1e227550																						
82717	"Gouhaut (Hugues)"	"Gouhaut (Hugues)"						Paris_AN_JJ_inventaire_JJ37-50_index.xlsx#d1e227616																						
82718	"Gourlé (Adam)"	"Gourlé (Adam)"				"chevalier du Roi"		Paris_AN_JJ_inventaire_JJ37-50_index.xlsx#d1e227696																						
82719	"Pierre Amiel (Me)"	"Pierre Amiel (Me)"				"de Castres, légiste"		Paris_AN_JJ_inventaire_JJ37-50_index.xlsx#d1e137716																						
82720	"Gournay (Guillaume de)"	"Gournay (Guillaume de)"					?	Paris_AN_JJ_inventaire_JJ37-50_index.xlsx#d1e227717																						
82721	"Gournay (Hugues de)"	"Gournay (Hugues de)"					-en-Bray	Paris_AN_JJ_inventaire_JJ37-50_index.xlsx#d1e227732																						
82723	"Gouvaut (Hugues)"	"Gouvaut (Hugues)"						Paris_AN_JJ_inventaire_JJ37-50_index.xlsx#d1e227939																						
82725	"Gozi (Guilhem)"	"Gozi (Guilhem)"						Paris_AN_JJ_inventaire_JJ37-50_index.xlsx#d1e227982																						
82727	"Graille (Raimond)"	"Graille (Raimond)"				donzel		Paris_AN_JJ_inventaire_JJ37-50_index.xlsx#d1e228060																						
82730	"Simon Amiel"	"Simon Amiel"				"notaire royal de Carcassonne"		Paris_AN_JJ_inventaire_JJ37-50_index.xlsx#d1e137731																						
82731	"Gralli ou Galli (M° Raimond)"	"Gralli ou Galli (M° Raimond)"				notaire		Paris_AN_JJ_inventaire_JJ37-50_index.xlsx#d1e228185																						
82733	"Grand (Jean)"	"Grand (Jean)"				"prêtre du diocèse de Rodez"		Paris_AN_JJ_inventaire_JJ37-50_index.xlsx#d1e228277																						
82737	"Granel (Raimond)"	"Granel (Raimond)"				"de Mirepoix"		Paris_AN_JJ_inventaire_JJ37-50_index.xlsx#d1e228815																						
82738	"Grange (Gilles)"	"Grange (Gilles)"				"écuyer du roi"		Paris_AN_JJ_inventaire_JJ37-50_index.xlsx#d1e228830																						
82741	"Amiel de Lautrec"	"Amiel de Lautrec"				"archidiacre de Lézat"		Paris_AN_JJ_inventaire_JJ37-50_index.xlsx#d1e137746																						
82743	Graton	Graton				"seigneur de Clérieux, chevalier"		Paris_AN_JJ_inventaire_JJ37-50_index.xlsx#d1e229051																						
82744	Graudic	Graudic						Paris_AN_JJ_inventaire_JJ37-50_index.xlsx#d1e229066																						
82746	"Greffe (Le)"	"Greffe (Le)"					"surnom de greffier?"	Paris_AN_JJ_inventaire_JJ37-50_index.xlsx#d1e229196																						
82747	"Grel (Géraud)"	"Grel (Géraud)"				"consul de Fons"		Paris_AN_JJ_inventaire_JJ37-50_index.xlsx#d1e229222																						
82751	"Grilh (Me Pierre)"	"Grilh (Me Pierre)"				légiste		Paris_AN_JJ_inventaire_JJ37-50_index.xlsx#d1e229557																						
82752	Abraham	Abraham				juif		Paris_AN_JJ_inventaire_JJ37-50_index.xlsx#d1e132255																						
82753	"Adam de Moncelard"	"Adam de Moncelard"				"chevalier du roi, sénéchal de Beaucaire et Nîmes"		Paris_AN_JJ_inventaire_JJ37-50_index.xlsx#d1e132735																						
82754	"Amis d'Orléans (Me)"	"Amis d'Orléans (Me)"		"Amisius de Aurelianis"		"Amisius de Aurelianis, clerc du roi"		Paris_AN_JJ_inventaire_JJ37-50_index.xlsx#d1e138211|Paris_AN_JJ_inventaire_JJ37-50_index.xlsx#d1e138316																						
82756	"Grimaldi (Rainier)"	"Grimaldi (Rainier)"				"chevalier et amiral du roi"		Paris_AN_JJ_inventaire_JJ37-50_index.xlsx#d1e229608																						
82757	"Grimaud (Gui)"	"Grimaud (Gui)"				"bailli royal de Velay et Vivarais"		Paris_AN_JJ_inventaire_JJ37-50_index.xlsx#d1e229626																						
82758	"Grimaud (Guillaume)"	"Grimaud (Guillaume)"						Paris_AN_JJ_inventaire_JJ37-50_index.xlsx#d1e229641																						
82759	"Gromet (Jean) l'aîné"	"Gromet (Jean) l'aîné"				"Grommet (Jean) l'aîné"		Paris_AN_JJ_inventaire_JJ37-50_index.xlsx#d1e229702																						
82760	"Grosparmi (Jean)"	"Grosparmi (Jean)"				écuyer		Paris_AN_JJ_inventaire_JJ37-50_index.xlsx#d1e229777																						
82761	"Grosparmi (Raoul)"	"Grosparmi (Raoul)"				"évêque d'Orléans"		Paris_AN_JJ_inventaire_JJ37-50_index.xlsx#d1e229792																						
82763	"Gudins (Jean)"	"Gudins (Jean)"				"garde du sceau de la prévôté de Pierrefonds"		Paris_AN_JJ_inventaire_JJ37-50_index.xlsx#d1e229978																						
82764	"Guedin (Étienne)"	"Guedin (Étienne)"						Paris_AN_JJ_inventaire_JJ37-50_index.xlsx#d1e230039																						
82766	"Guérin de Castelnau"	"Guérin de Castelnau"				"seigneur du lieu, chevalier du roi Philippe III le Hardi"		Paris_AN_JJ_inventaire_JJ37-50_index.xlsx#d1e230109																						
82767	"Gueroude (Marie)"	"Gueroude (Marie)"				"femme de Pierre de Hangest"		Paris_AN_JJ_inventaire_JJ37-50_index.xlsx#d1e230125																						
82768	"Guerri (Henri)"	"Guerri (Henri)"						Paris_AN_JJ_inventaire_JJ37-50_index.xlsx#d1e230140																						
82769	"Guerri d'Effry"	"Guerri d'Effry"				"dit du Mont, sa femme"		Paris_AN_JJ_inventaire_JJ37-50_index.xlsx#d1e230155																						
82770	Gui	Gui				"comte de La Marche"		Paris_AN_JJ_inventaire_JJ37-50_index.xlsx#d1e230185																						
82771	Gui	Gui				"comte de Saint-Pol"		Paris_AN_JJ_inventaire_JJ37-50_index.xlsx#d1e230196																						
82772	"Gui dit Sire"	"Gui dit Sire"				"vous”, clerc"		Paris_AN_JJ_inventaire_JJ37-50_index.xlsx#d1e230208																						
82773	Gui	Gui				écuyer		Paris_AN_JJ_inventaire_JJ37-50_index.xlsx#d1e230223																						
82774	Gui	Gui				"frère de Baudouin de Caumont"		Paris_AN_JJ_inventaire_JJ37-50_index.xlsx#d1e230234																						
82776	"Bernard Amoros"	"Bernard Amoros"				"bourgeois de Narbonne, sa femme"		Paris_AN_JJ_inventaire_JJ37-50_index.xlsx#d1e138328																						
82777	Gui	Gui				"neveu de Me Gui Cointet"		Paris_AN_JJ_inventaire_JJ37-50_index.xlsx#d1e230264																						
82778	Gui	Gui				"seigneur de Montlaur"		Paris_AN_JJ_inventaire_JJ37-50_index.xlsx#d1e230279																						
82779	Gui	Gui				"vicomte de Comborn"		Paris_AN_JJ_inventaire_JJ37-50_index.xlsx#d1e230295																						
82780	"Gui d'Allemant"	"Gui d'Allemant"				chevalier		Paris_AN_JJ_inventaire_JJ37-50_index.xlsx#d1e230343																						
82781	"Gui de Bauçay"	"Gui de Bauçay"				"chevalier du roi"		Paris_AN_JJ_inventaire_JJ37-50_index.xlsx#d1e230358																						
82782	"Gui de Beryone (Me)"	"Gui de Beryone (Me)"				"clerc de Louis, roi de Navarre"		Paris_AN_JJ_inventaire_JJ37-50_index.xlsx#d1e230377																						
82784	"Gui de Castanet"	"Gui de Castanet"				donzel		Paris_AN_JJ_inventaire_JJ37-50_index.xlsx#d1e230410																						
82785	"Gui de Caumont"	"Gui de Caumont"						Paris_AN_JJ_inventaire_JJ37-50_index.xlsx#d1e230425																						
82786	Gui	Gui				"Guiot de Châteauvillain, clerc"		Paris_AN_JJ_inventaire_JJ37-50_index.xlsx#d1e230440																						
82788	"Gui IV de Châtillon"	"Gui IV de Châtillon"				"comte de Saint-Pol, bouteiller de France"		Paris_AN_JJ_inventaire_JJ37-50_index.xlsx#d1e230455																						
82789	"Gui de Damery"	"Gui de Damery"				"abbé de Notre-Dame de Val-Secret"		Paris_AN_JJ_inventaire_JJ37-50_index.xlsx#d1e230564																						
82790	"Gui de Dampierre"	"Gui de Dampierre"				"comte de Flandre et marquis de Namur"		Paris_AN_JJ_inventaire_JJ37-50_index.xlsx#d1e230579																						
82791	"Gui de Flandre"	"Gui de Flandre"						Paris_AN_JJ_inventaire_JJ37-50_index.xlsx#d1e230597																						
82792	"Gui de Grenant"	"Gui de Grenant"				chevalier		Paris_AN_JJ_inventaire_JJ37-50_index.xlsx#d1e230618																						
82793	"Gui de Jaulzy"	"Gui de Jaulzy"				chevalier		Paris_AN_JJ_inventaire_JJ37-50_index.xlsx#d1e230633																						
82794	"Gui II de Joinville"	"Gui II de Joinville"				"seigneur de Sailly"		Paris_AN_JJ_inventaire_JJ37-50_index.xlsx#d1e230648																						
82795	"Gui de La Borde"	"Gui de La Borde"				chevalier		Paris_AN_JJ_inventaire_JJ37-50_index.xlsx#d1e230664																						
82796	"Gui de La Charité"	"Gui de La Charité"				"évêque de Soissons"		Paris_AN_JJ_inventaire_JJ37-50_index.xlsx#d1e230679																						
82797	"Gui de La Marche"	"Gui de La Marche"				"oncle de Jeanne de La Marche"		Paris_AN_JJ_inventaire_JJ37-50_index.xlsx#d1e230703																						
82799	"Gui de Laon"	"Gui de Laon"				"chanoine de Laon, chapelain de Jeanne, comtesse d'Alençon et de Blois"		Paris_AN_JJ_inventaire_JJ37-50_index.xlsx#d1e230718																						
82800	"Gui de Launay"	"Gui de Launay"				chevalier		Paris_AN_JJ_inventaire_JJ37-50_index.xlsx#d1e230793																						
82801	"Gui VII de Laval"	"Gui VII de Laval"				chevalier		Paris_AN_JJ_inventaire_JJ37-50_index.xlsx#d1e230808																						
82802	"Gui III de Lévis"	"Gui III de Lévis"				"jadis seigneur de Mirepoix"		Paris_AN_JJ_inventaire_JJ37-50_index.xlsx#d1e230824																						
82803	"Gui de Livry"	"Gui de Livry"						Paris_AN_JJ_inventaire_JJ37-50_index.xlsx#d1e230839																						
82804	Gui	Gui				"Guiard de Lusignan, comte de La Marche et d'Angoulême"		Paris_AN_JJ_inventaire_JJ37-50_index.xlsx#d1e230850																						
82805	"Gui de Mello"	"Gui de Mello"				"évêque d'Auxerre"		Paris_AN_JJ_inventaire_JJ37-50_index.xlsx#d1e230904																						
82806	"Gui de Mons"	"Gui de Mons"				chevalier		Paris_AN_JJ_inventaire_JJ37-50_index.xlsx#d1e230919																						
82807	"Gui de Montfort"	"Gui de Montfort"				chevalier	"comte de Bigorre"	Paris_AN_JJ_inventaire_JJ37-50_index.xlsx#d1e230934																						
82808	"Gui de Montfort"	"Gui de Montfort"				"chevalier, fils de Simon de Montfort et d'Aliénor"		Paris_AN_JJ_inventaire_JJ37-50_index.xlsx#d1e230950																						
82810	"Gui de Noys (Me)"	"Gui de Noys (Me)"				"clerc, jadis procureur du roi dans le bailliage de Bourges"		Paris_AN_JJ_inventaire_JJ37-50_index.xlsx#d1e230968																						
82811	"Gui de Payrignac"	"Gui de Payrignac"				"procureur de Beaulieu-sur-Dordogne"		Paris_AN_JJ_inventaire_JJ37-50_index.xlsx#d1e230991																						
82812	"Gui de Pringy"	"Gui de Pringy"				"écuyer, puis chevalier de Louis Ier, comte de Nevers et de Rethel"		Paris_AN_JJ_inventaire_JJ37-50_index.xlsx#d1e231002																						
82813	"Gui d'Équancourt"	"Gui d'Équancourt"						Paris_AN_JJ_inventaire_JJ37-50_index.xlsx#d1e231017																						
82814	"Gui des Noes (Me)"	"Gui des Noes (Me)"				"clerc, garde du sceau de la prévôté de Sancoins"		Paris_AN_JJ_inventaire_JJ37-50_index.xlsx#d1e231032																						
82815	"Gui Ier de Toucy"	"Gui Ier de Toucy"				"seigneur de Bazames et de Pierre-Perthuis"		Paris_AN_JJ_inventaire_JJ37-50_index.xlsx#d1e231056																						
82816	"Gui II de Toucy"	"Gui II de Toucy"						Paris_AN_JJ_inventaire_JJ37-50_index.xlsx#d1e231071																						
82817	"Gui de Villers"	"Gui de Villers"				"chevalier du roi"		Paris_AN_JJ_inventaire_JJ37-50_index.xlsx#d1e231082																						
82818	"Gui d'Harcourt"	"Gui d'Harcourt"				"évêque de Lisieux"		Paris_AN_JJ_inventaire_JJ37-50_index.xlsx#d1e231093																						
82819	"Gui d'Houdancourt"	"Gui d'Houdancourt"				chevalier		Paris_AN_JJ_inventaire_JJ37-50_index.xlsx#d1e231108																						
82820	"Pierre Andras (Me)"	"Pierre Andras (Me)"				"notaire de Béziers"		Paris_AN_JJ_inventaire_JJ37-50_index.xlsx#d1e138669																						
82821	Gui-Dauphin	Gui-Dauphin				"seigneur de Montauban"		Paris_AN_JJ_inventaire_JJ37-50_index.xlsx#d1e231213																						
82822	Guiard	Guiard				"comte de La Marche et d'Angoulême"		Paris_AN_JJ_inventaire_JJ37-50_index.xlsx#d1e231228																						
82823	"Guiard de Biere"	"Guiard de Biere"						Paris_AN_JJ_inventaire_JJ37-50_index.xlsx#d1e231239																						
82824	"Guiard de Fontenay"	"Guiard de Fontenay"				écuyer		Paris_AN_JJ_inventaire_JJ37-50_index.xlsx#d1e231254																						
82825	"Guiard de Jouy"	"Guiard de Jouy"				"écuyer, huissier d'armes du roi"		Paris_AN_JJ_inventaire_JJ37-50_index.xlsx#d1e231272																						
82826	"Guiard de Manchecourt"	"Guiard de Manchecourt"				damoiseau		Paris_AN_JJ_inventaire_JJ37-50_index.xlsx#d1e231294																						
82827	"Guiard des Nés"	"Guiard des Nés"				"garde du sceau de la prévôté de Moret"		Paris_AN_JJ_inventaire_JJ37-50_index.xlsx#d1e231309																						
82828	"Guiard de Vaux"	"Guiard de Vaux"				"écuyer, garde du sceau de la prévôté de Provins"		Paris_AN_JJ_inventaire_JJ37-50_index.xlsx#d1e231324																						
82829	"Guibert de Fismes"	"Guibert de Fismes"				"garde du sceau de la prévôté de Fismes"		Paris_AN_JJ_inventaire_JJ37-50_index.xlsx#d1e231350																						
82830	"Guibert de Puycelci et sa famille"	"Guibert de Puycelci et sa famille"						Paris_AN_JJ_inventaire_JJ37-50_index.xlsx#d1e231365																						
82831	"Raimond André (Me)"	"Raimond André (Me)"				"chanoine de Saint-Aphrodise de Béziers"		Paris_AN_JJ_inventaire_JJ37-50_index.xlsx#d1e138702																						
82832	"Guichard VI"	"Guichard VI"				"sire de Beaujeu, chevalier ou chevalier du roi"		Paris_AN_JJ_inventaire_JJ37-50_index.xlsx#d1e231381																						
82833	"Guichard d'Amance"	"Guichard d'Amance"						Paris_AN_JJ_inventaire_JJ37-50_index.xlsx#d1e231405																						
82834	"Guichard de Beaujeu"	"Guichard de Beaujeu"						Paris_AN_JJ_inventaire_JJ37-50_index.xlsx#d1e231420																						
82835	"Guichard de Clérieux"	"Guichard de Clérieux"				chevalier		Paris_AN_JJ_inventaire_JJ37-50_index.xlsx#d1e231431																						
82836	"Guichard de Comborn"	"Guichard de Comborn"				"chevalier ou chevalier du roi, seigneur de Treignac"		Paris_AN_JJ_inventaire_JJ37-50_index.xlsx#d1e231446																						
82837	"Guichard de Marzé"	"Guichard de Marzé"				"chevalier du roi, sénéchal de Toulouse et Albi"		Paris_AN_JJ_inventaire_JJ37-50_index.xlsx#d1e231467																						
82838	"Guichard de Moulins"	"Guichard de Moulins"				"chevalier, bailli et garde du sceau royal du Velay"		Paris_AN_JJ_inventaire_JJ37-50_index.xlsx#d1e231502																						
82839	Guidi	Guidi				"Guy (Biche ou ser Albizzo et Mouche, Mouchet ou ser Musciatto), chevaliers du roi"		Paris_AN_JJ_inventaire_JJ37-50_index.xlsx#d1e231517																						
82840	"Guidi (Niccolo)"	"Guidi (Niccolo)"				"frère et héritier des précédents"		Paris_AN_JJ_inventaire_JJ37-50_index.xlsx#d1e231553																						
82841	"Guidi (Thote)"	"Guidi (Thote)"				marchand		Paris_AN_JJ_inventaire_JJ37-50_index.xlsx#d1e231577																						
82842	"Raimond André (Me)"	"Raimond André (Me)"				"notaire de Fontès"		Paris_AN_JJ_inventaire_JJ37-50_index.xlsx#d1e138717																						
82843	Guido	Guido						Paris_AN_JJ_inventaire_JJ37-50_index.xlsx#d1e231592																						
82844	Guido	Guido				"armiger, frater Guillelmi"	"Gui, fils d'Isabelle, dame de Villefargeau"	Paris_AN_JJ_inventaire_JJ37-50_index.xlsx#d1e231603																						
82845	"Guido buticularius"	"Guido buticularius"						Paris_AN_JJ_inventaire_JJ37-50_index.xlsx#d1e231619																						
82846	"Guido de Pariniaco"	"Guido de Pariniaco"				"procurator ville de Belloloco"	"Gui de Payrignac, procureur de Beaulieu-sur-Dordogne"	Paris_AN_JJ_inventaire_JJ37-50_index.xlsx#d1e231641																						
82847	"Guido de Tociaco"	"Guido de Tociaco"				"dominus Bacerne, miles"	"Gui II de Toucy, seigneur de Bazarnes"	Paris_AN_JJ_inventaire_JJ37-50_index.xlsx#d1e231656																						
82848	"Guido de Villaribus"	"Guido de Villaribus"				"miles regis"	"Gui de Villers, commissaire à la levée de l'aide au mariage de la reine d'Angleterre"	Paris_AN_JJ_inventaire_JJ37-50_index.xlsx#d1e231671																						
82849	"Guidonis (Guilhem)"	"Guidonis (Guilhem)"						Paris_AN_JJ_inventaire_JJ37-50_index.xlsx#d1e231686																						
82851	"Guiffrey (Guilhem)"	"Guiffrey (Guilhem)"						Paris_AN_JJ_inventaire_JJ37-50_index.xlsx#d1e231715																						
82852	"Guignard (Robert)"	"Guignard (Robert)"				chevalier		Paris_AN_JJ_inventaire_JJ37-50_index.xlsx#d1e231726																						
82853	"André de Chauvigny"	"André de Chauvigny"						Paris_AN_JJ_inventaire_JJ37-50_index.xlsx#d1e138744																						
82854	"Guignard (Simon)"	"Guignard (Simon)"				damoiseau		Paris_AN_JJ_inventaire_JJ37-50_index.xlsx#d1e231741																						
82856	"Guigues Adhémar (frère)"	"Guigues Adhémar (frère)"				"précepteur des maisons du Temple en Provence"		Paris_AN_JJ_inventaire_JJ37-50_index.xlsx#d1e231810																						
82857	"Guilabert de Saint-Paul"	"Guilabert de Saint-Paul"				chevalier		Paris_AN_JJ_inventaire_JJ37-50_index.xlsx#d1e231836																						
82858	"Guilbert (Bertrand)"	"Guilbert (Bertrand)"				"neveu de Guillaume de Nogaret"		Paris_AN_JJ_inventaire_JJ37-50_index.xlsx#d1e231851																						
82859	"Guilbert de Saint-Étienne"	"Guilbert de Saint-Étienne"				"abbé du Bec-Hellouin"		Paris_AN_JJ_inventaire_JJ37-50_index.xlsx#d1e231862																						
82860	Guilhelmet	Guilhelmet				"fils d'Amauri II, vicomte de Narbonne"		Paris_AN_JJ_inventaire_JJ37-50_index.xlsx#d1e231910																						
82861	"Guilhem (Bérenger)"	"Guilhem (Bérenger)"						Paris_AN_JJ_inventaire_JJ37-50_index.xlsx#d1e231925																						
82862	"Guilhem (Danès)"	"Guilhem (Danès)"				"de Saint-Julien-de-Campaneis"		Paris_AN_JJ_inventaire_JJ37-50_index.xlsx#d1e231936																						
82863	"Guilhem de Albenqueto (Me)"	"Guilhem de Albenqueto (Me)"				"notaire royal"		Paris_AN_JJ_inventaire_JJ37-50_index.xlsx#d1e232219																						
82864	"Adam de Monleon"	"Adam de Monleon"				"de Monte Leonis, tabellion de la Cour de Sens et notaire apostolique"		Paris_AN_JJ_inventaire_JJ37-50_index.xlsx#d1e132750																						
82865	"André de Couffraut"	"André de Couffraut"						Paris_AN_JJ_inventaire_JJ37-50_index.xlsx#d1e138762																						
82866	"Guilhem de Belaye"	"Guilhem de Belaye"				"notaire public royal dans toute la sénéchaussée de Périgord et Quercy"		Paris_AN_JJ_inventaire_JJ37-50_index.xlsx#d1e232234																						
82867	"Guilhem de Belfort"	"Guilhem de Belfort"						Paris_AN_JJ_inventaire_JJ37-50_index.xlsx#d1e232250																						
82868	"Guilhem de Bercellis"	"Guilhem de Bercellis"				"bourgeois et changeur de Toulouse"		Paris_AN_JJ_inventaire_JJ37-50_index.xlsx#d1e232265																						
82869	"Guilhem de Beuste (Me)"	"Guilhem de Beuste (Me)"				"notaire de la Cour de Béarn et de Sauveterre-de-Béam"		Paris_AN_JJ_inventaire_JJ37-50_index.xlsx#d1e232280																						
82870	"Guilhem de Blagnac le jeune"	"Guilhem de Blagnac le jeune"				"changeur de Toulouse"		Paris_AN_JJ_inventaire_JJ37-50_index.xlsx#d1e232295																						
82871	"Guilhem de Brésil"	"Guilhem de Brésil"				"notaire public de Saint-Martin-la-Lande"		Paris_AN_JJ_inventaire_JJ37-50_index.xlsx#d1e232310																						
82872	"Guilhem de Brousse"	"Guilhem de Brousse"				"baile de La Livinière"		Paris_AN_JJ_inventaire_JJ37-50_index.xlsx#d1e232325																						
82873	"Guilhem de Cahuzac (Me)"	"Guilhem de Cahuzac (Me)"				"notaire public de Toulouse et de la Cour du grand sceau royal de la sénéchaussée et viguerie de Toulouse"		Paris_AN_JJ_inventaire_JJ37-50_index.xlsx#d1e232341																						
82874	"Guilhem de Carsan"	"Guilhem de Carsan"				chevalier		Paris_AN_JJ_inventaire_JJ37-50_index.xlsx#d1e232359																						
82875	"Guilhem de Castanet (Me)"	"Guilhem de Castanet (Me)"				légiste		Paris_AN_JJ_inventaire_JJ37-50_index.xlsx#d1e232374																						
82876	"André de Fontainebleau (Me)"	"André de Fontainebleau (Me)"						Paris_AN_JJ_inventaire_JJ37-50_index.xlsx#d1e138777																						
82877	"Guilhem de Castro Novo"	"Guilhem de Castro Novo"				donzel		Paris_AN_JJ_inventaire_JJ37-50_index.xlsx#d1e232398																						
82878	"Guilhem de Conques"	"Guilhem de Conques"				"de Montpellier"		Paris_AN_JJ_inventaire_JJ37-50_index.xlsx#d1e232413																						
82879	"Guilhem de Donneville (frère)"	"Guilhem de Donneville (frère)"				"ministre des Trinitaires de Toulouse, provincial et vicaire général dudit ordre"		Paris_AN_JJ_inventaire_JJ37-50_index.xlsx#d1e232428																						
82880	"Guilhem de Gaudiès (Me)"	"Guilhem de Gaudiès (Me)"						Paris_AN_JJ_inventaire_JJ37-50_index.xlsx#d1e232444																						
82881	"Guilhem de La Barrière"	"Guilhem de La Barrière"				"lieutenant d'Arnaud Barasc"		Paris_AN_JJ_inventaire_JJ37-50_index.xlsx#d1e232474																						
82882	"Guilhem de La Brousse"	"Guilhem de La Brousse"						Paris_AN_JJ_inventaire_JJ37-50_index.xlsx#d1e232489																						
82883	"Guilhem de La Hille (ms. de Insula)"	"Guilhem de La Hille (ms. de Insula)"						Paris_AN_JJ_inventaire_JJ37-50_index.xlsx#d1e232507																						
82884	"Guilhem de La Roque (Me)"	"Guilhem de La Roque (Me)"				juriste		Paris_AN_JJ_inventaire_JJ37-50_index.xlsx#d1e232522																						
82885	"Guilhem de La Rouvière"	"Guilhem de La Rouvière"				"juge de la Cour commune d'Alès"		Paris_AN_JJ_inventaire_JJ37-50_index.xlsx#d1e232537																						
82886	"Guilhem de La Tour"	"Guilhem de La Tour"						Paris_AN_JJ_inventaire_JJ37-50_index.xlsx#d1e232553																						
82887	"André de La Mare"	"André de La Mare"						Paris_AN_JJ_inventaire_JJ37-50_index.xlsx#d1e138795																						
82888	"Guilhem de l'Isle"	"Guilhem de l'Isle"						Paris_AN_JJ_inventaire_JJ37-50_index.xlsx#d1e232568																						
82889	"Guilhem de Lunac"	"Guilhem de Lunac"						Paris_AN_JJ_inventaire_JJ37-50_index.xlsx#d1e232583																						
82890	"Guilhem de Malras"	"Guilhem de Malras"				"sénéchal de Lapenne et de Montbrun"		Paris_AN_JJ_inventaire_JJ37-50_index.xlsx#d1e232598																						
82891	"Guilhem de Maureville"	"Guilhem de Maureville"						Paris_AN_JJ_inventaire_JJ37-50_index.xlsx#d1e232613																						
82892	"Guilhem de Mons"	"Guilhem de Mons"				"notaire de la cour royale de Montpellier"		Paris_AN_JJ_inventaire_JJ37-50_index.xlsx#d1e232628																						
82893	"Guilhem de Montgros"	"Guilhem de Montgros"				roturier		Paris_AN_JJ_inventaire_JJ37-50_index.xlsx#d1e232647																						
82894	"Guilhem de Narbonne"	"Guilhem de Narbonne"						Paris_AN_JJ_inventaire_JJ37-50_index.xlsx#d1e232662																						
82895	"Guilhem de Palairac"	"Guilhem de Palairac"				"jadis pelletier de la Cité de Narbonne"		Paris_AN_JJ_inventaire_JJ37-50_index.xlsx#d1e232677																						
82896	"Guilhem de Pezens"	"Guilhem de Pezens"				"sergent d'armes du roi"		Paris_AN_JJ_inventaire_JJ37-50_index.xlsx#d1e232692																						
82897	"Guilhem de Rabastens"	"Guilhem de Rabastens"				"chevalier du Roi"		Paris_AN_JJ_inventaire_JJ37-50_index.xlsx#d1e232707																						
82898	"André de Laon"	"André de Laon"				"notaire public royal"		Paris_AN_JJ_inventaire_JJ37-50_index.xlsx#d1e138810																						
82899	"Guilhem de Romans"	"Guilhem de Romans"				"jurisconsulte ès droits civil et canon"		Paris_AN_JJ_inventaire_JJ37-50_index.xlsx#d1e232722																						
82900	"Guilhem de Saint-Just"	"Guilhem de Saint-Just"				"chevalier du Roi"		Paris_AN_JJ_inventaire_JJ37-50_index.xlsx#d1e232738																						
82901	"Guilhem de Saint-Martin"	"Guilhem de Saint-Martin"				"de Carcassonne"		Paris_AN_JJ_inventaire_JJ37-50_index.xlsx#d1e232762																						
82902	"Guilhem de Saubagnac"	"Guilhem de Saubagnac"				"bourgeois de Bayonne"		Paris_AN_JJ_inventaire_JJ37-50_index.xlsx#d1e232777																						
82903	"Guilhem de Sévérac"	"Guilhem de Sévérac"						Paris_AN_JJ_inventaire_JJ37-50_index.xlsx#d1e232792																						
82904	"Guilhem de Vassinhac"	"Guilhem de Vassinhac"				"prieur ou prévôt de Lafage-sur-Sombre"		Paris_AN_JJ_inventaire_JJ37-50_index.xlsx#d1e232807																						
82905	"Guilhem de Verniolle (Me)"	"Guilhem de Verniolle (Me)"				légiste		Paris_AN_JJ_inventaire_JJ37-50_index.xlsx#d1e232825																						
82906	"Guilhem de Villariorivoso"	"Guilhem de Villariorivoso"		Estève		"autrement dit Estève, notaire public apostolique et royal du diocèse de Carcassonne"		Paris_AN_JJ_inventaire_JJ37-50_index.xlsx#d1e232841|Paris_AN_JJ_inventaire_JJ37-50_index.xlsx#d1e207324																						
82907	"Guilhem de Viviers"	"Guilhem de Viviers"						Paris_AN_JJ_inventaire_JJ37-50_index.xlsx#d1e232856																						
82908	"Guilhem de Viviers (héritiers de)"	"Guilhem de Viviers (héritiers de)"						Paris_AN_JJ_inventaire_JJ37-50_index.xlsx#d1e232871																						
82909	"André de Saint-Quentin"	"André de Saint-Quentin"				"chantre et moine de Saint-Lucien-de-Beauvais"		Paris_AN_JJ_inventaire_JJ37-50_index.xlsx#d1e138826																						
82910	"Guilhem de Vogüé"	"Guilhem de Vogüé"				"convers et économe de l'abbaye de Mazan"		Paris_AN_JJ_inventaire_JJ37-50_index.xlsx#d1e232886																						
82911	"Guilhem du Barri"	"Guilhem du Barri"				"boucher de Saint-Antonin"		Paris_AN_JJ_inventaire_JJ37-50_index.xlsx#d1e232912																						
82912	"Guilhem-Arnaud de Tontoulon"	"Guilhem-Arnaud de Tontoulon"				"chevalier, sénéchal d'Agen pour le comte Raimond VII de Toulouse"		Paris_AN_JJ_inventaire_JJ37-50_index.xlsx#d1e233330																						
82913	"Guilhem-Odon d'Andoins"	"Guilhem-Odon d'Andoins"				donzel		Paris_AN_JJ_inventaire_JJ37-50_index.xlsx#d1e233345																						
82914	"Guilhem-Sanche de Pommiers"	"Guilhem-Sanche de Pommiers"						Paris_AN_JJ_inventaire_JJ37-50_index.xlsx#d1e233360																						
82915	"Guillaume Ier"	"Guillaume Ier"				"roi d'Angleterre"		Paris_AN_JJ_inventaire_JJ37-50_index.xlsx#d1e233390																						
82916	Guillaume	Guillaume				"archevêque de Reims"		Paris_AN_JJ_inventaire_JJ37-50_index.xlsx#d1e233405																						
82917	Guillaume	Guillaume				"aumônier du roi"		Paris_AN_JJ_inventaire_JJ37-50_index.xlsx#d1e233417																						
82918	"Guillaume (Me)"	"Guillaume (Me)"				"chantre de Milly"		Paris_AN_JJ_inventaire_JJ37-50_index.xlsx#d1e233428																						
82919	Guillaume	Guillaume				"chapelain de la chapelle de Saint-Sulpice-de-Graimbouville"		Paris_AN_JJ_inventaire_JJ37-50_index.xlsx#d1e233439																						
82920	"André d'Estella"	"André d'Estella"				"sergent d'armes du Roi"		Paris_AN_JJ_inventaire_JJ37-50_index.xlsx#d1e138841																						
82921	Guillaume	Guillaume				chevalier		Paris_AN_JJ_inventaire_JJ37-50_index.xlsx#d1e233454																						
82922	"Guillaume XIII"	"Guillaume XIII"				"fils aîné de Robert VII et de Blanche de Clermont"	"comte d'Auvergne et de Boulogne par la suite"	Paris_AN_JJ_inventaire_JJ37-50_index.xlsx#d1e233465																						
82923	Guillaume	Guillaume				"comte d'Auxerre"		Paris_AN_JJ_inventaire_JJ37-50_index.xlsx#d1e233480																						
82924	"Guillaume III"	"Guillaume III"				"comte de Genève"		Paris_AN_JJ_inventaire_JJ37-50_index.xlsx#d1e233492																						
82925	"Guillaume Ier"	"Guillaume Ier"		Guillelmus		"comte de Hainaut, Hollande et Zélande, seigneur de Frise, Guillelmus, comes Anagnie. Comes Anagnie"		Paris_AN_JJ_inventaire_JJ37-50_index.xlsx#d1e233507|Paris_AN_JJ_inventaire_JJ37-50_index.xlsx#d1e138358|Paris_AN_JJ_inventaire_JJ37-50_index.xlsx#d1e238206																						
82926	"Guillaume II"	"Guillaume II"				"comte de Varenne"		Paris_AN_JJ_inventaire_JJ37-50_index.xlsx#d1e233541																						
82927	"Guillaume V"	"Guillaume V"				"comte de Vienne et de Mâcon"		Paris_AN_JJ_inventaire_JJ37-50_index.xlsx#d1e233556																						
82928	"Guillaume le Conquérant"	"Guillaume le Conquérant"				"duc de Normandie et roi d'Angleterre"		Paris_AN_JJ_inventaire_JJ37-50_index.xlsx#d1e233571																						
82929	Guillaume	Guillaume				"écolier parisien, frère de Jean Philippe dit le Petit"		Paris_AN_JJ_inventaire_JJ37-50_index.xlsx#d1e233582																						
82930	"Guillaume (dame)"	"Guillaume (dame)"				"femme de Jame de Lamothe, bourgeoise de Brioude"		Paris_AN_JJ_inventaire_JJ37-50_index.xlsx#d1e233598																						
82931	"André III de Vitré"	"André III de Vitré"				"chevalier,, sa fille"	"seigneur du lieu"	Paris_AN_JJ_inventaire_JJ37-50_index.xlsx#d1e138856																						
82932	Guillaume	Guillaume				"fils de Baudouin de La Cour"		Paris_AN_JJ_inventaire_JJ37-50_index.xlsx#d1e233613																						
82933	Guillaume	Guillaume				"fils d'Enguerrand V de Guînes"		Paris_AN_JJ_inventaire_JJ37-50_index.xlsx#d1e233628																						
82935	Guillaume	Guillaume				"fils d'Osbern de Crépon"		Paris_AN_JJ_inventaire_JJ37-50_index.xlsx#d1e233657																						
82936	Guillaume	Guillaume				"neveu de Richaud d'Autun"		Paris_AN_JJ_inventaire_JJ37-50_index.xlsx#d1e233672																						
82937	Guillaume	Guillaume		Guillermus		"notaire d'Henri II, comte de Champagne"		Paris_AN_JJ_inventaire_JJ37-50_index.xlsx#d1e233688|Paris_AN_JJ_inventaire_JJ37-50_index.xlsx#d1e238578																						
82938	Guillaume	Guillaume				"seigneur de Brion"		Paris_AN_JJ_inventaire_JJ37-50_index.xlsx#d1e233699																						
82939	Guillaume	Guillaume				"seigneur de Chantilly"		Paris_AN_JJ_inventaire_JJ37-50_index.xlsx#d1e233714																						
82940	Guillaume	Guillaume				"seigneur de Châtillon-lès-Blandy et du Monceau"		Paris_AN_JJ_inventaire_JJ37-50_index.xlsx#d1e233733																						
82941	Guillaume	Guillaume				"seigneur de Courson-les-Carrières"		Paris_AN_JJ_inventaire_JJ37-50_index.xlsx#d1e233744																						
82942	Andriet	Andriet				"clerc de Me Guillaume Martin"		Paris_AN_JJ_inventaire_JJ37-50_index.xlsx#d1e138976																						
82943	Guillaume	Guillaume				"seigneur de Moussy-le-Vieux, chevalier"		Paris_AN_JJ_inventaire_JJ37-50_index.xlsx#d1e233755																						
82944	"Guillaume II"	"Guillaume II"				"seigneur de Tournon"		Paris_AN_JJ_inventaire_JJ37-50_index.xlsx#d1e233771																						
82945	Guillaume	Guillaume				"sire de..., v. Guillaume, seigneur de..."		Paris_AN_JJ_inventaire_JJ37-50_index.xlsx#d1e233786																						
82946	"Guillaume d'Arbourse"	"Guillaume d'Arbourse"				"chevalier de Mahaut Ire, comtesse de Nevers"		Paris_AN_JJ_inventaire_JJ37-50_index.xlsx#d1e234076																						
82947	"Guillaume d'Arbourse"	"Guillaume d'Arbourse"				"damoiseau, fils du précédent"		Paris_AN_JJ_inventaire_JJ37-50_index.xlsx#d1e234091																						
82948	"Guillaume d'Arganchy"	"Guillaume d'Arganchy"				écuyer		Paris_AN_JJ_inventaire_JJ37-50_index.xlsx#d1e234106																						
82949	"Guillaume d'Asnières"	"Guillaume d'Asnières"				"évêque de Lisieux"		Paris_AN_JJ_inventaire_JJ37-50_index.xlsx#d1e234122																						
82950	"Guillaume d'Auvergny"	"Guillaume d'Auvergny"				"seigneur dudit lieu, puis recteur de l'église de Francheville"		Paris_AN_JJ_inventaire_JJ37-50_index.xlsx#d1e234137																						
82951	"Guillaume d'Auvillers"	"Guillaume d'Auvillers"				chevalier		Paris_AN_JJ_inventaire_JJ37-50_index.xlsx#d1e234152																						
82952	"Guillaume d'Avon"	"Guillaume d'Avon"				"écuyer, ses enfants"		Paris_AN_JJ_inventaire_JJ37-50_index.xlsx#d1e234167																						
82953	"Andronic II Paléologue"	"Andronic II Paléologue"		"Andronic II"		"Paléologue, empereur grec de Constantinople"		Paris_AN_JJ_inventaire_JJ37-50_index.xlsx#d1e138991																						
82954	"Guillaume de Beaumoucel"	"Guillaume de Beaumoucel"				"seigneur de Fatouville, chevalier"		Paris_AN_JJ_inventaire_JJ37-50_index.xlsx#d1e234182																						
82955	"Guillaume de Beausseron"	"Guillaume de Beausseron"				"forestier royal de Chaource"		Paris_AN_JJ_inventaire_JJ37-50_index.xlsx#d1e234197																						
82956	"Guillaume de Bella Fago"	"Guillaume de Bella Fago"						Paris_AN_JJ_inventaire_JJ37-50_index.xlsx#d1e234213																						
82957	"Guillaume de Beuzemouchel"	"Guillaume de Beuzemouchel"						Paris_AN_JJ_inventaire_JJ37-50_index.xlsx#d1e234228																						
82958	"Guillaume de Biau"	"Guillaume de Biau"				"garde de la forêt du Mant"		Paris_AN_JJ_inventaire_JJ37-50_index.xlsx#d1e234243																						
82959	"Guillaume de Binanville"	"Guillaume de Binanville"				"chevalier, ses héritiers"		Paris_AN_JJ_inventaire_JJ37-50_index.xlsx#d1e234258																						
82960	"Guillaume de Boutervilliers"	"Guillaume de Boutervilliers"				chevalier		Paris_AN_JJ_inventaire_JJ37-50_index.xlsx#d1e234273																						
82961	"Guillaume de Breux"	"Guillaume de Breux"						Paris_AN_JJ_inventaire_JJ37-50_index.xlsx#d1e234288																						
82962	"Guillaume de Brucourt"	"Guillaume de Brucourt"				chevalier		Paris_AN_JJ_inventaire_JJ37-50_index.xlsx#d1e234304																						
82963	"Guillaume de Bussy"	"Guillaume de Bussy"				"sa fille"		Paris_AN_JJ_inventaire_JJ37-50_index.xlsx#d1e234322																						
82965	"Guillaume de Chalo"	"Guillaume de Chalo"						Paris_AN_JJ_inventaire_JJ37-50_index.xlsx#d1e234337																						
82966	"Guillaume de Chalon"	"Guillaume de Chalon"				"Guillelmus de Cabilone, comte d'Auxerre, de Chalon-sur-Saône et de Tonnerre, seigneur de Montjay et de Saint-Aignan-sur-Cher"		Paris_AN_JJ_inventaire_JJ37-50_index.xlsx#d1e234352																						
82967	"Guillaume de Champagne"	"Guillaume de Champagne"				"archevêque de Reims, cardinal de Sainte-Sabine, légat apostolique, oncle de Philippe Auguste"		Paris_AN_JJ_inventaire_JJ37-50_index.xlsx#d1e234379																						
82968	"Guillaume de Champs"	"Guillaume de Champs"				chevalier		Paris_AN_JJ_inventaire_JJ37-50_index.xlsx#d1e234403																						
82969	"Guillaume de Chanac (Me)"	"Guillaume de Chanac (Me)"				"magister de Chenaco, clerc du roi"		Paris_AN_JJ_inventaire_JJ37-50_index.xlsx#d1e234419																						
82970	"Guillaume de Chantilly"	"Guillaume de Chantilly"				"fils aîné du suivant"		Paris_AN_JJ_inventaire_JJ37-50_index.xlsx#d1e234458																						
82971	"Guillaume de Chantilly"	"Guillaume de Chantilly"				"seigneur du lieu"		Paris_AN_JJ_inventaire_JJ37-50_index.xlsx#d1e234473																						
82972	"Guillaume de Charny"	"Guillaume de Charny"				écuyer		Paris_AN_JJ_inventaire_JJ37-50_index.xlsx#d1e234491																						
82973	"Guillaume de Châteauvillain"	"Guillaume de Châteauvillain"				"fils de feu Jean de Châteauvillain"		Paris_AN_JJ_inventaire_JJ37-50_index.xlsx#d1e234506																						
82974	"Guillaume de Châteauvillain Sire de Boissy-le-Châtel"	"Guillaume de Châteauvillain Sire de Boissy-le-Châtel"				"chanoine de Châlons-sur-Marne"		Paris_AN_JJ_inventaire_JJ37-50_index.xlsx#d1e234524																						
82975	"Adam de Nanteuil-le-Haudouin"	"Adam de Nanteuil-le-Haudouin"				écuyer		Paris_AN_JJ_inventaire_JJ37-50_index.xlsx#d1e132768																						
82976	"Pierre Angelric"	"Pierre Angelric"						Paris_AN_JJ_inventaire_JJ37-50_index.xlsx#d1e139108																						
82977	"Guillaume de Chaudenay"	"Guillaume de Chaudenay"				"chevalier, bailli de Vitry-en-Perthois, commissaire aux franchises dans ce bailliage"		Paris_AN_JJ_inventaire_JJ37-50_index.xlsx#d1e234543																						
82978	"Guillaume de Chauvigny"	"Guillaume de Chauvigny"				"seigneur de Châteauroux, chevalier du roi"		Paris_AN_JJ_inventaire_JJ37-50_index.xlsx#d1e234570																						
82979	"Guillaume de Chenou (Me)"	"Guillaume de Chenou (Me)"				"clerc du roi, enquêteur-réformateur"		Paris_AN_JJ_inventaire_JJ37-50_index.xlsx#d1e234588																						
82980	"Guillaume de Chinon"	"Guillaume de Chinon"				"garde des châteaux du comté de Rethel"		Paris_AN_JJ_inventaire_JJ37-50_index.xlsx#d1e234603																						
82981	"Guillaume de Clagny (dame)"	"Guillaume de Clagny (dame)"						Paris_AN_JJ_inventaire_JJ37-50_index.xlsx#d1e234622																						
82982	"Guillaume de Cléville"	"Guillaume de Cléville"						Paris_AN_JJ_inventaire_JJ37-50_index.xlsx#d1e234637																						
82983	"Guillaume de Cohardon"	"Guillaume de Cohardon"				"sénéchal de Carcassonne"		Paris_AN_JJ_inventaire_JJ37-50_index.xlsx#d1e234653																						
82984	"Guillaume de Combray"	"Guillaume de Combray"				"dit aussi de Bonsentier, écuyer"		Paris_AN_JJ_inventaire_JJ37-50_index.xlsx#d1e234668																						
82985	"Guillaume de Combreux"	"Guillaume de Combreux"				"baile d'Agen"		Paris_AN_JJ_inventaire_JJ37-50_index.xlsx#d1e234695																						
82986	"Guillaume de Corre"	"Guillaume de Corre"				"ses héritiers"		Paris_AN_JJ_inventaire_JJ37-50_index.xlsx#d1e234710																						
82988	"Guillaume de Coucy"	"Guillaume de Coucy"				"sire de Marle et d'Oisy"		Paris_AN_JJ_inventaire_JJ37-50_index.xlsx#d1e234725																						
82989	"Guillaume de Courbetin"	"Guillaume de Courbetin"						Paris_AN_JJ_inventaire_JJ37-50_index.xlsx#d1e234740																						
82990	"Guillaume de Courcy"	"Guillaume de Courcy"				"chevalier du roi"		Paris_AN_JJ_inventaire_JJ37-50_index.xlsx#d1e234756																						
82991	"Guillaume de Croisset (frère)"	"Guillaume de Croisset (frère)"				"chapelain du château de Rouen, garde du sceau des obligations de la vicomté de Rouen"		Paris_AN_JJ_inventaire_JJ37-50_index.xlsx#d1e234771																						
82992	"Guillaume de Cuignières"	"Guillaume de Cuignières"				chevalier		Paris_AN_JJ_inventaire_JJ37-50_index.xlsx#d1e234789																						
82993	"Guillaume de Cussac"	"Guillaume de Cussac"				"chanoine de Clermont"		Paris_AN_JJ_inventaire_JJ37-50_index.xlsx#d1e234810																						
82994	"Guillaume de Dicy"	"Guillaume de Dicy"				"ses enfants"		Paris_AN_JJ_inventaire_JJ37-50_index.xlsx#d1e234825																						
82995	"Guillaume de Dicy"	"Guillaume de Dicy"				"prévôt de Sens"		Paris_AN_JJ_inventaire_JJ37-50_index.xlsx#d1e234840																						
82996	"Guillaume de Dol (Me)"	"Guillaume de Dol (Me)"		"Guillelmus de Dolis (magister)"		"Dolis, magister Guillelmus Dolis, clerc du roi"	de	Paris_AN_JJ_inventaire_JJ37-50_index.xlsx#d1e234856																						
82997	"Guillaume de Fécamp"	"Guillaume de Fécamp"				"fondateur de l'abbaye de Beaubec"		Paris_AN_JJ_inventaire_JJ37-50_index.xlsx#d1e234946																						
82998	"Anglésia de Montégut"	"Anglésia de Montégut"				"veuve de Thibaud de Lévis"		Paris_AN_JJ_inventaire_JJ37-50_index.xlsx#d1e139316																						
82999	"Guillaume Ier de Flandre"	"Guillaume Ier de Flandre"				"seigneur de Termonde et de Nesle, chevalier"		Paris_AN_JJ_inventaire_JJ37-50_index.xlsx#d1e234961																						
83000	"Guillaume II de Flandre"	"Guillaume II de Flandre"				"fils d'Alice de Clermont"		Paris_AN_JJ_inventaire_JJ37-50_index.xlsx#d1e234985																						
83001	"Guillaume de Flavacourt"	"Guillaume de Flavacourt"				"chevalier du Roi"		Paris_AN_JJ_inventaire_JJ37-50_index.xlsx#d1e235006																						
83002	"Guillaume de Forêt"	"Guillaume de Forêt"				"chevalier du Roi"		Paris_AN_JJ_inventaire_JJ37-50_index.xlsx#d1e235042																						
83003	Guillaume	Guillaume				"Guillot de Franconville, veneur du roi"		Paris_AN_JJ_inventaire_JJ37-50_index.xlsx#d1e235058																						
83004	"Guillaume de Gand"	"Guillaume de Gand"				chevalier		Paris_AN_JJ_inventaire_JJ37-50_index.xlsx#d1e235076																						
83005	"Guillaume de Gilly (Me)"	"Guillaume de Gilly (Me)"				"magister Guillelmus de Gilli, clerc du roi"		Paris_AN_JJ_inventaire_JJ37-50_index.xlsx#d1e235091																						
83006	"Guillaume de Gisors (Me)"	"Guillaume de Gisors (Me)"		"Guillelmus de Gisorcio (magister)"		"magister Guillelmus de Gisorcio, archidiacre d'Auge, clerc du roi"		Paris_AN_JJ_inventaire_JJ37-50_index.xlsx#d1e235125																						
83007	"Guillaume de Gournay"	"Guillaume de Gournay"				"sergent de la sergenterie de Cambremer, puis sergent fieffé de la sergenterie de Duclair"		Paris_AN_JJ_inventaire_JJ37-50_index.xlsx#d1e235152																						
83008	"Guillaume de Goussainville"	"Guillaume de Goussainville"				"sa veuve"		Paris_AN_JJ_inventaire_JJ37-50_index.xlsx#d1e235170																						
83010	"Guillaume de Grenouille"	"Guillaume de Grenouille"				"garde de la prévôté de Sens"		Paris_AN_JJ_inventaire_JJ37-50_index.xlsx#d1e235186																						
83011	"Guillaume de Hangest"	"Guillaume de Hangest"		"Guillelmus de Hangesto"		"l'aîné ou le vieux, trésorier du roi"		Paris_AN_JJ_inventaire_JJ37-50_index.xlsx#d1e235201																						
83012	"Guillaume de Hangest"	"Guillaume de Hangest"				"le jeune, Guillelmus de Hangesto junior"		Paris_AN_JJ_inventaire_JJ37-50_index.xlsx#d1e235231																						
83013	"Guillaume de Hommez"	"Guillaume de Hommez"						Paris_AN_JJ_inventaire_JJ37-50_index.xlsx#d1e235353																						
83014	"Guillaume de Joye"	"Guillaume de Joye"				"prêtre, chapelain dans l'église Notre-Dame de Loches"		Paris_AN_JJ_inventaire_JJ37-50_index.xlsx#d1e235368																						
83015	"Guillaume de La Boissière"	"Guillaume de La Boissière"				écuyer		Paris_AN_JJ_inventaire_JJ37-50_index.xlsx#d1e235383																						
83016	"Guiliaume de La Chassaigne"	"Guiliaume de La Chassaigne"				damoiseau		Paris_AN_JJ_inventaire_JJ37-50_index.xlsx#d1e235399																						
83017	"Guillaume de La Fontaine (frère)"	"Guillaume de La Fontaine (frère)"						Paris_AN_JJ_inventaire_JJ37-50_index.xlsx#d1e235414																						
83018	"Guillaume de la Geôle"	"Guillaume de la Geôle"						Paris_AN_JJ_inventaire_JJ37-50_index.xlsx#d1e235429																						
83019	"Guillaume de La Grange"	"Guillaume de La Grange"				écuyer		Paris_AN_JJ_inventaire_JJ37-50_index.xlsx#d1e235444																						
83021	"Guillaume de Laigue"	"Guillaume de Laigue"				"sergent d'armes du roi"		Paris_AN_JJ_inventaire_JJ37-50_index.xlsx#d1e235459																						
83022	"Guillaume de Laire"	"Guillaume de Laire"				"procureur du roi en Auvergne"		Paris_AN_JJ_inventaire_JJ37-50_index.xlsx#d1e235474																						
83023	"Guillaume de La Norville"	"Guillaume de La Norville"				"chevalier du roi"		Paris_AN_JJ_inventaire_JJ37-50_index.xlsx#d1e235505																						
83024	"Guillaume de La Périne"	"Guillaume de La Périne"				damoiseau		Paris_AN_JJ_inventaire_JJ37-50_index.xlsx#d1e235520																						
83025	"Guillaume de La Rivière"	"Guillaume de La Rivière"				"bailli d'Auvergne"		Paris_AN_JJ_inventaire_JJ37-50_index.xlsx#d1e235535																						
83026	"Guillaume de La Tour"	"Guillaume de La Tour"				"archidiacre de Périgueux"		Paris_AN_JJ_inventaire_JJ37-50_index.xlsx#d1e235550																						
83027	"Guillaume de Launoy"	"Guillaume de Launoy"				"sergent à verge du Châtelet de Paris"		Paris_AN_JJ_inventaire_JJ37-50_index.xlsx#d1e235568																						
83028	"Guillaume de Laurens"	"Guillaume de Laurens"				"valet de Raoul de Vichy"		Paris_AN_JJ_inventaire_JJ37-50_index.xlsx#d1e235583																						
83029	"Guillaume de Locis ou Logis? (Me)"	"Guillaume de Locis ou Logis? (Me)"				légiste		Paris_AN_JJ_inventaire_JJ37-50_index.xlsx#d1e235599																						
83030	"Guillaume de Loupsault"	"Guillaume de Loupsault"				"bourgeois de Saint-Jean-d'Angély"		Paris_AN_JJ_inventaire_JJ37-50_index.xlsx#d1e235614																						
83032	"Guillaume de Machau"	"Guillaume de Machau"				"valet de chambre du roi"		Paris_AN_JJ_inventaire_JJ37-50_index.xlsx#d1e235641																						
83033	"Guillaume de Machault"	"Guillaume de Machault"				"garde du scel de la prévôté de Melun"		Paris_AN_JJ_inventaire_JJ37-50_index.xlsx#d1e235665																						
83034	"Guillaume de Manchecourt"	"Guillaume de Manchecourt"				chevalier		Paris_AN_JJ_inventaire_JJ37-50_index.xlsx#d1e235680																						
83035	"Guillaume de Mantes"	"Guillaume de Mantes"				"chanoine de Bourges, commissaire aux nouveaux acquêts"		Paris_AN_JJ_inventaire_JJ37-50_index.xlsx#d1e235695																						
83036	"Guillaume de Marcilly"	"Guillaume de Marcilly"		"Guillelmus de Marcilliaco|G. de Marcilliaco"		"Guillelmus de Marcilliaco, seigneur d'Athis, chevalier du roi"		Paris_AN_JJ_inventaire_JJ37-50_index.xlsx#d1e235711																						
83037	"Guillaume de Matha"	"Guillaume de Matha"				chevalier		Paris_AN_JJ_inventaire_JJ37-50_index.xlsx#d1e235938																						
83038	"Guillaume de Matha"	"Guillaume de Matha"				"sire de lais et clerc du roi, commissaire d'Hugues de La Celle à La Rochelle"		Paris_AN_JJ_inventaire_JJ37-50_index.xlsx#d1e235953																						
83039	"Guillaume de Maulévrier"	"Guillaume de Maulévrier"				chevalier		Paris_AN_JJ_inventaire_JJ37-50_index.xlsx#d1e235977																						
83040	"Guillaume de Maumont"	"Guillaume de Maumont"				"chevalier du roi"		Paris_AN_JJ_inventaire_JJ37-50_index.xlsx#d1e235992																						
83041	"Guillaume de Mello"	"Guillaume de Mello"						Paris_AN_JJ_inventaire_JJ37-50_index.xlsx#d1e236010																						
83042	"Jean Anquetin"	"Jean Anquetin"						Paris_AN_JJ_inventaire_JJ37-50_index.xlsx#d1e140064																						
83043	"Guillaume de Melun"	"Guillaume de Melun"				"seigneur de Saint-Maurice-sur-Aveyron, juge député par la cour du roi"		Paris_AN_JJ_inventaire_JJ37-50_index.xlsx#d1e236026																						
83044	"Guillaume de Mercato"	"Guillaume de Mercato"				écuyer		Paris_AN_JJ_inventaire_JJ37-50_index.xlsx#d1e236041																						
83045	"Guillaume de Milly (Me)"	"Guillaume de Milly (Me)"				"chantre du lieu, clerc du roi"		Paris_AN_JJ_inventaire_JJ37-50_index.xlsx#d1e236056																						
83046	"Guillaume de Mons"	"Guillaume de Mons"				damoiseau		Paris_AN_JJ_inventaire_JJ37-50_index.xlsx#d1e236087																						
83047	"Guillaume de Montaigu"	"Guillaume de Montaigu"						Paris_AN_JJ_inventaire_JJ37-50_index.xlsx#d1e236102																						
83048	"Guillaume de Montjoie"	"Guillaume de Montjoie"				"seigneur de Glère"		Paris_AN_JJ_inventaire_JJ37-50_index.xlsx#d1e236117																						
83049	"Guillaume de Mont-Ruillon"	"Guillaume de Mont-Ruillon"						Paris_AN_JJ_inventaire_JJ37-50_index.xlsx#d1e236133																						
83050	"Guillaume de Moret"	"Guillaume de Moret"				"demeurant à Compiègne"		Paris_AN_JJ_inventaire_JJ37-50_index.xlsx#d1e236148																						
83051	"Guillaume de Morlaines (Me)"	"Guillaume de Morlaines (Me)"				"chanoine de Noyon"		Paris_AN_JJ_inventaire_JJ37-50_index.xlsx#d1e236163																						
83052	"Guillaume de Mortemer"	"Guillaume de Mortemer"				écuyer		Paris_AN_JJ_inventaire_JJ37-50_index.xlsx#d1e236178																						
83053	"Pierre Anseau"	"Pierre Anseau"				"de Varzy"		Paris_AN_JJ_inventaire_JJ37-50_index.xlsx#d1e140095																						
83054	"Guillaume de Mortery"	"Guillaume de Mortery"				"chevalier du roi"		Paris_AN_JJ_inventaire_JJ37-50_index.xlsx#d1e236193																						
83055	"Guillaume de Mussy"	"Guillaume de Mussy"				"chevalier et panetier du roi, enquêteur-réformateur dans les comtés de Champagne et Brie"		Paris_AN_JJ_inventaire_JJ37-50_index.xlsx#d1e236208																						
83056	"Guillaume de Nivelles"	"Guillaume de Nivelles"				"sire d'Uytbergen, chevalier et baron de Flandre"		Paris_AN_JJ_inventaire_JJ37-50_index.xlsx#d1e236227																						
83057	"Guillaume de Nogaret"	"Guillaume de Nogaret"		"Guillelmus de Nogareto|Guillelmus de Nongerato"		"Guillelmus de Nogareto de Nongareto, Nogaretus, chevalier du roi"		Paris_AN_JJ_inventaire_JJ37-50_index.xlsx#d1e236242																						
83058	"Guillaume de Nointel"	"Guillaume de Nointel"				"chanoine de Tours, commissaire aux nouveaux acquêts"		Paris_AN_JJ_inventaire_JJ37-50_index.xlsx#d1e236415																						
83059	"Guillaume de Noisy"	"Guillaume de Noisy"				"chambellan de Robert de Clermont"		Paris_AN_JJ_inventaire_JJ37-50_index.xlsx#d1e236430																						
83060	"Guillaume de Plaisians"	"Guillaume de Plaisians"				"Guillelmus de Plaisiano de Plasiano, chevalier du roi, seigneur de Vézénobres"		Paris_AN_JJ_inventaire_JJ37-50_index.xlsx#d1e236445																						
83061	"Guillaume de Planzolles"	"Guillaume de Planzolles"				"sergent d'armes du roi"		Paris_AN_JJ_inventaire_JJ37-50_index.xlsx#d1e236528																						
83062	"Guillaume de Préaux"	"Guillaume de Préaux"				chevalier		Paris_AN_JJ_inventaire_JJ37-50_index.xlsx#d1e236544																						
83063	"Guillaume de Puiseaux"	"Guillaume de Puiseaux"				chevalier		Paris_AN_JJ_inventaire_JJ37-50_index.xlsx#d1e236559																						
83064	"Anseau d'Émery"	"Anseau d'Émery"						Paris_AN_JJ_inventaire_JJ37-50_index.xlsx#d1e140110																						
83065	"Guillaume de Reims (Me)"	"Guillaume de Reims (Me)"				"avocat au Châtelet de Paris"		Paris_AN_JJ_inventaire_JJ37-50_index.xlsx#d1e236570																						
83066	"Guillaume de Ricarville"	"Guillaume de Ricarville"						Paris_AN_JJ_inventaire_JJ37-50_index.xlsx#d1e236588																						
83067	"Guillaume de Roquemont"	"Guillaume de Roquemont"				"Guillelmus de Roquemonte, sergent du roi"		Paris_AN_JJ_inventaire_JJ37-50_index.xlsx#d1e236606																						
83068	"Guillaume de Roumare"	"Guillaume de Roumare"						Paris_AN_JJ_inventaire_JJ37-50_index.xlsx#d1e236624																						
83069	"Guillaume de Roumilly"	"Guillaume de Roumilly"				écuyer		Paris_AN_JJ_inventaire_JJ37-50_index.xlsx#d1e236640																						
83070	"Guillaume de Rupella (Me)"	"Guillaume de Rupella (Me)"				prêtre		Paris_AN_JJ_inventaire_JJ37-50_index.xlsx#d1e236655																						
83071	"Guillaume de Ry (Me)"	"Guillaume de Ry (Me)"				"G. ou Guillelmus de Rivo ou Ryvo, clerc et familier du roi, chanoine et chancelier de l'église de Beauvais"		Paris_AN_JJ_inventaire_JJ37-50_index.xlsx#d1e236670																						
83072	"Guillaume de Saint-Marcel"	"Guillaume de Saint-Marcel"				"de Provins"		Paris_AN_JJ_inventaire_JJ37-50_index.xlsx#d1e236791																						
83073	"Guillaume de Saint-Oulph"	"Guillaume de Saint-Oulph"				écuyer		Paris_AN_JJ_inventaire_JJ37-50_index.xlsx#d1e236848																						
83074	"Guillaume de Saint-Pathus (frère)"	"Guillaume de Saint-Pathus (frère)"				"O.M., confesseur de Blanche de France"		Paris_AN_JJ_inventaire_JJ37-50_index.xlsx#d1e236863																						
83075	"Anseau de Valjouan (monseigneur)"	"Anseau de Valjouan (monseigneur)"				chevalier		Paris_AN_JJ_inventaire_JJ37-50_index.xlsx#d1e140125																						
83076	"Guillaume de Saint-Vaast"	"Guillaume de Saint-Vaast"				"tabellion des lettres du roi à Gournay-en-Bray"		Paris_AN_JJ_inventaire_JJ37-50_index.xlsx#d1e236879																						
83077	"Guillaume des Barres"	"Guillaume des Barres"				"sire de Villegenard, chevalier"		Paris_AN_JJ_inventaire_JJ37-50_index.xlsx#d1e236897																						
83078	"Guillaume des Buissons"	"Guillaume des Buissons"				"chanoine de Bourges"		Paris_AN_JJ_inventaire_JJ37-50_index.xlsx#d1e236912																						
83079	"Guillaume de Silly"	"Guillaume de Silly"				"jadis chevalier"		Paris_AN_JJ_inventaire_JJ37-50_index.xlsx#d1e236939																						
83080	"Guillaume des Moulins"	"Guillaume des Moulins"						Paris_AN_JJ_inventaire_JJ37-50_index.xlsx#d1e236954																						
83081	"Guillaume d'Esneval"	"Guillaume d'Esneval"				"chevalier du roi, son fils aîné"		Paris_AN_JJ_inventaire_JJ37-50_index.xlsx#d1e236969																						
83082	"Guillaume de Tancarville"	"Guillaume de Tancarville"		Guillaume		"damoiseau, fils de Robert, chambellan de Tancarville"		Paris_AN_JJ_inventaire_JJ37-50_index.xlsx#d1e236985|Paris_AN_JJ_inventaire_JJ37-50_index.xlsx#d1e233646																						
83083	Guillaume	Guillaume				"Guillelmus de Thevray, chevalier"		Paris_AN_JJ_inventaire_JJ37-50_index.xlsx#d1e237003																						
83084	"Guillaume de Thiers"	"Guillaume de Thiers"				"seigneur du château de Thiers"		Paris_AN_JJ_inventaire_JJ37-50_index.xlsx#d1e237021																						
83085	"Guillaume de Tournay"	"Guillaume de Tournay"				chevalier		Paris_AN_JJ_inventaire_JJ37-50_index.xlsx#d1e237039																						
83086	"Adam de Péronne"	"Adam de Péronne"				"valet du roi et garde de la prévôté de Melun"		Paris_AN_JJ_inventaire_JJ37-50_index.xlsx#d1e132787																						
83087	"Anselin de Sury"	"Anselin de Sury"						Paris_AN_JJ_inventaire_JJ37-50_index.xlsx#d1e140157																						
83088	"Guillaume de Tournebu"	"Guillaume de Tournebu"				"chevalier, seigneur de Marbeuf"		Paris_AN_JJ_inventaire_JJ37-50_index.xlsx#d1e237054																						
83089	"Guillaume de Trie (Me)"	"Guillaume de Trie (Me)"						Paris_AN_JJ_inventaire_JJ37-50_index.xlsx#d1e237069																						
83090	"Guillaume de Trie"	"Guillaume de Trie"				"pelletier, bourgeois royal de Paris"		Paris_AN_JJ_inventaire_JJ37-50_index.xlsx#d1e237085																						
83091	"Guillaume de Valence (Me)"	"Guillaume de Valence (Me)"				"chanoine de Notre-Dame de Chartres et de Mantes"		Paris_AN_JJ_inventaire_JJ37-50_index.xlsx#d1e237100																						
83092	"Guillaume de Vaucourtois"	"Guillaume de Vaucourtois"				chevalier		Paris_AN_JJ_inventaire_JJ37-50_index.xlsx#d1e237115																						
83093	"Guillaume de Verdelayo"	"Guillaume de Verdelayo"				"valet de Robert, roi de Sicile, et du prince Philippe de Tarente, sa femme"		Paris_AN_JJ_inventaire_JJ37-50_index.xlsx#d1e237130																						
83094	"Guillaume de Vilers"	"Guillaume de Vilers"				"écuyer et familier du roi de Navarre"		Paris_AN_JJ_inventaire_JJ37-50_index.xlsx#d1e237145																						
83095	"Guillaume de Villars"	"Guillaume de Villars"				damoiseau		Paris_AN_JJ_inventaire_JJ37-50_index.xlsx#d1e237160																						
83096	"Guillaume II de Villebéon"	"Guillaume II de Villebéon"				chevalier		Paris_AN_JJ_inventaire_JJ37-50_index.xlsx#d1e237176																						
83097	"Guillaume de Villers"	"Guillaume de Villers"				chevalier		Paris_AN_JJ_inventaire_JJ37-50_index.xlsx#d1e237194																						
83098	"Anseri (frère)"	"Anseri (frère)"				"chanoine de Saint-Faron-de-Meaux"		Paris_AN_JJ_inventaire_JJ37-50_index.xlsx#d1e140184																						
83099	"Guillaume de Villers"	"Guillaume de Villers"				"écuyer, valet du Roi"		Paris_AN_JJ_inventaire_JJ37-50_index.xlsx#d1e237209																						
83100	"Guillaume de Villiers"	"Guillaume de Villiers"				"damoiseau, valet du roi"		Paris_AN_JJ_inventaire_JJ37-50_index.xlsx#d1e237224																						
83101	"Guillaume de Voisins"	"Guillaume de Voisins"				"chevalier, seigneur de Couffoulens"		Paris_AN_JJ_inventaire_JJ37-50_index.xlsx#d1e237239																						
83102	"Guillaume d'Évreux"	"Guillaume d'Évreux"				"grenetier royal à Paris"		Paris_AN_JJ_inventaire_JJ37-50_index.xlsx#d1e237254																						
83103	"Guillaume d'Harcourt"	"Guillaume d'Harcourt"		"Guillelmus de Haracuria"		"Guillelmus de Haracuria, chevalier, conseiller et familier du roi, seigneur de La Saussaye, maître queux de France"		Paris_AN_JJ_inventaire_JJ37-50_index.xlsx#d1e237273																						
83104	"Guillaume d'Ivry"	"Guillaume d'Ivry"				chevalier		Paris_AN_JJ_inventaire_JJ37-50_index.xlsx#d1e237313																						
83105	"Guillaume du Bois"	"Guillaume du Bois"				"bailli de Caux"		Paris_AN_JJ_inventaire_JJ37-50_index.xlsx#d1e237328																						
83106	"Guillaume du Bois"	"Guillaume du Bois"		"Bosco (Guillelmus de)"		"Guillelmus de Bosco, trésorier du roi"		Paris_AN_JJ_inventaire_JJ37-50_index.xlsx#d1e237359																						
83107	"Guillaume du Buisson (Me)"	"Guillaume du Buisson (Me)"		"Guillelmus de Dumo"				Paris_AN_JJ_inventaire_JJ37-50_index.xlsx#d1e237386																						
83108	"Guillaume du Cochet"	"Guillaume du Cochet"						Paris_AN_JJ_inventaire_JJ37-50_index.xlsx#d1e237397																						
83109	Ansoud	Ansoud				"fils de Baudouin de La Croix"		Paris_AN_JJ_inventaire_JJ37-50_index.xlsx#d1e140199																						
83110	"Guillaume du Monceau"	"Guillaume du Monceau"				"concierge de Paucourt"		Paris_AN_JJ_inventaire_JJ37-50_index.xlsx#d1e237413																						
83111	"Guillaume du Monceau"	"Guillaume du Monceau"				"chevalier, sire de Châtillon-lès-Blandy et du Monceau"		Paris_AN_JJ_inventaire_JJ37-50_index.xlsx#d1e237428																						
83112	"Guillaume du Puy"	"Guillaume du Puy"				"sergent d'armes du roi saint Louis"		Paris_AN_JJ_inventaire_JJ37-50_index.xlsx#d1e237443																						
83113	"Guillaume d'Usages"	"Guillaume d'Usages"				"chevalier du roi, vidame du Mans"		Paris_AN_JJ_inventaire_JJ37-50_index.xlsx#d1e237469																						
83114	"Guillaume le Couard"	"Guillaume le Couard"						Paris_AN_JJ_inventaire_JJ37-50_index.xlsx#d1e237711																						
83115	"Guilleberti (Bertrandus) (Bertrandus), nepos domini Guillelmi de Nogareto"	"Guilleberti (Bertrandus) (Bertrandus), nepos domini Guillelmi de Nogareto"				"nepos domini Guillelmi de Nogareto (Bertrand Guilbert)"		Paris_AN_JJ_inventaire_JJ37-50_index.xlsx#d1e238191																						
83117	Guillelmus	Guillelmus				"dominus de Courçon"	"Guillaume, seigneur de Courson-les-Carrières"	Paris_AN_JJ_inventaire_JJ37-50_index.xlsx#d1e238217																						
83118	Guillelmus	Guillelmus				elemosinarius	"Guillaume, aumônier du roi"	Paris_AN_JJ_inventaire_JJ37-50_index.xlsx#d1e238232																						
83119	Guillelmus	Guillelmus				"miles, et relicta ejus"	"Guillaume, fils d'Isabelle, dame de Villefargeau"	Paris_AN_JJ_inventaire_JJ37-50_index.xlsx#d1e238248																						
83120	"Anteaume de Wargnies"	"Anteaume de Wargnies"				"chevalier du roi"		Paris_AN_JJ_inventaire_JJ37-50_index.xlsx#d1e140214																						
83121	"Guillelmus Courtehause"	"Guillelmus Courtehause"				Courteheuse		Paris_AN_JJ_inventaire_JJ37-50_index.xlsx#d1e238274																						
83122	"Guillelmus de Bosco"	"Guillelmus de Bosco"						Paris_AN_JJ_inventaire_JJ37-50_index.xlsx#d1e238285																						
83123	"Guillelmus de Cabilone"	"Guillelmus de Cabilone"						Paris_AN_JJ_inventaire_JJ37-50_index.xlsx#d1e238296																						
83124	"Guillelmus de Chaynone"	"Guillelmus de Chaynone"					"Guillaume de Chinon, garde des châteaux du comté de Rethel"	Paris_AN_JJ_inventaire_JJ37-50_index.xlsx#d1e238307																						
83125	"Guillaume du Buisson"	"Guillaume du Buisson"		"Buisson (Guillaume du)|Guillelmus de Dumo"			"Me Guillaume du Buisson, commissaire à la levée de l'aide au mariage de la reine d'Angleterre"	Paris_AN_JJ_inventaire_JJ37-50_index.xlsx#d1e238323																						
83126	"Guillelmus de Gilli (magister)"	"Guillelmus de Gilli (magister)"						Paris_AN_JJ_inventaire_JJ37-50_index.xlsx#d1e238338																						
83127	"Guillelmus de Gisorcio"	"Guillelmus de Gisorcio"						Paris_AN_JJ_inventaire_JJ37-50_index.xlsx#d1e238349																						
83128	"Guillelmus de Hangesto junior"	"Guillelmus de Hangesto junior"						Paris_AN_JJ_inventaire_JJ37-50_index.xlsx#d1e238360																						
83129	"Guillelmus de Haracuria"	"Guillelmus de Haracuria"						Paris_AN_JJ_inventaire_JJ37-50_index.xlsx#d1e238371																						
83130	"Guillelmus de Joigniaco"	"Guillelmus de Joigniaco"				"miles, dominus de Sancto Mauricio"	"Guillaume de Joigny, seigneur de Saint-Maurice-Thizouaille"	Paris_AN_JJ_inventaire_JJ37-50_index.xlsx#d1e238382																						
83132	"Guillelmus de Marcilliaco"	"Guillelmus de Marcilliaco"						Paris_AN_JJ_inventaire_JJ37-50_index.xlsx#d1e238398																						
83133	"Guillelmus de Nogareto"	"Guillelmus de Nogareto"				Nongareto		Paris_AN_JJ_inventaire_JJ37-50_index.xlsx#d1e238409																						
83134	"Guillelmus de Plaisiano"	"Guillelmus de Plaisiano"				Plasiano		Paris_AN_JJ_inventaire_JJ37-50_index.xlsx#d1e238420																						
83135	"Guillelmus de Puiseaus"	"Guillelmus de Puiseaus"				miles	"Guillaume de Puiseaux"	Paris_AN_JJ_inventaire_JJ37-50_index.xlsx#d1e238431																						
83136	"Guillelmus de Rivo"	"Guillelmus de Rivo"						Paris_AN_JJ_inventaire_JJ37-50_index.xlsx#d1e238446																						
83137	"Guillelmus de Roquemonte"	"Guillelmus de Roquemonte"						Paris_AN_JJ_inventaire_JJ37-50_index.xlsx#d1e238457																						
83138	"Guillelmus de Thevray"	"Guillelmus de Thevray"						Paris_AN_JJ_inventaire_JJ37-50_index.xlsx#d1e238469																						
83139	"Guillemet de Laigue"	"Guillemet de Laigue"				"fils de Guillaume de Laigue"		Paris_AN_JJ_inventaire_JJ37-50_index.xlsx#d1e238480																						
83140	Guillemin	Guillemin				"fils de feu Guillaume de Dicy et de Marie"		Paris_AN_JJ_inventaire_JJ37-50_index.xlsx#d1e238495																						
83141	"Guillemin de Chevry"	"Guillemin de Chevry"				écuyer		Paris_AN_JJ_inventaire_JJ37-50_index.xlsx#d1e238510																						
83142	"Jean Antoine"	"Jean Antoine"				"juge royal à Cahors"		Paris_AN_JJ_inventaire_JJ37-50_index.xlsx#d1e140276																						
83143	"Guillemin de Saint-Germain"	"Guillemin de Saint-Germain"						Paris_AN_JJ_inventaire_JJ37-50_index.xlsx#d1e238525																						
83144	Guillemote	Guillemote				"femme de Raoul de Gandelu, ses enfants"		Paris_AN_JJ_inventaire_JJ37-50_index.xlsx#d1e238563																						
83146	"Guillot de Franconville"	"Guillot de Franconville"						Paris_AN_JJ_inventaire_JJ37-50_index.xlsx#d1e238593																						
83148	"Guiomarc'h de Lamballe"	"Guiomarc'h de Lamballe"				"clerc tenant le sceau royal à La Rochelle"		Paris_AN_JJ_inventaire_JJ37-50_index.xlsx#d1e238742																						
83149	"Guion de Bretagne"	"Guion de Bretagne"		Gui		"Guion de Bretagne, fils puîné du duc Arthur II, frère du duc Jean III"		Paris_AN_JJ_inventaire_JJ37-50_index.xlsx#d1e238757|Paris_AN_JJ_inventaire_JJ37-50_index.xlsx#d1e230392|Paris_AN_JJ_inventaire_JJ37-50_index.xlsx#d1e230253																						
83150	"Guion de Villars-Montroyer"	"Guion de Villars-Montroyer"				"chevalier, conseiller de la duchesse et du duc de Bourgogne"		Paris_AN_JJ_inventaire_JJ37-50_index.xlsx#d1e238769																						
83151	"Guionet de Ravel"	"Guionet de Ravel"						Paris_AN_JJ_inventaire_JJ37-50_index.xlsx#d1e238784																						
83152	Guiot	Guiot				"fils de Hugues II de Bouville"		Paris_AN_JJ_inventaire_JJ37-50_index.xlsx#d1e238799																						
83154	"Guiot de Bellebouche"	"Guiot de Bellebouche"						Paris_AN_JJ_inventaire_JJ37-50_index.xlsx#d1e238836																						
83155	"Guiot de Châteauvillain"	"Guiot de Châteauvillain"						Paris_AN_JJ_inventaire_JJ37-50_index.xlsx#d1e238852																						
83156	"Guiot de Doue"	"Guiot de Doue"				écuyer		Paris_AN_JJ_inventaire_JJ37-50_index.xlsx#d1e238863																						
83157	"Guirandel (Pons)"	"Guirandel (Pons)"				"courtier public de la cité de Nîmes"		Paris_AN_JJ_inventaire_JJ37-50_index.xlsx#d1e238911																						
83158	"Guiraud de Lodève"	"Guiraud de Lodève"				"chevalier du roi, seigneur de Fontès"		Paris_AN_JJ_inventaire_JJ37-50_index.xlsx#d1e238927																						
83159	"Guiraud de Mognerio (corr. Noguerio)"	"Guiraud de Mognerio (corr. Noguerio)"				"Nogerio, notaire public royal"		Paris_AN_JJ_inventaire_JJ37-50_index.xlsx#d1e238942																						
83160	"Guiraud de Telleto"	"Guiraud de Telleto"				"lieutenant du sénéchal de Beaucaire"		Paris_AN_JJ_inventaire_JJ37-50_index.xlsx#d1e238960																						
83161	"Guiraud de Vissec"	"Guiraud de Vissec"				"seigneur du château de Belfort"		Paris_AN_JJ_inventaire_JJ37-50_index.xlsx#d1e238975																						
83162	"Guirodon (Bernard)"	"Guirodon (Bernard)"				"bourgeois du roi dans la sénéchaussée de Rouergue"		Paris_AN_JJ_inventaire_JJ37-50_index.xlsx#d1e238990																						
83163	"Guis de Livry"	"Guis de Livry"						Paris_AN_JJ_inventaire_JJ37-50_index.xlsx#d1e239005																						
83165	"Guitard (Bernard)"	"Guitard (Bernard)"				"clavaire de Béziers et lieutenant du trésorier royal de Carcassonne dans la ville et viguerie de Béziers"		Paris_AN_JJ_inventaire_JJ37-50_index.xlsx#d1e239044																						
83166	"Guitard (Pierre)"	"Guitard (Pierre)"				"chanoine de Saint-Astier"		Paris_AN_JJ_inventaire_JJ37-50_index.xlsx#d1e239059																						
83169	"Guy (Biche et Mouche)"	"Guy (Biche et Mouche)"						Paris_AN_JJ_inventaire_JJ37-50_index.xlsx#d1e239108																						
83171	"Guyfredi (Guilhem)"	"Guyfredi (Guilhem)"				"donzel, commissaire révocable aux lieux de transit"	Guiffrey	Paris_AN_JJ_inventaire_JJ37-50_index.xlsx#d1e239193																						
83172	"H. de Cella"	"H. de Cella"						Paris_AN_JJ_inventaire_JJ37-50_index.xlsx#d1e239260																						
83173	"H. de Sapignies"	"H. de Sapignies"				"chevalier du roi"		Paris_AN_JJ_inventaire_JJ37-50_index.xlsx#d1e239271																						
83176	"Haec (Baudin)"	"Haec (Baudin)"					"bourgeois de Gand"	Paris_AN_JJ_inventaire_JJ37-50_index.xlsx#d1e239349																						
83177	"Haec (Georges et Henri)"	"Haec (Georges et Henri)"				"bourgeois de Gand"		Paris_AN_JJ_inventaire_JJ37-50_index.xlsx#d1e239364																						
83178	"Hagin d'Épernay"	"Hagin d'Épernay"				juif		Paris_AN_JJ_inventaire_JJ37-50_index.xlsx#d1e239382																						
83181	"Halbout (Me Philippe)"	"Halbout (Me Philippe)"				"chanoine du Saint-Sépulcre de Caen, lieutenant de Jean de Viertot et du vicomte de Falaise"		Paris_AN_JJ_inventaire_JJ37-50_index.xlsx#d1e239638																						
83183	"Hamon des Pavillons"	"Hamon des Pavillons"						Paris_AN_JJ_inventaire_JJ37-50_index.xlsx#d1e239743																						
83184	"Hanequin (Johannes) de Baule"	"Hanequin (Johannes) de Baule"				"serviens Castelleti"		Paris_AN_JJ_inventaire_JJ37-50_index.xlsx#d1e239773																						
83188	"Hannequin de Brandes"	"Hannequin de Brandes"				"fils de Jean de Brandes"		Paris_AN_JJ_inventaire_JJ37-50_index.xlsx#d1e239904																						
83189	"Hanoot (Jean)"	"Hanoot (Jean)"				"de Gand"		Paris_AN_JJ_inventaire_JJ37-50_index.xlsx#d1e239919																						
83190	"Hapard (Huard)"	"Hapard (Huard)"				"bourgeois de Vailly"		Paris_AN_JJ_inventaire_JJ37-50_index.xlsx#d1e239967																						
83192	"Hardi (Me Denis)"	"Hardi (Me Denis)"						Paris_AN_JJ_inventaire_JJ37-50_index.xlsx#d1e240190																						
83193	"Hardouin (Jean)"	"Hardouin (Jean)"				"bourgeois de Gournay-en-Bray"		Paris_AN_JJ_inventaire_JJ37-50_index.xlsx#d1e240201																						
83194	"Hardouin (Robert)"	"Hardouin (Robert)"				"frère du précédent"		Paris_AN_JJ_inventaire_JJ37-50_index.xlsx#d1e240216																						
83195	"Hardouin de Fougeré"	"Hardouin de Fougeré"				"valet, sire de La Haie-Joulain"		Paris_AN_JJ_inventaire_JJ37-50_index.xlsx#d1e240232																						
83196	Hardy	Hardy				"Hardi (Me Denis), clerc, commissaire d'Hugues de La Celle"		Paris_AN_JJ_inventaire_JJ37-50_index.xlsx#d1e240279																						
83197	"Adam des Mesins"	"Adam des Mesins"				"prévôt de Saint-Quentin"		Paris_AN_JJ_inventaire_JJ37-50_index.xlsx#d1e132805																						
83199	"Harel (Raoul)"	"Harel (Raoul)"						Paris_AN_JJ_inventaire_JJ37-50_index.xlsx#d1e240306																						
83200	"Haron (Richard)"	"Haron (Richard)"				"corr. Harou"		Paris_AN_JJ_inventaire_JJ37-50_index.xlsx#d1e240400																						
83201	"Hasnier (Corrado)"	"Hasnier (Corrado)"				d'Asti		Paris_AN_JJ_inventaire_JJ37-50_index.xlsx#d1e240446																						
83203	"Hatet (Gilles)"	"Hatet (Gilles)"				"prévôt de Moret"		Paris_AN_JJ_inventaire_JJ37-50_index.xlsx#d1e240513																						
83204	"Haudri (Étienne)"	"Haudri (Étienne)"				"Haudry (Étienne)"		Paris_AN_JJ_inventaire_JJ37-50_index.xlsx#d1e240543																						
83205	"Haudri (Jean)"	"Haudri (Jean)"				"bourgeois de Paris, valet du roi"		Paris_AN_JJ_inventaire_JJ37-50_index.xlsx#d1e240568																						
83207	"Havard (Guillaume) de Ferrières"	"Havard (Guillaume) de Ferrières"						Paris_AN_JJ_inventaire_JJ37-50_index.xlsx#d1e240845																						
83209	"Guillaume Argence"	"Guillaume Argence"		"Guillaume Argences"		"Argences (Guillaume)"		Paris_AN_JJ_inventaire_JJ37-50_index.xlsx#d1e141495																						
83211	"Havez (Haquin)"	"Havez (Haquin)"				"juif, jadis habitant d'Issoudun"		Paris_AN_JJ_inventaire_JJ37-50_index.xlsx#d1e240956																						
83214	"Hébert (Martin)"	"Hébert (Martin)"				"de la paroisse de Burcy"		Paris_AN_JJ_inventaire_JJ37-50_index.xlsx#d1e241217																						
83215	"Hector de Liestres"	"Hector de Liestres"						Paris_AN_JJ_inventaire_JJ37-50_index.xlsx#d1e241258																						
83217	Hélène	Hélène				"fille de Jean d'Outre-Lys"		Paris_AN_JJ_inventaire_JJ37-50_index.xlsx#d1e241317																						
83218	Hélène	Hélène				"mère de Gaillard de Maurs"		Paris_AN_JJ_inventaire_JJ37-50_index.xlsx#d1e241332																						
83219	"Helias de Girennia"	"Helias de Girennia"				"clericus, procurator episcopi, decani et capituli Engolisme"		Paris_AN_JJ_inventaire_JJ37-50_index.xlsx#d1e241347																						
83220	"Arman (Bernard)"	"Arman (Bernard)"				légiste		Paris_AN_JJ_inventaire_JJ37-50_index.xlsx#d1e141704																						
83221	"Helias Taillerandi"	"Helias Taillerandi"				"comes Petragoricensis"		Paris_AN_JJ_inventaire_JJ37-50_index.xlsx#d1e241362																						
83222	Hélie	Hélie				prénom		Paris_AN_JJ_inventaire_JJ37-50_index.xlsx#d1e241374																						
83223	"Hélie (Arnaud)"	"Hélie (Arnaud)"				"légiste, du Bourg de Carcassonne, co-seigneur de Villarzel-du-Razès, juge criminel"		Paris_AN_JJ_inventaire_JJ37-50_index.xlsx#d1e241385																						
83224	"Hélie (Bernard)"	"Hélie (Bernard)"				"écuyer, baile de Sainte Foy-la-Grande"		Paris_AN_JJ_inventaire_JJ37-50_index.xlsx#d1e241416																						
83225	"Hellet (Félisot)"	"Hellet (Félisot)"				"de Lames, son fils"		Paris_AN_JJ_inventaire_JJ37-50_index.xlsx#d1e241427																						
83226	"Hellin de Waziers"	"Hellin de Waziers"				chevalier		Paris_AN_JJ_inventaire_JJ37-50_index.xlsx#d1e241442																						
83227	"Héloïse de Courtieux"	"Héloïse de Courtieux"				"femme de corps du roi et de Saint-Crépin de Soissons, demeurant à Compiègne"		Paris_AN_JJ_inventaire_JJ37-50_index.xlsx#d1e241457																						
83228	"Helye (Bernardus)"	"Helye (Bernardus)"				"armiger, nuper bajulus Sancte Fidis"		Paris_AN_JJ_inventaire_JJ37-50_index.xlsx#d1e241473																						
83230	"Hennequin de Pervyse"	"Hennequin de Pervyse"				"valet de la reine Marie de Brabant"		Paris_AN_JJ_inventaire_JJ37-50_index.xlsx#d1e241529																						
83231	"Armand VII"	"Armand VII"				"vicomte de Polignac, chevalier du roi"		Paris_AN_JJ_inventaire_JJ37-50_index.xlsx#d1e141720																						
83232	"Henout (Geoffroi)"	"Henout (Geoffroi)"						Paris_AN_JJ_inventaire_JJ37-50_index.xlsx#d1e241559																						
83233	"Henri Ier"	"Henri Ier"				"roi de France"		Paris_AN_JJ_inventaire_JJ37-50_index.xlsx#d1e241575																						
83234	"Henri Ier"	"Henri Ier"				"roi d'Angleterre"		Paris_AN_JJ_inventaire_JJ37-50_index.xlsx#d1e241593																						
83235	"Henri II"	"Henri II"				"roi d'Angleterre, duc de Normandie"		Paris_AN_JJ_inventaire_JJ37-50_index.xlsx#d1e241614																						
83236	Henri	Henri				"abbé de Cîteaux"		Paris_AN_JJ_inventaire_JJ37-50_index.xlsx#d1e241635																						
83237	Henri	Henri				"abbé de Montier-la-Celle"		Paris_AN_JJ_inventaire_JJ37-50_index.xlsx#d1e241650																						
83238	"Henri III"	"Henri III"				"comte de Bar"		Paris_AN_JJ_inventaire_JJ37-50_index.xlsx#d1e241665																						
83239	"Henri Ier"	"Henri Ier"				"comte de Grandpré"		Paris_AN_JJ_inventaire_JJ37-50_index.xlsx#d1e241684																						
83240	"Henri Ier"	"Henri Ier"				"comte palatin de Troyes"		Paris_AN_JJ_inventaire_JJ37-50_index.xlsx#d1e241699																						
83241	Henri	Henri				"fils aîné du feu comte de Luxembourg, seigneur de la Roche-en Ardennes"		Paris_AN_JJ_inventaire_JJ37-50_index.xlsx#d1e241714																						
83242	"Armand de Montaigu"	"Armand de Montaigu"				"chevalier, seigneur du château de Mondenard"		Paris_AN_JJ_inventaire_JJ37-50_index.xlsx#d1e141738																						
83243	Henri	Henri				"seigneur d'Avaugour"		Paris_AN_JJ_inventaire_JJ37-50_index.xlsx#d1e241729																						
83244	"Henri II"	"Henri II"				"seigneur de Blâmont"		Paris_AN_JJ_inventaire_JJ37-50_index.xlsx#d1e241740																						
83245	Henri	Henri				"seigneur de Hans, chevalier"		Paris_AN_JJ_inventaire_JJ37-50_index.xlsx#d1e241755																						
83246	Henri	Henri				"seigneur de Sully-sur-Loire"		Paris_AN_JJ_inventaire_JJ37-50_index.xlsx#d1e241774																						
83247	"Henri d'Autry (Me)"	"Henri d'Autry (Me)"				clerc		Paris_AN_JJ_inventaire_JJ37-50_index.xlsx#d1e241807																						
83248	"Henri d'Avaugour"	"Henri d'Avaugour"				"seigneur du lieu, seigneur de Mayenne et de Goëllo"		Paris_AN_JJ_inventaire_JJ37-50_index.xlsx#d1e241822																						
83250	"Henri de Bar"	"Henri de Bar"						Paris_AN_JJ_inventaire_JJ37-50_index.xlsx#d1e241852																						
83251	"Henri de Bourgogne"	"Henri de Bourgogne"						Paris_AN_JJ_inventaire_JJ37-50_index.xlsx#d1e241864																						
83252	"Henri de Briey"	"Henri de Briey"		"Briey (Henri de)"				Paris_AN_JJ_inventaire_JJ37-50_index.xlsx#d1e241879																						
83253	Armand	Armand		"Armandus de Saltu"		"Armandus de Saltu, chevalier"		Paris_AN_JJ_inventaire_JJ37-50_index.xlsx#d1e141753																						
83254	"Henri de Cérilly"	"Henri de Cérilly"				écuyer		Paris_AN_JJ_inventaire_JJ37-50_index.xlsx#d1e241894																						
83255	"Henri de Chesnay"	"Henri de Chesnay"				"garde du sceau de la vicomté de Coutances"		Paris_AN_JJ_inventaire_JJ37-50_index.xlsx#d1e241909																						
83256	"Henri de Courpalay"	"Henri de Courpalay"				chevalier		Paris_AN_JJ_inventaire_JJ37-50_index.xlsx#d1e241924																						
83257	"Henri de Dicy"	"Henri de Dicy"				"bourgeois de Villeneuve-le-Roi"		Paris_AN_JJ_inventaire_JJ37-50_index.xlsx#d1e241942																						
83258	"Henri de Dulphey"	"Henri de Dulphey"				"chevalier, enquêteur des fraudes commises dans le transit des laines"		Paris_AN_JJ_inventaire_JJ37-50_index.xlsx#d1e241958																						
83259	"Henri de Lacy"	"Henri de Lacy"				"comte de Lincoln"		Paris_AN_JJ_inventaire_JJ37-50_index.xlsx#d1e241969																						
83260	"Henri de La Rousselière"	"Henri de La Rousselière"						Paris_AN_JJ_inventaire_JJ37-50_index.xlsx#d1e241984																						
83261	"Henri de Peis"	"Henri de Peis"				écuyer		Paris_AN_JJ_inventaire_JJ37-50_index.xlsx#d1e241999																						
83262	"Henri de Ryes (Me)"	"Henri de Ryes (Me)"						Paris_AN_JJ_inventaire_JJ37-50_index.xlsx#d1e242014																						
83263	"Henri de Saint-Riquier (Me)"	"Henri de Saint-Riquier (Me)"				"procureur des marchands de poisson de mer"		Paris_AN_JJ_inventaire_JJ37-50_index.xlsx#d1e242029																						
83265	"Henri de Sennecey"	"Henri de Sennecey"				"abbé de Tournus"		Paris_AN_JJ_inventaire_JJ37-50_index.xlsx#d1e242048																						
83266	"Henri des Murs"	"Henri des Murs"				chevalier		Paris_AN_JJ_inventaire_JJ37-50_index.xlsx#d1e242063																						
83267	"Henri des Roches"	"Henri des Roches"				chevalier		Paris_AN_JJ_inventaire_JJ37-50_index.xlsx#d1e242081																						
83268	"Henri IV de Sully"	"Henri IV de Sully"				"seigneur de Sully-sur-Loire, chevalier du roi"		Paris_AN_JJ_inventaire_JJ37-50_index.xlsx#d1e242096																						
83269	"Henri d'Oulchy"	"Henri d'Oulchy"				"écuyer, garde du sceau de la prévôté d'Oulchy-le-Château"		Paris_AN_JJ_inventaire_JJ37-50_index.xlsx#d1e242127																						
83270	"Henri du Horret (Me)"	"Henri du Horret (Me)"				"clerc du roi"		Paris_AN_JJ_inventaire_JJ37-50_index.xlsx#d1e242142																						
83271	"Henri du Miroir"	"Henri du Miroir"					"de Gand"	Paris_AN_JJ_inventaire_JJ37-50_index.xlsx#d1e242158																						
83272	"Henri du Val"	"Henri du Val"				écuyer		Paris_AN_JJ_inventaire_JJ37-50_index.xlsx#d1e242173																						
83273	"Henri le Breton"	"Henri le Breton"						Paris_AN_JJ_inventaire_JJ37-50_index.xlsx#d1e242210																						
83274	"Henricus de Dulphiaco"	"Henricus de Dulphiaco"				miles	"Henri de Dulphey, enquêteur des fraudes commises dans le transit des laines"	Paris_AN_JJ_inventaire_JJ37-50_index.xlsx#d1e242244																						
83275	Armindus	Armindus				"professeur en droit, conseiller et familier du roi Charles Ier de Sicile"		Paris_AN_JJ_inventaire_JJ37-50_index.xlsx#d1e141785																						
83276	"Herbelot du Parc"	"Herbelot du Parc"				"garde de la forêt de Sourdun"		Paris_AN_JJ_inventaire_JJ37-50_index.xlsx#d1e242285																						
83277	Herbert	Herbert				"fils du comte Albert Ier de Vermandois"		Paris_AN_JJ_inventaire_JJ37-50_index.xlsx#d1e242300																						
83278	"Hermant de Soissons"	"Hermant de Soissons"				"garde du scel de la vicomté de Rouen"		Paris_AN_JJ_inventaire_JJ37-50_index.xlsx#d1e242413																						
83280	"Hermier de Montmartre"	"Hermier de Montmartre"				"écuyer du roi"		Paris_AN_JJ_inventaire_JJ37-50_index.xlsx#d1e242454																						
83281	"Herout (Laurent) clerc"	"Herout (Laurent) clerc"				"commissaire aux nouveaux acquêts dans le bailliage de Corentin"		Paris_AN_JJ_inventaire_JJ37-50_index.xlsx#d1e242502																						
83283	"Herpin d'Erquery"	"Herpin d'Erquery"				"chevalier et panetier du roi, député en Flandre"		Paris_AN_JJ_inventaire_JJ37-50_index.xlsx#d1e242550																						
83284	"Hertherii (Sicard)"	"Hertherii (Sicard)"						Paris_AN_JJ_inventaire_JJ37-50_index.xlsx#d1e242607																						
83286	"Arnaud de Coloniis"	"Arnaud de Coloniis"		"Arnaldus de Coloniis"		procurator		Paris_AN_JJ_inventaire_JJ37-50_index.xlsx#d1e141816|Paris_AN_JJ_inventaire_JJ37-50_index.xlsx#d1e142137																						
83287	Hervé	Hervé				"seigneur de Ruffec"		Paris_AN_JJ_inventaire_JJ37-50_index.xlsx#d1e242639																						
83288	"Hervé de Graçay"	"Hervé de Graçay"				"chevalier, commissaire du roi"		Paris_AN_JJ_inventaire_JJ37-50_index.xlsx#d1e242654																						
83289	"Hervé de La Trinité"	"Hervé de La Trinité"				"notaire au Châtelet"		Paris_AN_JJ_inventaire_JJ37-50_index.xlsx#d1e242669																						
83290	"Hervé VI de Léon"	"Hervé VI de Léon"				"chevalier, seigneur de Noyon-sur-Andelle"		Paris_AN_JJ_inventaire_JJ37-50_index.xlsx#d1e242684																						
83291	"Hervoët de Montrelais"	"Hervoët de Montrelais"				"clerc de Hugues de La Celle"		Paris_AN_JJ_inventaire_JJ37-50_index.xlsx#d1e242715																						
83295	"Hispa (Gomez)"	"Hispa (Gomez)"						Paris_AN_JJ_inventaire_JJ37-50_index.xlsx#d1e243000																						
83296	"Honoré d'Amiens"	"Honoré d'Amiens"				"ses enfants"		Paris_AN_JJ_inventaire_JJ37-50_index.xlsx#d1e243220																						
83298	"Honorius IV"	"Honorius IV"				pape		Paris_AN_JJ_inventaire_JJ37-50_index.xlsx#d1e243247																						
83299	"Honors de Marquefave"	"Honors de Marquefave"						Paris_AN_JJ_inventaire_JJ37-50_index.xlsx#d1e243262																						
83302	"Hostiarii (Guillaume)"	"Hostiarii (Guillaume)"						Paris_AN_JJ_inventaire_JJ37-50_index.xlsx#d1e243341																						
83303	Houdée	Houdée				"veuve de Clair Potier"		Paris_AN_JJ_inventaire_JJ37-50_index.xlsx#d1e243384																						
83304	"Hubert de La Vente"	"Hubert de La Vente"						Paris_AN_JJ_inventaire_JJ37-50_index.xlsx#d1e243489																						
83305	"Hue du Pont"	"Hue du Pont"				"clerc, juré du Roi à Provins"		Paris_AN_JJ_inventaire_JJ37-50_index.xlsx#d1e243504																						
83306	"Huelin (Guillaume)"	"Huelin (Guillaume)"				"de Pontoise"		Paris_AN_JJ_inventaire_JJ37-50_index.xlsx#d1e243542																						
83307	"Huesson de Corrobert"	"Huesson de Corrobert"						Paris_AN_JJ_inventaire_JJ37-50_index.xlsx#d1e243557																						
83308	"Adam de Soisy"	"Adam de Soisy"				chevalier		Paris_AN_JJ_inventaire_JJ37-50_index.xlsx#d1e132820																						
83309	"G. Arnaud (Me)"	"G. Arnaud (Me)"				"de Paris, notaire royal à Carcassonne"		Paris_AN_JJ_inventaire_JJ37-50_index.xlsx#d1e141842																						
83310	Huet	Huet				"frère de Jean le Provain"		Paris_AN_JJ_inventaire_JJ37-50_index.xlsx#d1e243572																						
83311	Huet	Huet				"seigneur de La Ferté-Bernard"		Paris_AN_JJ_inventaire_JJ37-50_index.xlsx#d1e243587																						
83312	"Huet de Baussay"	"Huet de Baussay"						Paris_AN_JJ_inventaire_JJ37-50_index.xlsx#d1e243603																						
83313	"Huet de Saint-Pierre-ès-Champs"	"Huet de Saint-Pierre-ès-Champs"				écuyer		Paris_AN_JJ_inventaire_JJ37-50_index.xlsx#d1e243618																						
83314	"Huet du Formier"	"Huet du Formier"				"bourgeois de Coutances"		Paris_AN_JJ_inventaire_JJ37-50_index.xlsx#d1e243633																						
83315	"Hugo de Castro Novo"	"Hugo de Castro Novo"						Paris_AN_JJ_inventaire_JJ37-50_index.xlsx#d1e243690																						
83316	"Hugo de Cella"	"Hugo de Cella"						Paris_AN_JJ_inventaire_JJ37-50_index.xlsx#d1e243705																						
83317	"Hugon (Raimond)"	"Hugon (Raimond)"				"notaire public de Villefranche-de-Rouergue et de la sénéchaussée de Rouergue"		Paris_AN_JJ_inventaire_JJ37-50_index.xlsx#d1e243716																						
83318	"Hugonet de Villexavier"	"Hugonet de Villexavier"				"valet d'Iolande de Lusignan"		Paris_AN_JJ_inventaire_JJ37-50_index.xlsx#d1e243734																						
83319	"Hugonnet de Gressin (?)"	"Hugonnet de Gressin (?)"						Paris_AN_JJ_inventaire_JJ37-50_index.xlsx#d1e243757																						
83320	"Guilhem Arnaud"	"Guilhem Arnaud"						Paris_AN_JJ_inventaire_JJ37-50_index.xlsx#d1e141857																						
83321	Huguenin	Huguenin				"seigneur de Ternant"		Paris_AN_JJ_inventaire_JJ37-50_index.xlsx#d1e243772																						
83322	"Huguenin de Busseaux"	"Huguenin de Busseaux"				"Hugues de Busseaux, damoiseau, paroissien de Moussy"		Paris_AN_JJ_inventaire_JJ37-50_index.xlsx#d1e243788																						
83323	Huguenin	Huguenin				"Hugues de Châteauvillain"		Paris_AN_JJ_inventaire_JJ37-50_index.xlsx#d1e243803																						
83324	"Huguenin de Châtillon"	"Huguenin de Châtillon"						Paris_AN_JJ_inventaire_JJ37-50_index.xlsx#d1e243821																						
83325	"Huguenin de Cicon"	"Huguenin de Cicon"						Paris_AN_JJ_inventaire_JJ37-50_index.xlsx#d1e243836																						
83326	Hugues	Hugues				"abbé de Beaulieu-en-Argonne"		Paris_AN_JJ_inventaire_JJ37-50_index.xlsx#d1e243851																						
83327	"Hugues XII le Brun"	"Hugues XII le Brun"				"comte de La Marche et d'Angoulême, seigneur de Fougères"		Paris_AN_JJ_inventaire_JJ37-50_index.xlsx#d1e243869																						
83328	"Hugues XIII le Brun"	"Hugues XIII le Brun"				"comte de La Marche et d'Angoulême"		Paris_AN_JJ_inventaire_JJ37-50_index.xlsx#d1e243885																						
83329	Hugues	Hugues				"comte de Soissons et sire de Chimay"		Paris_AN_JJ_inventaire_JJ37-50_index.xlsx#d1e243916																						
83330	"Hugues IV"	"Hugues IV"				"duc de Bourgogne , sa fille"		Paris_AN_JJ_inventaire_JJ37-50_index.xlsx#d1e243927																						
83331	"Arnaud (Me Guilhem)"	"Arnaud (Me Guilhem)"				"de Cornèze, légiste"		Paris_AN_JJ_inventaire_JJ37-50_index.xlsx#d1e141884																						
83332	"Hugues V"	"Hugues V"				"duc de Bourgogne"		Paris_AN_JJ_inventaire_JJ37-50_index.xlsx#d1e243954																						
83333	Hugues	Hugues				"évêque de Coutances, son fils"		Paris_AN_JJ_inventaire_JJ37-50_index.xlsx#d1e243988																						
83334	Hugues	Hugues				"fils de Me Guilhem Garric"		Paris_AN_JJ_inventaire_JJ37-50_index.xlsx#d1e244003																						
83335	Hugues	Hugues				"seigneur de Bouville et de Farcheville"		Paris_AN_JJ_inventaire_JJ37-50_index.xlsx#d1e244019																						
83336	Hugues	Hugues				"seigneur de Gournay-en-Bray"		Paris_AN_JJ_inventaire_JJ37-50_index.xlsx#d1e244030																						
83337	Hugues	Hugues				"sire des Granges et de Lames, chevalier"		Paris_AN_JJ_inventaire_JJ37-50_index.xlsx#d1e244045																						
83338	"Hugues d'Andryes"	"Hugues d'Andryes"				"tavernier et bourgeois de Paris"		Paris_AN_JJ_inventaire_JJ37-50_index.xlsx#d1e244082																						
83339	"Hugues d'Antoing"	"Hugues d'Antoing"				écuyer		Paris_AN_JJ_inventaire_JJ37-50_index.xlsx#d1e244098																						
83340	"Hugues Dauphin"	"Hugues Dauphin"						Paris_AN_JJ_inventaire_JJ37-50_index.xlsx#d1e244113																						
83341	"Hugues de Bayeux"	"Hugues de Bayeux"				"évêque de Bayeux"		Paris_AN_JJ_inventaire_JJ37-50_index.xlsx#d1e244124																						
83342	"Guillaume Arnaud"	"Guillaume Arnaud"				"recteur de l'église de Binas"		Paris_AN_JJ_inventaire_JJ37-50_index.xlsx#d1e141899																						
83343	"Hugues de Bourgogne"	"Hugues de Bourgogne"				"chevalier ou chevalier du roi"		Paris_AN_JJ_inventaire_JJ37-50_index.xlsx#d1e244139																						
83344	"Hugues II de Bouville"	"Hugues II de Bouville"				"seigneur de Milly, chevalier et chambellan du roi"		Paris_AN_JJ_inventaire_JJ37-50_index.xlsx#d1e244170																						
83345	"Hugues III de Bouville"	"Hugues III de Bouville"				"seigneur du lieu et de Farcheville, chevalier et chambellan du roi"		Paris_AN_JJ_inventaire_JJ37-50_index.xlsx#d1e244201																						
83346	"Hugues de Busseaux"	"Hugues de Busseaux"						Paris_AN_JJ_inventaire_JJ37-50_index.xlsx#d1e244245																						
83347	"Hugues de Cairols (Me)"	"Hugues de Cairols (Me)"				"de Montréal, puis habitant de Toulouse, légiste"		Paris_AN_JJ_inventaire_JJ37-50_index.xlsx#d1e244256																						
83348	"Hugues de Castro Novo"	"Hugues de Castro Novo"						Paris_AN_JJ_inventaire_JJ37-50_index.xlsx#d1e244298																						
83349	"Hugues de Chambly"	"Hugues de Chambly"						Paris_AN_JJ_inventaire_JJ37-50_index.xlsx#d1e244309																						
83350	"Hugues de Châteauvillain"	"Hugues de Châteauvillain"						Paris_AN_JJ_inventaire_JJ37-50_index.xlsx#d1e244324																						
83351	"Hugues de Châtillon"	"Hugues de Châtillon"				"comte de Blois et sire d'Avesnes"		Paris_AN_JJ_inventaire_JJ37-50_index.xlsx#d1e244335																						
83352	"Hugues de Châtillon"	"Hugues de Châtillon"				"seigneur de Leuze et de Condé-sur-l'Escaut"		Paris_AN_JJ_inventaire_JJ37-50_index.xlsx#d1e244354																						
83353	"Arnaud III"	"Arnaud III"				"seigneur de Fenouillèdes"		Paris_AN_JJ_inventaire_JJ37-50_index.xlsx#d1e141915																						
83354	"Hugues de Cicon"	"Hugues de Cicon"				"sire de Bourguignon-lès-Conflans, chevalier, sa veuve"		Paris_AN_JJ_inventaire_JJ37-50_index.xlsx#d1e244369																						
83355	"Hugues V de Conflans"	"Hugues V de Conflans"				"chevalier du roi"		Paris_AN_JJ_inventaire_JJ37-50_index.xlsx#d1e244384																						
83356	"Hugues de Folaquier"	"Hugues de Folaquier"				"abbé de Saint-Gilies-du-Gard"		Paris_AN_JJ_inventaire_JJ37-50_index.xlsx#d1e244399																						
83357	"Hugues de Fourcès"	"Hugues de Fourcès"				"baile de Mondar"		Paris_AN_JJ_inventaire_JJ37-50_index.xlsx#d1e244414																						
83358	"Hugues de Gournay (père du suivant)"	"Hugues de Gournay (père du suivant)"						Paris_AN_JJ_inventaire_JJ37-50_index.xlsx#d1e244429																						
83359	"Hugues de Gournay (Dernier sire du lieu)"	"Hugues de Gournay (Dernier sire du lieu)"						Paris_AN_JJ_inventaire_JJ37-50_index.xlsx#d1e244445																						
83360	"Hugues de Grandson (Me)"	"Hugues de Grandson (Me)"				"notaire royal"		Paris_AN_JJ_inventaire_JJ37-50_index.xlsx#d1e244460																						
83361	"Hugues de La Celle"	"Hugues de La Celle"				"dominus de Cella, H., Hugo de Cella, chevalier du roi, sire de Fontaines"		Paris_AN_JJ_inventaire_JJ37-50_index.xlsx#d1e244487																						
83362	"Hugues de La Ferté-Milon"	"Hugues de La Ferté-Milon"				"notaire juré de la Cour de Reims"		Paris_AN_JJ_inventaire_JJ37-50_index.xlsx#d1e244802																						
83363	"Hugues de Lafite"	"Hugues de Lafite"						Paris_AN_JJ_inventaire_JJ37-50_index.xlsx#d1e244817																						
83364	"Arnaud d'Auch"	"Arnaud d'Auch"				"cardinal-évêque d'Albano"		Paris_AN_JJ_inventaire_JJ37-50_index.xlsx#d1e142019																						
83365	"Hugues de La Peyre"	"Hugues de La Peyre"				"notaire du roi"		Paris_AN_JJ_inventaire_JJ37-50_index.xlsx#d1e244832																						
83366	"Hugues de La Porte (Me)"	"Hugues de La Porte (Me)"				"clerc du roi, légiste de Roussillon"		Paris_AN_JJ_inventaire_JJ37-50_index.xlsx#d1e244848																						
83367	"Hugues de La Porte (Me)"	"Hugues de La Porte (Me)"				"juge royal de Lunel"		Paris_AN_JJ_inventaire_JJ37-50_index.xlsx#d1e244863																						
83368	"Hugues de La Porte (Me)"	"Hugues de La Porte (Me)"				"procureur du roi dans la sénéchaussée de Beaucaire"		Paris_AN_JJ_inventaire_JJ37-50_index.xlsx#d1e244875																						
83369	"Hugues de Laurens"	"Hugues de Laurens"						Paris_AN_JJ_inventaire_JJ37-50_index.xlsx#d1e244915																						
83370	"Hugues de Levast"	"Hugues de Levast"				"bourgeois de Saint-Omer"		Paris_AN_JJ_inventaire_JJ37-50_index.xlsx#d1e244930																						
83371	"Hugues de Mirabel"	"Hugues de Mirabel"				donzel		Paris_AN_JJ_inventaire_JJ37-50_index.xlsx#d1e244945																						
83372	"Hugues de Morlane ou de Morberan? procureur du roi dans la sénéchaussée de Carcassonne et Béziers"	"Hugues de Morlane ou de Morberan? procureur du roi dans la sénéchaussée de Carcassonne et Béziers"						Paris_AN_JJ_inventaire_JJ37-50_index.xlsx#d1e244960																						
83373	"Hugues de Nesle"	"Hugues de Nesle"				"comte de Soissons et sire de Chimay"		Paris_AN_JJ_inventaire_JJ37-50_index.xlsx#d1e244975																						
83374	"Hugues de Nogaret"	"Hugues de Nogaret"				donzel		Paris_AN_JJ_inventaire_JJ37-50_index.xlsx#d1e244997																						
83375	"Arnaud d'Auvignon"	"Arnaud d'Auvignon"				"donzel, seigneur en partie du château de Lunac-d'Aiguillon"		Paris_AN_JJ_inventaire_JJ37-50_index.xlsx#d1e142034																						
83376	"Hugues de Passu"	"Hugues de Passu"						Paris_AN_JJ_inventaire_JJ37-50_index.xlsx#d1e245012																						
83377	"Hugues de Tessonnières"	"Hugues de Tessonnières"				"notaire royal"		Paris_AN_JJ_inventaire_JJ37-50_index.xlsx#d1e245027																						
83378	"Hugues V de Vienne"	"Hugues V de Vienne"				"chevalier, seigneur de Pagny-le-Château"		Paris_AN_JJ_inventaire_JJ37-50_index.xlsx#d1e245042																						
83379	"Hugues de Villexavier"	"Hugues de Villexavier"				chevalier		Paris_AN_JJ_inventaire_JJ37-50_index.xlsx#d1e245060																						
83380	"Hugues du Moulin"	"Hugues du Moulin"						Paris_AN_JJ_inventaire_JJ37-50_index.xlsx#d1e245095																						
83381	Hugues-Dauphin	Hugues-Dauphin				"seigneur de Faucigny"		Paris_AN_JJ_inventaire_JJ37-50_index.xlsx#d1e245266																						
83382	"Huguet de Charay"	"Huguet de Charay"				"dit d'Angoulins"		Paris_AN_JJ_inventaire_JJ37-50_index.xlsx#d1e245292																						
83383	"Humbelin de Meuse"	"Humbelin de Meuse"						Paris_AN_JJ_inventaire_JJ37-50_index.xlsx#d1e245326																						
83384	Humbert	Humbert				"seigneur de Maubec, chevalier"		Paris_AN_JJ_inventaire_JJ37-50_index.xlsx#d1e245341																						
83385	"Hunaud (Raimond)"	"Hunaud (Raimond)"				"seigneur de Lanta"		Paris_AN_JJ_inventaire_JJ37-50_index.xlsx#d1e245367																						
83386	"Arnaud de Arpadella"	"Arnaud de Arpadella"				"docteur ès lois, avocat du Roi"		Paris_AN_JJ_inventaire_JJ37-50_index.xlsx#d1e142049																						
83387	"Husson de Gabecourt (?)"	"Husson de Gabecourt (?)"				"conseiller d'Édouard, comte de Bar"		Paris_AN_JJ_inventaire_JJ37-50_index.xlsx#d1e245411																						
83388	Ide	Ide				"dame de Croisilles, femme de Gilles de Beaumetz"		Paris_AN_JJ_inventaire_JJ37-50_index.xlsx#d1e245483																						
83389	"Ide de Rosny"	"Ide de Rosny"				"mère de Robert d'Esneval"		Paris_AN_JJ_inventaire_JJ37-50_index.xlsx#d1e245501																						
83391	Imbert	Imbert				"clerc notaire du roi"		Paris_AN_JJ_inventaire_JJ37-50_index.xlsx#d1e245668																						
83392	"Imbert (frère)"	"Imbert (frère)"				"confesseur de Louis, fils aîné de Philippe le Bel"		Paris_AN_JJ_inventaire_JJ37-50_index.xlsx#d1e245679																						
83393	"Imbert de Lyon"	"Imbert de Lyon"				"bourgeois de Paris"		Paris_AN_JJ_inventaire_JJ37-50_index.xlsx#d1e245694																						
83394	"Imbert de Romans"	"Imbert de Romans"				"chevalier, familier de Guillaume Flote"		Paris_AN_JJ_inventaire_JJ37-50_index.xlsx#d1e245709																						
83395	"Imbert de Vaux (Me)"	"Imbert de Vaux (Me)"				"docteur ès lois, clerc du roi"		Paris_AN_JJ_inventaire_JJ37-50_index.xlsx#d1e245724																						
83396	Imbertus	Imbertus				"sa signature de notaire du roi"		Paris_AN_JJ_inventaire_JJ37-50_index.xlsx#d1e245739																						
83397	"Arnaud de Bédat"	"Arnaud de Bédat"						Paris_AN_JJ_inventaire_JJ37-50_index.xlsx#d1e142065																						
83399	"Ingerran(n)us (dominus)"	"Ingerran(n)us (dominus)"						Paris_AN_JJ_inventaire_JJ37-50_index.xlsx#d1e245818																						
83400	Ingerrannus	Ingerrannus				"dominus de Lisques, miles"		Paris_AN_JJ_inventaire_JJ37-50_index.xlsx#d1e245829																						
83403	Iolande	Iolande				"duchesse de Bretagne"		Paris_AN_JJ_inventaire_JJ37-50_index.xlsx#d1e245936																						
83404	Iolande	Iolande				"femme de Pierre Bouchard"		Paris_AN_JJ_inventaire_JJ37-50_index.xlsx#d1e245947																						
83405	"Iolande d'Arbourse"	"Iolande d'Arbourse"				"femme de Geoffroi de Chasellis"		Paris_AN_JJ_inventaire_JJ37-50_index.xlsx#d1e245963																						
83406	"Iolande de Dreux"	"Iolande de Dreux"				"jadis comtesse de Dammartin-en-Goële"		Paris_AN_JJ_inventaire_JJ37-50_index.xlsx#d1e245978																						
83407	"Iolande de Dreux"	"Iolande de Dreux"				"duchesse de Bretagne, femme, puis veuve du duc Arthur II et jadis reine d'Écosse"		Paris_AN_JJ_inventaire_JJ37-50_index.xlsx#d1e245993																						
83408	"Arnaud de Boussac (Me)"	"Arnaud de Boussac (Me)"				légiste		Paris_AN_JJ_inventaire_JJ37-50_index.xlsx#d1e142092																						
83409	"Iolande de Fiennes"	"Iolande de Fiennes"						Paris_AN_JJ_inventaire_JJ37-50_index.xlsx#d1e246024																						
83410	"Iolande de La Marche"	"Iolande de La Marche"						Paris_AN_JJ_inventaire_JJ37-50_index.xlsx#d1e246039																						
83411	"Iolande de Lusignan"	"Iolande de Lusignan"				"ou de La Marche, dame de Pons"		Paris_AN_JJ_inventaire_JJ37-50_index.xlsx#d1e246050																						
83412	"Iolande de Soissons"	"Iolande de Soissons"				"femme de Bernard V de Moreuil"		Paris_AN_JJ_inventaire_JJ37-50_index.xlsx#d1e246087																						
83413	"Isaac de Muret"	"Isaac de Muret"				juif		Paris_AN_JJ_inventaire_JJ37-50_index.xlsx#d1e246147																						
83414	"Isaac de Portes"	"Isaac de Portes"				"jadis juif de Nîmes"		Paris_AN_JJ_inventaire_JJ37-50_index.xlsx#d1e246162																						
83415	Isabeau	Isabeau						Paris_AN_JJ_inventaire_JJ37-50_index.xlsx#d1e246178																						
83416	Isabelle	Isabelle						Paris_AN_JJ_inventaire_JJ37-50_index.xlsx#d1e246189																						
83418	Isabelle	Isabelle				"jadis reine des Romains"		Paris_AN_JJ_inventaire_JJ37-50_index.xlsx#d1e246211																						
83419	"Adam de Valmondois"	"Adam de Valmondois"				"fruitier du Roi"		Paris_AN_JJ_inventaire_JJ37-50_index.xlsx#d1e132835																						
83420	"Arnaud de Cas"	"Arnaud de Cas"				"héritier de Calvet de Cas"		Paris_AN_JJ_inventaire_JJ37-50_index.xlsx#d1e142107																						
83421	Isabelle	Isabelle				"belle-sœur de Me Gui Cointet"		Paris_AN_JJ_inventaire_JJ37-50_index.xlsx#d1e246222																						
83422	Isabelle	Isabelle				"dame de Charmoy, corr. Charny-le-Bachot"		Paris_AN_JJ_inventaire_JJ37-50_index.xlsx#d1e246237																						
83423	Isabelle	Isabelle				"dame de Croisilles"		Paris_AN_JJ_inventaire_JJ37-50_index.xlsx#d1e246253																						
83424	Isabelle	Isabelle				"dame d'Écry et de Chauvency-le-Château"		Paris_AN_JJ_inventaire_JJ37-50_index.xlsx#d1e246268																						
83425	Isabelle	Isabelle				"dame de Rumigny et de Boves"		Paris_AN_JJ_inventaire_JJ37-50_index.xlsx#d1e246283																						
83426	Isabelle	Isabelle				"dame des Yys, veuve d'Adam de Bruyères"		Paris_AN_JJ_inventaire_JJ37-50_index.xlsx#d1e246294																						
83427	Isabelle	Isabelle				"dame de Villefargeau"		Paris_AN_JJ_inventaire_JJ37-50_index.xlsx#d1e246309																						
83428	Isabelle	Isabelle				"femme d'Alain de Mansigny"		Paris_AN_JJ_inventaire_JJ37-50_index.xlsx#d1e246320																						
83429	Isabelle	Isabelle				"femme de Garnot de Lyons"		Paris_AN_JJ_inventaire_JJ37-50_index.xlsx#d1e246336																						
83430	Isabelle	Isabelle				"femme de Gilles Ier de Roisin"		Paris_AN_JJ_inventaire_JJ37-50_index.xlsx#d1e246347																						
83431	"Arnaud de Castellione"	"Arnaud de Castellione"						Paris_AN_JJ_inventaire_JJ37-50_index.xlsx#d1e142122																						
83432	Isabelle	Isabelle				"femme de Jean de Jagny"		Paris_AN_JJ_inventaire_JJ37-50_index.xlsx#d1e246362																						
83433	Isabelle	Isabelle				"femme de Jean de Melun"		Paris_AN_JJ_inventaire_JJ37-50_index.xlsx#d1e246377																						
83434	Isabelle	Isabelle				"femme de Jean l'Escuyer, ses enfants"		Paris_AN_JJ_inventaire_JJ37-50_index.xlsx#d1e246388																						
83435	Isabelle	Isabelle				"femme de Pierre de La Charmoye"		Paris_AN_JJ_inventaire_JJ37-50_index.xlsx#d1e246403																						
83436	Isabelle	Isabelle				"femme de Robert d'Avignières"		Paris_AN_JJ_inventaire_JJ37-50_index.xlsx#d1e246419																						
83437	Isabelle	Isabelle				"femme de Robert de Beaumetz"		Paris_AN_JJ_inventaire_JJ37-50_index.xlsx#d1e246434																						
83438	Isabelle	Isabelle				"femme d'Étienne de Praelles"		Paris_AN_JJ_inventaire_JJ37-50_index.xlsx#d1e246449																						
83439	Isabelle	Isabelle				"femme d'Étienne le Potier, bourgeoise royale de Paris"		Paris_AN_JJ_inventaire_JJ37-50_index.xlsx#d1e246464																						
83440	Isabelle	Isabelle				"femme d'Hardouin de Fougeré"		Paris_AN_JJ_inventaire_JJ37-50_index.xlsx#d1e246485																						
83441	Isabelle	Isabelle				"femme d'Huard Hapard"		Paris_AN_JJ_inventaire_JJ37-50_index.xlsx#d1e246500																						
83443	Isabelle	Isabelle				"fille d'Adam de Melun"		Paris_AN_JJ_inventaire_JJ37-50_index.xlsx#d1e246516																						
83444	Isabelle	Isabelle				"fille de Gui IV de Châtillon, comte de Saint-Pol"		Paris_AN_JJ_inventaire_JJ37-50_index.xlsx#d1e246527																						
83445	Isabelle	Isabelle		Sibylle		"fille et héritière de Jacques Laire, son fils"		Paris_AN_JJ_inventaire_JJ37-50_index.xlsx#d1e246542|Paris_AN_JJ_inventaire_JJ37-50_index.xlsx#d1e373233																						
83446	Isabelle	Isabelle				"fille de Jean, comte de Hainaut, femme de Raoul de Clermont"		Paris_AN_JJ_inventaire_JJ37-50_index.xlsx#d1e246560																						
83447	Isabelle	Isabelle				"fille de Jean d'Outre-Lys"		Paris_AN_JJ_inventaire_JJ37-50_index.xlsx#d1e246571																						
83448	Isabelle	Isabelle				"fille d'Enguerrand de Marigny"		Paris_AN_JJ_inventaire_JJ37-50_index.xlsx#d1e246586																						
83449	Isabelle	Isabelle				"fille de Perrot Espineut"		Paris_AN_JJ_inventaire_JJ37-50_index.xlsx#d1e246598																						
83450	Isabelle	Isabelle				"fille de Sanche IV, roi de Castille"		Paris_AN_JJ_inventaire_JJ37-50_index.xlsx#d1e246613																						
83451	Isabelle	Isabelle				"fille d'Hugues II de Bouville"		Paris_AN_JJ_inventaire_JJ37-50_index.xlsx#d1e246624																						
83452	"Isabelle (sœur)"	"Isabelle (sœur)"				"prieure de Collinances"		Paris_AN_JJ_inventaire_JJ37-50_index.xlsx#d1e246642																						
83453	"Arnaud de Combres"	"Arnaud de Combres"				"notaire royal"		Paris_AN_JJ_inventaire_JJ37-50_index.xlsx#d1e142148																						
83454	Isabelle	Isabelle				"recluse à Poissy"		Paris_AN_JJ_inventaire_JJ37-50_index.xlsx#d1e246660																						
83455	Isabelle	Isabelle				"sœur de Baudouin de Caumont"		Paris_AN_JJ_inventaire_JJ37-50_index.xlsx#d1e246671																						
83456	Isabelle	Isabelle				"soeur de feu Nicolas Capuce"		Paris_AN_JJ_inventaire_JJ37-50_index.xlsx#d1e246683																						
83457	Isabelle	Isabelle				"veuve de Jacques Belin"		Paris_AN_JJ_inventaire_JJ37-50_index.xlsx#d1e246694																						
83458	Isabelle	Isabelle				"veuve de Jean Coulon"		Paris_AN_JJ_inventaire_JJ37-50_index.xlsx#d1e246709																						
83459	Isabelle	Isabelle				"veuve de Joudouin Gasier"		Paris_AN_JJ_inventaire_JJ37-50_index.xlsx#d1e246724																						
83460	Isabelle	Isabelle				"veuve de Mathieu de Saint-Bavon, bourgeois de Gand"		Paris_AN_JJ_inventaire_JJ37-50_index.xlsx#d1e246739																						
83461	Isabelle	Isabelle				"veuve de Pierre de Machau"		Paris_AN_JJ_inventaire_JJ37-50_index.xlsx#d1e246754																						
83462	"Isabelle d'Acy"	"Isabelle d'Acy"		"Acy, Isabelle d'"		"abbesse d'Origny-Sainte-Benoite"		Paris_AN_JJ_inventaire_JJ37-50_index.xlsx#d1e246770																						
83463	"Isabelle d'Aragon"	"Isabelle d'Aragon"				"reine de France, femme de Philippe III le Hardi"		Paris_AN_JJ_inventaire_JJ37-50_index.xlsx#d1e246785																						
83464	"Arnaud de Creyssac"	"Arnaud de Creyssac"				donzel		Paris_AN_JJ_inventaire_JJ37-50_index.xlsx#d1e142164																						
83465	"Isabelle d'Artois"	"Isabelle d'Artois"				"sœur de Robert d'Artois, religieuse de Saint-Louis de Poissy"		Paris_AN_JJ_inventaire_JJ37-50_index.xlsx#d1e246800																						
83466	"Isabelle de Bourgogne"	"Isabelle de Bourgogne"				"jadis reine des Romains"		Paris_AN_JJ_inventaire_JJ37-50_index.xlsx#d1e246815																						
83467	"Isabelle de Castille"	"Isabelle de Castille"				"fiancée de Jean de Bretagne, fils aîné du duc"		Paris_AN_JJ_inventaire_JJ37-50_index.xlsx#d1e246830																						
83468	"Isabelle de Caumont"	"Isabelle de Caumont"						Paris_AN_JJ_inventaire_JJ37-50_index.xlsx#d1e246845																						
83469	"Isabelle de Chasellis"	"Isabelle de Chasellis"				"femme d'Huguenin de Busseaux"		Paris_AN_JJ_inventaire_JJ37-50_index.xlsx#d1e246861																						
83470	"Isabelle de Fiennes"	"Isabelle de Fiennes"						Paris_AN_JJ_inventaire_JJ37-50_index.xlsx#d1e246876																						
83471	"Isabelle de Flandre"	"Isabelle de Flandre"						Paris_AN_JJ_inventaire_JJ37-50_index.xlsx#d1e246891																						
83472	"Isabelle de France"	"Isabelle de France"		Isabelle		"reine d'Angleterre, fille aînée de Philippe le Bel, femme du roi Édouard II"		Paris_AN_JJ_inventaire_JJ37-50_index.xlsx#d1e246906|Paris_AN_JJ_inventaire_JJ37-50_index.xlsx#d1e246200																						
83473	"Isabelle de Gentilly"	"Isabelle de Gentilly"				"dame de Denisy"		Paris_AN_JJ_inventaire_JJ37-50_index.xlsx#d1e247051																						
83474	"Isabelle de Goussainville"	"Isabelle de Goussainville"				"femme de Jean de Jagny"		Paris_AN_JJ_inventaire_JJ37-50_index.xlsx#d1e247066																						
83475	"Arnaud de Durfort"	"Arnaud de Durfort"				écuyer		Paris_AN_JJ_inventaire_JJ37-50_index.xlsx#d1e142179																						
83476	"Isabelle de Hainaut"	"Isabelle de Hainaut"				"femme de Raoul de Clermont, dame de Nesle"		Paris_AN_JJ_inventaire_JJ37-50_index.xlsx#d1e247082																						
83477	"Isabelle de Jagny"	"Isabelle de Jagny"				"femme de Jean Fournier"		Paris_AN_JJ_inventaire_JJ37-50_index.xlsx#d1e247103																						
83478	"Isabelle de Lagny"	"Isabelle de Lagny"						Paris_AN_JJ_inventaire_JJ37-50_index.xlsx#d1e247118																						
83479	"Isabelle de Lévis"	"Isabelle de Lévis"				"jadis dame de la terre des Pujols"		Paris_AN_JJ_inventaire_JJ37-50_index.xlsx#d1e247133																						
83480	"Isabelle de Livet"	"Isabelle de Livet"				"femme de Richard Corsdomme"		Paris_AN_JJ_inventaire_JJ37-50_index.xlsx#d1e247148																						
83481	"Isabelle de Luxembourg"	"Isabelle de Luxembourg"				"comtesse de Flandre et de Namur, femme de Gui de Dampierre"		Paris_AN_JJ_inventaire_JJ37-50_index.xlsx#d1e247163																						
83482	"Isabelle de Marigny"	"Isabelle de Marigny"				"femme de Guillaume de Tancarville"		Paris_AN_JJ_inventaire_JJ37-50_index.xlsx#d1e247179																						
83483	"Isabelle de Mello"	"Isabelle de Mello"				"comtesse de Joigny et dame de Montpensier"		Paris_AN_JJ_inventaire_JJ37-50_index.xlsx#d1e247194																						
83484	"Isabelle de Mello"	"Isabelle de Mello"				"sœur de Dreux II de Mello"		Paris_AN_JJ_inventaire_JJ37-50_index.xlsx#d1e247209																						
83485	"Isabelle de Melun"	"Isabelle de Melun"				"fille de feu Adam de Melun"		Paris_AN_JJ_inventaire_JJ37-50_index.xlsx#d1e247224																						
83486	"Arnaud de Galeissac"	"Arnaud de Galeissac"						Paris_AN_JJ_inventaire_JJ37-50_index.xlsx#d1e142194																						
83487	"Isabelle de Montigny"	"Isabelle de Montigny"				"femme de Jean de Melun, ses enfants"		Paris_AN_JJ_inventaire_JJ37-50_index.xlsx#d1e247239																						
83488	"Isabelle de Nesle"	"Isabelle de Nesle"				"femme d'Hugues l'Archevêque"		Paris_AN_JJ_inventaire_JJ37-50_index.xlsx#d1e247254																						
83489	"Isabelle de Neuville"	"Isabelle de Neuville"				"veuve de Jaquemon Saquespée, puis femme de Baudouin de Rouy"		Paris_AN_JJ_inventaire_JJ37-50_index.xlsx#d1e247270																						
83490	"Isabelle de Passy"	"Isabelle de Passy"				"femme de Guillaume des Barres"		Paris_AN_JJ_inventaire_JJ37-50_index.xlsx#d1e247285																						
83491	"Isabelle de Renneval"	"Isabelle de Renneval"				"femme d'Eustache de Conflans"		Paris_AN_JJ_inventaire_JJ37-50_index.xlsx#d1e247300																						
83492	"Isabelle de Rosny"	"Isabelle de Rosny"				"dame de Chambly"		Paris_AN_JJ_inventaire_JJ37-50_index.xlsx#d1e247315																						
83493	"Isabelle de Rumigny"	"Isabelle de Rumigny"				"dame du lieu et de Boves, duchesse de Lorraine"		Paris_AN_JJ_inventaire_JJ37-50_index.xlsx#d1e247352																						
83494	"Isabelle de Saint-Ouen"	"Isabelle de Saint-Ouen"				"dite de Chennetron"		Paris_AN_JJ_inventaire_JJ37-50_index.xlsx#d1e247367																						
83495	"Isabelle de Tigeaux"	"Isabelle de Tigeaux"				"femme de feu Guillaume de Silly"		Paris_AN_JJ_inventaire_JJ37-50_index.xlsx#d1e247386																						
83496	"Isabelle de Valois"	"Isabelle de Valois"				"fille du comte Charles de Valois, recluse à Poissy"		Paris_AN_JJ_inventaire_JJ37-50_index.xlsx#d1e247401																						
83497	"Arnaud de Gurçon"	"Arnaud de Gurçon"						Paris_AN_JJ_inventaire_JJ37-50_index.xlsx#d1e142209																						
83498	"Isabelle d'Hardricourt"	"Isabelle d'Hardricourt"				"dame de Mesnil-sous-Vienne"		Paris_AN_JJ_inventaire_JJ37-50_index.xlsx#d1e247416																						
83499	"Isabelle du Vault-de-Lugny"	"Isabelle du Vault-de-Lugny"				"femme de Gui II de Toucy"		Paris_AN_JJ_inventaire_JJ37-50_index.xlsx#d1e247431																						
83500	"Isaïe d'Aix"	"Isaïe d'Aix"				juif		Paris_AN_JJ_inventaire_JJ37-50_index.xlsx#d1e247453																						
83501	Isambard	Isambard				"jadis queux du roi"		Paris_AN_JJ_inventaire_JJ37-50_index.xlsx#d1e247469																						
83502	"Isarn de Lautrec"	"Isarn de Lautrec"						Paris_AN_JJ_inventaire_JJ37-50_index.xlsx#d1e247513																						
83505	"Itier (Élie)"	"Itier (Élie)"				"moine et procureur de Charroux"		Paris_AN_JJ_inventaire_JJ37-50_index.xlsx#d1e247874																						
83506	"Itier (Giraud)"	"Itier (Giraud)"				"dit Barba"		Paris_AN_JJ_inventaire_JJ37-50_index.xlsx#d1e247889																						
83507	"Itier d'Ancy"	"Itier d'Ancy"				"damoiseau du diocèse de Langres"		Paris_AN_JJ_inventaire_JJ37-50_index.xlsx#d1e247917																						
83508	"Arnaud II de Landorre"	"Arnaud II de Landorre"				"chevalier du Roi"		Paris_AN_JJ_inventaire_JJ37-50_index.xlsx#d1e142224																						
83509	"Itier de Pois ou du Puis (Me)"	"Itier de Pois ou du Puis (Me)"				"clerc du roi, commissaire d'Hugues de La Celle"		Paris_AN_JJ_inventaire_JJ37-50_index.xlsx#d1e247932																						
83510	"Itier du Puis"	"Itier du Puis"						Paris_AN_JJ_inventaire_JJ37-50_index.xlsx#d1e247950																						
83511	"Ive (Michel)"	"Ive (Michel)"				"garde du sceau de la vicomté de Verneuil"	"corr. Jue"	Paris_AN_JJ_inventaire_JJ37-50_index.xlsx#d1e247961																						
83512	"Ives de Laudunaco (Me)"	"Ives de Laudunaco (Me)"				"magister Yvo de Laudunaco, légiste, clerc du roi"		Paris_AN_JJ_inventaire_JJ37-50_index.xlsx#d1e247991																						
83514	"Ives Grosse Teste"	"Ives Grosse Teste"		"Ives de Pavillons"		"dit de Pavillons, valet de chambre du roi"		Paris_AN_JJ_inventaire_JJ37-50_index.xlsx#d1e248094|Paris_AN_JJ_inventaire_JJ37-50_index.xlsx#d1e248083																						
83516	"J. d'Acy"	"J. d'Acy"		"Acy, J. d'"		"de Acy, signatures et mentions de collation"	"Jean d'Acy, notaire du roi"	Paris_AN_JJ_inventaire_JJ37-50_index.xlsx#d1e248158																						
83517	"J. de Claromonte"	"J. de Claromonte"				"mentions de collation"	"Jean de Clermont, notaire du roi"	Paris_AN_JJ_inventaire_JJ37-50_index.xlsx#d1e248237																						
83518	"J. de Crispeio"	"J. de Crispeio"				Crispeyo		Paris_AN_JJ_inventaire_JJ37-50_index.xlsx#d1e248293																						
83519	"Arnaud de Ledra (Me)"	"Arnaud de Ledra (Me)"				légiste		Paris_AN_JJ_inventaire_JJ37-50_index.xlsx#d1e142239																						
83520	"J. de Dyvione (magister)"	"J. de Dyvione (magister)"						Paris_AN_JJ_inventaire_JJ37-50_index.xlsx#d1e248304																						
83521	"J. de Hospitali"	"J. de Hospitali"						Paris_AN_JJ_inventaire_JJ37-50_index.xlsx#d1e248315																						
83522	"J. de Machello"	"J. de Machello"						Paris_AN_JJ_inventaire_JJ37-50_index.xlsx#d1e248326																						
83523	"J. de Soissons (Me)"	"J. de Soissons (Me)"				"clerc du roi de Sicile et huissier de son hôtel"		Paris_AN_JJ_inventaire_JJ37-50_index.xlsx#d1e248337																						
83524	"J. de Templo"	"J. de Templo"				"signatures et mention de collation"	"Jean du Temple, notaire du roi"	Paris_AN_JJ_inventaire_JJ37-50_index.xlsx#d1e248353																						
83525	"Ja. de Virtute"	"Ja. de Virtute"						Paris_AN_JJ_inventaire_JJ37-50_index.xlsx#d1e248656																						
83526	"Jacobi (Donato)"	"Jacobi (Donato)"				"citoyen et marchand de Florence"		Paris_AN_JJ_inventaire_JJ37-50_index.xlsx#d1e248678																						
83527	Jacobus	Jacobus						Paris_AN_JJ_inventaire_JJ37-50_index.xlsx#d1e248693																						
83528	"Jacobus de Collengeyo"	"Jacobus de Collengeyo"				"armiger, visitator generalis"		Paris_AN_JJ_inventaire_JJ37-50_index.xlsx#d1e248704																						
83529	"Jacobus de Jassenis"	"Jacobus de Jassenis"						Paris_AN_JJ_inventaire_JJ37-50_index.xlsx#d1e248720																						
83530	"Adam de Villemaréchal"	"Adam de Villemaréchal"				"garde du sceau de la prévôté de Sens"		Paris_AN_JJ_inventaire_JJ37-50_index.xlsx#d1e132850																						
83531	"Arnaud de Lolmière"	"Arnaud de Lolmière"				juriste		Paris_AN_JJ_inventaire_JJ37-50_index.xlsx#d1e142255																						
83532	"Jacobus de Virtute"	"Jacobus de Virtute"						Paris_AN_JJ_inventaire_JJ37-50_index.xlsx#d1e248731																						
83533	"Jacopo da Certaldo"	"Jacopo da Certaldo"				marchand		Paris_AN_JJ_inventaire_JJ37-50_index.xlsx#d1e248742																						
83534	"Jacquard d'Onjon"	"Jacquard d'Onjon"				roturier		Paris_AN_JJ_inventaire_JJ37-50_index.xlsx#d1e248787																						
83535	Jacquelin	Jacquelin				"jadis sergent de Philippe II de Nemours"		Paris_AN_JJ_inventaire_JJ37-50_index.xlsx#d1e248803																						
83536	Jacqueline	Jacqueline				"femme d'Hugues d'Andryes"		Paris_AN_JJ_inventaire_JJ37-50_index.xlsx#d1e248818																						
83537	"Jacquemin d'Avocourt"	"Jacquemin d'Avocourt"						Paris_AN_JJ_inventaire_JJ37-50_index.xlsx#d1e248844																						
83538	Jacques	Jacques				"chapelain de la chapelle de La Londe-Récusson"		Paris_AN_JJ_inventaire_JJ37-50_index.xlsx#d1e248882																						
83539	Jacques	Jacques				"frère de Baudouin de Caumont"		Paris_AN_JJ_inventaire_JJ37-50_index.xlsx#d1e248897																						
83540	"Jacques de Caumont"	"Jacques de Caumont"						Paris_AN_JJ_inventaire_JJ37-50_index.xlsx#d1e248983																						
83541	"Jacques de Châtillon"	"Jacques de Châtillon"				"seigneur de Leuze et de Condé-sur-l'Escaut"		Paris_AN_JJ_inventaire_JJ37-50_index.xlsx#d1e248998																						
83542	"Arnaud de Maureville"	"Arnaud de Maureville"						Paris_AN_JJ_inventaire_JJ37-50_index.xlsx#d1e142270																						
83543	"Jacques de Chenou"	"Jacques de Chenou"				"chevalier du roi"		Paris_AN_JJ_inventaire_JJ37-50_index.xlsx#d1e249013																						
83544	"Jacques de Collengeyo"	"Jacques de Collengeyo"				"écuyer, visiteur général"		Paris_AN_JJ_inventaire_JJ37-50_index.xlsx#d1e249028																						
83545	"Jacques de Grandson"	"Jacques de Grandson"						Paris_AN_JJ_inventaire_JJ37-50_index.xlsx#d1e249040																						
83546	"Jacques de Graudic"	"Jacques de Graudic"						Paris_AN_JJ_inventaire_JJ37-50_index.xlsx#d1e249055																						
83547	"Jacques de Jasseines (Me)"	"Jacques de Jasseines (Me)"				"Jacobus, Jacobus de Jassenis, Jassenis, clerc et familier du roi"		Paris_AN_JJ_inventaire_JJ37-50_index.xlsx#d1e249066																						
83548	"Jacques de Jean"	"Jacques de Jean"				"de Cahors"		Paris_AN_JJ_inventaire_JJ37-50_index.xlsx#d1e249253																						
83549	"Jacques de La Pèze"	"Jacques de La Pèze"				"de Villenauxe"		Paris_AN_JJ_inventaire_JJ37-50_index.xlsx#d1e249268																						
83550	"Jacques II de Montchâlons"	"Jacques II de Montchâlons"				"seigneur de Château-Porcien, chevalier"		Paris_AN_JJ_inventaire_JJ37-50_index.xlsx#d1e249283																						
83551	"Jacques de Montricher"	"Jacques de Montricher"						Paris_AN_JJ_inventaire_JJ37-50_index.xlsx#d1e249299																						
83552	"Jacques de Plaisians"	"Jacques de Plaisians"				chevalier		Paris_AN_JJ_inventaire_JJ37-50_index.xlsx#d1e249314																						
83553	"Arnaud de Montanceix"	"Arnaud de Montanceix"				"donzel de Lisle, son frère et héritier"		Paris_AN_JJ_inventaire_JJ37-50_index.xlsx#d1e142285																						
83554	"Jacques de Saci"	"Jacques de Saci"				"garde du sceau royal établi à Parcoul"		Paris_AN_JJ_inventaire_JJ37-50_index.xlsx#d1e249329																						
83555	"Jacques de Saint-Aubert"	"Jacques de Saint-Aubert"				"clerc du roi, commissaire aux franchises dans le bailliage de Vitry"		Paris_AN_JJ_inventaire_JJ37-50_index.xlsx#d1e249344																						
83556	"Jacques de Saint-Jean-Cosses"	"Jacques de Saint-Jean-Cosses"				"ou -Cosset, chevalier, commissaire du roi"		Paris_AN_JJ_inventaire_JJ37-50_index.xlsx#d1e249371																						
83557	"Jacques de Saint-Quiriace"	"Jacques de Saint-Quiriace"				"garde du scel de la prévôté de Provins"		Paris_AN_JJ_inventaire_JJ37-50_index.xlsx#d1e249386																						
83558	"Jacques de Valenciennes"	"Jacques de Valenciennes"				"panetier du roi, son fils"		Paris_AN_JJ_inventaire_JJ37-50_index.xlsx#d1e249402																						
83559	"Jacques de Vertus"	"Jacques de Vertus"				"Ja., Jacobus de Virtute, Virtus, notaire du roi, mentions de collation"		Paris_AN_JJ_inventaire_JJ37-50_index.xlsx#d1e249420																						
83560	"Jacques de Von"	"Jacques de Von"						Paris_AN_JJ_inventaire_JJ37-50_index.xlsx#d1e249447																						
83562	"Jaime II"	"Jaime II"				"roi d'Aragon, fils de Pierre III"		Paris_AN_JJ_inventaire_JJ37-50_index.xlsx#d1e249773																						
83563	"Jaime Ier"	"Jaime Ier"				"roi de Majorque"		Paris_AN_JJ_inventaire_JJ37-50_index.xlsx#d1e249794																						
83564	"Arnaud de Noguerio"	"Arnaud de Noguerio"						Paris_AN_JJ_inventaire_JJ37-50_index.xlsx#d1e142300																						
83565	"Jalabert (Bertrand)"	"Jalabert (Bertrand)"				"donzel, de Jalabertié en Toulousain"		Paris_AN_JJ_inventaire_JJ37-50_index.xlsx#d1e249813																						
83568	"Jame de Lamothe"	"Jame de Lamothe"				"bourgeois de Brioude"		Paris_AN_JJ_inventaire_JJ37-50_index.xlsx#d1e249883																						
83572	"Jaumar (Guilhem)"	"Jaumar (Guilhem)"				"notaire public royal"		Paris_AN_JJ_inventaire_JJ37-50_index.xlsx#d1e250452																						
83573	Jean	Jean					prénom	Paris_AN_JJ_inventaire_JJ37-50_index.xlsx#d1e250485																						
83574	"Jean (Richard)"	"Jean (Richard)"				"sergent fieffé de la forêt de Lande-Pourrie"		Paris_AN_JJ_inventaire_JJ37-50_index.xlsx#d1e250496																						
83575	"Arnaud de Pompéjac"	"Arnaud de Pompéjac"				chevalier		Paris_AN_JJ_inventaire_JJ37-50_index.xlsx#d1e142315																						
83576	"Jean Sans Terre"	"Jean Sans Terre"				"roi d'Angleterre"		Paris_AN_JJ_inventaire_JJ37-50_index.xlsx#d1e250512																						
83577	Jean	Jean				"abbé de Notre-Dame de Chambre-Fontaine, procureur du chapitre général de l'ordre de Prémontré"		Paris_AN_JJ_inventaire_JJ37-50_index.xlsx#d1e250533																						
83578	"Jean (frère)"	"Jean (frère)"				"abbé de Notre-Dame du Gard"		Paris_AN_JJ_inventaire_JJ37-50_index.xlsx#d1e250548																						
83579	Jean	Jean				"comte d'Auxerre"		Paris_AN_JJ_inventaire_JJ37-50_index.xlsx#d1e250563																						
83580	Jean	Jean				"comte de Chalon-sur-Saône"		Paris_AN_JJ_inventaire_JJ37-50_index.xlsx#d1e250574																						
83581	"Jean II"	"Jean II"				"comte de Dreux et chambrier de France"		Paris_AN_JJ_inventaire_JJ37-50_index.xlsx#d1e250589																						
83582	Jean	Jean				"comte de Forez"		Paris_AN_JJ_inventaire_JJ37-50_index.xlsx#d1e250645																						
83583	Jean	Jean				"comte de Hainaut et de Hollande"		Paris_AN_JJ_inventaire_JJ37-50_index.xlsx#d1e250672																						
83584	"Jean II"	"Jean II"				"comte de Joigny"		Paris_AN_JJ_inventaire_JJ37-50_index.xlsx#d1e250693																						
83585	Jean	Jean				"comte de Mortain"		Paris_AN_JJ_inventaire_JJ37-50_index.xlsx#d1e250720																						
83586	"Arnaud de Proboleno"	"Arnaud de Proboleno"		"Arnaldus de Proboleno"		"Arnaldus de Proboleno, bourgeois de Cahors"		Paris_AN_JJ_inventaire_JJ37-50_index.xlsx#d1e142330|Paris_AN_JJ_inventaire_JJ37-50_index.xlsx#d1e141831																						
83587	Jean	Jean				"comte de Namur"		Paris_AN_JJ_inventaire_JJ37-50_index.xlsx#d1e250735																						
83588	"Jean V"	"Jean V"				"comte de Roucy"		Paris_AN_JJ_inventaire_JJ37-50_index.xlsx#d1e250746																						
83589	Jean	Jean				"comte de Salm"		Paris_AN_JJ_inventaire_JJ37-50_index.xlsx#d1e250768																						
83590	Jean	Jean				"comte de Soissons"		Paris_AN_JJ_inventaire_JJ37-50_index.xlsx#d1e250783																						
83591	"Jean II"	"Jean II"				"dauphin de Viennois, comte d'Albon et seigneur de La Tour-du-Pin"		Paris_AN_JJ_inventaire_JJ37-50_index.xlsx#d1e250794																						
83592	Jean	Jean				"doyen de l'église de Nevers"		Paris_AN_JJ_inventaire_JJ37-50_index.xlsx#d1e250825																						
83593	"Jean Ier (sic) de Bretagne"	"Jean Ier (sic) de Bretagne"				"duc (sic) de Bretagne"		Paris_AN_JJ_inventaire_JJ37-50_index.xlsx#d1e250840																						
83594	"Jean II"	"Jean II"				"duc de Bretagne"		Paris_AN_JJ_inventaire_JJ37-50_index.xlsx#d1e250855																						
83595	"Jean III"	"Jean III"		"Jean de Bretagne"		"duc de Bretagne, fils aîné du duc Arthur II"		Paris_AN_JJ_inventaire_JJ37-50_index.xlsx#d1e250871|Paris_AN_JJ_inventaire_JJ37-50_index.xlsx#d1e252723																						
83596	Jean	Jean				"évêque de Châlons-sur-Marne"		Paris_AN_JJ_inventaire_JJ37-50_index.xlsx#d1e250903																						
83597	"Arnaud de Resenso"	"Arnaud de Resenso"				"de Pavie"		Paris_AN_JJ_inventaire_JJ37-50_index.xlsx#d1e142364																						
83598	Jean	Jean				"fils d'Adam de Luquy"		Paris_AN_JJ_inventaire_JJ37-50_index.xlsx#d1e250914																						
83599	Jean	Jean				"fils d'Agnès, dame de Coucy"		Paris_AN_JJ_inventaire_JJ37-50_index.xlsx#d1e250929																						
83600	Jean	Jean				"fils d'Arthur II, duc de Bretagne"		Paris_AN_JJ_inventaire_JJ37-50_index.xlsx#d1e250944																						
83601	Jean	Jean				"fils de Barthélemi Michel et boucher de Saint-Antonin"		Paris_AN_JJ_inventaire_JJ37-50_index.xlsx#d1e250955																						
83602	Jean	Jean				"fils de Baudouin de La Croix"		Paris_AN_JJ_inventaire_JJ37-50_index.xlsx#d1e250971																						
83603	Jean	Jean				"fils de Geoffroi de Chaillouel"		Paris_AN_JJ_inventaire_JJ37-50_index.xlsx#d1e250986																						
83604	Jean	Jean				"fils de Jean de Grignon"		Paris_AN_JJ_inventaire_JJ37-50_index.xlsx#d1e250997																						
83605	Jean	Jean				"fils de Jean d'Outre-Lys"		Paris_AN_JJ_inventaire_JJ37-50_index.xlsx#d1e251012																						
83606	Jean	Jean				"fils (naturel) de Mahaut, femme de Michaud le Harechier"		Paris_AN_JJ_inventaire_JJ37-50_index.xlsx#d1e251027																						
83607	Jean	Jean				"fils de Pierre Adounart le jeune et d'Eudeline"		Paris_AN_JJ_inventaire_JJ37-50_index.xlsx#d1e251042																						
83608	"Arnaud de Viviers"	"Arnaud de Viviers"				"ses héritiers"		Paris_AN_JJ_inventaire_JJ37-50_index.xlsx#d1e142379																						
83609	Jean	Jean				"fils de Pierre Marcel"		Paris_AN_JJ_inventaire_JJ37-50_index.xlsx#d1e251058																						
83610	Jean	Jean				"frère de Guillaume le Gruyer, demeurant à Mareuil"		Paris_AN_JJ_inventaire_JJ37-50_index.xlsx#d1e251073																						
83611	Jean	Jean				"frère de Perrinet de Cherelles"		Paris_AN_JJ_inventaire_JJ37-50_index.xlsx#d1e251088																						
83612	Jean	Jean				"oncle d'Aluïs, Isabelle et Jorette"		Paris_AN_JJ_inventaire_JJ37-50_index.xlsx#d1e251103																						
83613	"Jean (Me)"	"Jean (Me)"				"pénitencier de l'église de Beau. vais"		Paris_AN_JJ_inventaire_JJ37-50_index.xlsx#d1e251118																						
83614	Jean	Jean				"seigneur de Bailleul"		Paris_AN_JJ_inventaire_JJ37-50_index.xlsx#d1e251133																						
83615	"Jean Ier"	"Jean Ier"				"seigneur de Beaumanoir"		Paris_AN_JJ_inventaire_JJ37-50_index.xlsx#d1e251145																						
83616	Jean	Jean				"seigneur de Bourron"		Paris_AN_JJ_inventaire_JJ37-50_index.xlsx#d1e251160																						
83617	Jean	Jean				"seigneur de Cerny-lès-Bucy, chevalier"		Paris_AN_JJ_inventaire_JJ37-50_index.xlsx#d1e251171																						
83618	Jean	Jean				"seigneur de Chantilly, chevalier"		Paris_AN_JJ_inventaire_JJ37-50_index.xlsx#d1e251186																						
83619	"Arnaud du Périé"	"Arnaud du Périé"						Paris_AN_JJ_inventaire_JJ37-50_index.xlsx#d1e142394																						
83620	"Jean Ier (jadis) seigneur de Châteauvillain"	"Jean Ier (jadis) seigneur de Châteauvillain"				"(jadis) seigneur de Châteauvillain"		Paris_AN_JJ_inventaire_JJ37-50_index.xlsx#d1e251201																						
83621	Jean	Jean				"seigneur de Châteauvillain"		Paris_AN_JJ_inventaire_JJ37-50_index.xlsx#d1e251219																						
83622	Jean	Jean				"seigneur de Courlandon"		Paris_AN_JJ_inventaire_JJ37-50_index.xlsx#d1e251231																						
83623	Jean	Jean				"seigneur de Ghistelles, chevalier du roi"		Paris_AN_JJ_inventaire_JJ37-50_index.xlsx#d1e251246																						
83624	Jean	Jean				"seigneur de Lafauche, chevalier"		Paris_AN_JJ_inventaire_JJ37-50_index.xlsx#d1e251261																						
83625	Jean	Jean				"seigneur de La Rivière"		Paris_AN_JJ_inventaire_JJ37-50_index.xlsx#d1e251279																						
83626	Jean	Jean				"seigneur de Miannay, chevalier"		Paris_AN_JJ_inventaire_JJ37-50_index.xlsx#d1e251294																						
83627	Jean	Jean				"seigneur de Muret"		Paris_AN_JJ_inventaire_JJ37-50_index.xlsx#d1e251309																						
83628	Jean	Jean				"seigneur de Picquigny et vidame d'Amiens, enquêteur-réformateur"		Paris_AN_JJ_inventaire_JJ37-50_index.xlsx#d1e251325																						
83629	Jean	Jean				"seigneur de Pomponne"		Paris_AN_JJ_inventaire_JJ37-50_index.xlsx#d1e251340																						
83630	"Arnaud-Bernard de Pressac"	"Arnaud-Bernard de Pressac"		Soudan		"dit Soudan"		Paris_AN_JJ_inventaire_JJ37-50_index.xlsx#d1e142599																						
83631	Jean	Jean				"seigneur de Puisaye"		Paris_AN_JJ_inventaire_JJ37-50_index.xlsx#d1e251351																						
83632	Jean	Jean				"seigneur de Renneval"		Paris_AN_JJ_inventaire_JJ37-50_index.xlsx#d1e251362																						
83633	Jean	Jean				"seigneur de Saint-Laurent-de-Mure"		Paris_AN_JJ_inventaire_JJ37-50_index.xlsx#d1e251373																						
83634	Jean	Jean				"seigneur de Vaucelles, chevalier, bailli de Touraine ou de Tours"		Paris_AN_JJ_inventaire_JJ37-50_index.xlsx#d1e251388																						
83635	Jean	Jean				"seigneur de Vismes, chevalier"		Paris_AN_JJ_inventaire_JJ37-50_index.xlsx#d1e251407																						
83636	Jean	Jean				"seigneur de Walincourt et de Cysoing"		Paris_AN_JJ_inventaire_JJ37-50_index.xlsx#d1e251422																						
83637	Jean	Jean				"seigneur d'Harcourt"		Paris_AN_JJ_inventaire_JJ37-50_index.xlsx#d1e251433																						
83638	Jean	Jean				"seigneur d'Haverskerque, chevalier"		Paris_AN_JJ_inventaire_JJ37-50_index.xlsx#d1e251444																						
83639	Jean	Jean				"seigneur d'Ormoy"		Paris_AN_JJ_inventaire_JJ37-50_index.xlsx#d1e251459																						
83640	Jean	Jean				"seigneur du Châtel de Nangis"		Paris_AN_JJ_inventaire_JJ37-50_index.xlsx#d1e251474																						
83641	"Adam de Villiers"	"Adam de Villiers"						Paris_AN_JJ_inventaire_JJ37-50_index.xlsx#d1e132865																						
83642	"Arnaud-Garcie de Got"	"Arnaud-Garcie de Got"		"Arnaud-Garsie de Got"		"vicomte de Lomagne et d'Auvillar"		Paris_AN_JJ_inventaire_JJ37-50_index.xlsx#d1e142614																						
83643	Jean	Jean				"sire de ..., v. Jean, seigneur de..."		Paris_AN_JJ_inventaire_JJ37-50_index.xlsx#d1e251486																						
83644	Jean	Jean				"vicomte de Thouars"		Paris_AN_JJ_inventaire_JJ37-50_index.xlsx#d1e251497																						
83645	Jean	Jean				"vidame d'Amiens"		Paris_AN_JJ_inventaire_JJ37-50_index.xlsx#d1e251515																						
83646	Jean	Jean				"vidame de Châlons-sur-Marne, chevalier"		Paris_AN_JJ_inventaire_JJ37-50_index.xlsx#d1e251526																						
83647	"Jean aux Orées"	"Jean aux Orées"						Paris_AN_JJ_inventaire_JJ37-50_index.xlsx#d1e251608																						
83648	"Jean d'Acy"	"Jean d'Acy"				"notaire du roi"		Paris_AN_JJ_inventaire_JJ37-50_index.xlsx#d1e252044																						
83649	"Jean d'Agonel"	"Jean d'Agonel"				"chevalier, jadis verdier de la forêt de Bray"		Paris_AN_JJ_inventaire_JJ37-50_index.xlsx#d1e252055																						
83650	"Jean d'Allemant"	"Jean d'Allemant"				"bourgeois de Sens, sa femme"		Paris_AN_JJ_inventaire_JJ37-50_index.xlsx#d1e252070																						
83651	"Jean d'Arrabloy"	"Jean d'Arrabloy"				"chevalier du roi, sénéchal de Périgord et Quercy"		Paris_AN_JJ_inventaire_JJ37-50_index.xlsx#d1e252085																						
83652	"Jean d'Asnières"	"Jean d'Asnières"				"garde de la prévôté d'Orléans"		Paris_AN_JJ_inventaire_JJ37-50_index.xlsx#d1e252135																						
83653	"Arnaud-Guilhem de Béarn"	"Arnaud-Guilhem de Béarn"				"seigneur de Lescun, donzel"		Paris_AN_JJ_inventaire_JJ37-50_index.xlsx#d1e142648																						
83654	"Jean d'Aubière (Me)"	"Jean d'Aubière (Me)"				légiste		Paris_AN_JJ_inventaire_JJ37-50_index.xlsx#d1e252157																						
83655	"Jean d'Auxy"	"Jean d'Auxy"				"chantre d'Orléans"		Paris_AN_JJ_inventaire_JJ37-50_index.xlsx#d1e252201																						
83656	"Jean d'Auxy"	"Jean d'Auxy"				"chantre d'Orléans, et commissaire aux francs-fiefs et nouveaux acquêts, enquêteur-réformateur"		Paris_AN_JJ_inventaire_JJ37-50_index.xlsx#d1e252213																						
83657	"Jean d'Avranches"	"Jean d'Avranches"						Paris_AN_JJ_inventaire_JJ37-50_index.xlsx#d1e252247																						
83658	"Jean de Aiusaco"	"Jean de Aiusaco"				"notaire royal"		Paris_AN_JJ_inventaire_JJ37-50_index.xlsx#d1e252262																						
83659	"Jean de Bailleul"	"Jean de Bailleul"				"chevalier, seigneur du lieu"		Paris_AN_JJ_inventaire_JJ37-50_index.xlsx#d1e252305																						
83660	"Jean de Bar"	"Jean de Bar"				"sire de Puisaye"		Paris_AN_JJ_inventaire_JJ37-50_index.xlsx#d1e252320																						
83661	"Jean de Barentin"	"Jean de Barentin"						Paris_AN_JJ_inventaire_JJ37-50_index.xlsx#d1e252353																						
83662	"Jean de Bayeux"	"Jean de Bayeux"				"archevêque de Rouen"		Paris_AN_JJ_inventaire_JJ37-50_index.xlsx#d1e252368																						
83663	"Jean IV de Beaumont"	"Jean IV de Beaumont"				"chevalier du roi"		Paris_AN_JJ_inventaire_JJ37-50_index.xlsx#d1e252383																						
83664	"Arnaud-Raimond du Soler"	"Arnaud-Raimond du Soler"		"Arnaud-Raimond Soley|Arnaud-Raimond Delsoler"		"panetier du roi"	"ou Soley ou Delsoler"	Paris_AN_JJ_inventaire_JJ37-50_index.xlsx#d1e142663																						
83665	"Jean de Beaune"	"Jean de Beaune"				"sa fille"		Paris_AN_JJ_inventaire_JJ37-50_index.xlsx#d1e252398																						
83666	"Jean de Beauvoisin"	"Jean de Beauvoisin"				"bailli de Crécy-en-Brie"		Paris_AN_JJ_inventaire_JJ37-50_index.xlsx#d1e252414																						
83667	"Jean de Béthencourt"	"Jean de Béthencourt"				écuyer		Paris_AN_JJ_inventaire_JJ37-50_index.xlsx#d1e252444																						
83668	"Jean de Blainville"	"Jean de Blainville"						Paris_AN_JJ_inventaire_JJ37-50_index.xlsx#d1e252462																						
83669	"Jean de Bois-Garnier"	"Jean de Bois-Garnier"				vavasseur		Paris_AN_JJ_inventaire_JJ37-50_index.xlsx#d1e252473																						
83670	"Jean de Bosco"	"Jean de Bosco"				"jadis sergent et garde de bois dans le bailliage de Tours"		Paris_AN_JJ_inventaire_JJ37-50_index.xlsx#d1e252488																						
83671	"Jean de Bouilly"	"Jean de Bouilly"						Paris_AN_JJ_inventaire_JJ37-50_index.xlsx#d1e252503																						
83672	"Jean de Bourbon"	"Jean de Bourbon"				"fils de Robert de Clermont"		Paris_AN_JJ_inventaire_JJ37-50_index.xlsx#d1e252515																						
83673	"Jean de Bourbon"	"Jean de Bourbon"				"fils de feu Hugues IV, duc de Bourgogne, sa fille"	"sire du lieu"	Paris_AN_JJ_inventaire_JJ37-50_index.xlsx#d1e252530																						
83674	"Jean de Bourgogne"	"Jean de Bourgogne"				"frère d'Othon IV, comte de Bourgogne"		Paris_AN_JJ_inventaire_JJ37-50_index.xlsx#d1e252545																						
83675	Arnoul	Arnoul				"abbé de Saint-Quentin-en-l'Ile"		Paris_AN_JJ_inventaire_JJ37-50_index.xlsx#d1e142694																						
83676	"Jean de Bourron"	"Jean de Bourron"				"écuyer, sire du lieu"		Paris_AN_JJ_inventaire_JJ37-50_index.xlsx#d1e252560																						
83677	"Jean IV de Bouville"	"Jean IV de Bouville"				"fils aîné d'Hugues II, seigneur de Milly et chambellan du roi"		Paris_AN_JJ_inventaire_JJ37-50_index.xlsx#d1e252578																						
83678	"Jean de Bouville"	"Jean de Bouville"				"dit de Navarre, fils mineur de Hugues II"		Paris_AN_JJ_inventaire_JJ37-50_index.xlsx#d1e252608																						
83679	"Jean de Bouzonville"	"Jean de Bouzonville"				"chevalier du roi"		Paris_AN_JJ_inventaire_JJ37-50_index.xlsx#d1e252627																						
83680	"Jean de Boves"	"Jean de Boves"				"homme de corps de la trésorerie de Laon"		Paris_AN_JJ_inventaire_JJ37-50_index.xlsx#d1e252642																						
83681	"Jean de Brabant"	"Jean de Brabant"				"chevalier, seigneur de Vierzon"		Paris_AN_JJ_inventaire_JJ37-50_index.xlsx#d1e252657																						
83682	"Jean de Brandes"	"Jean de Brandes"				"flamand, son fils"		Paris_AN_JJ_inventaire_JJ37-50_index.xlsx#d1e252672																						
83683	"Jean de Bretagne (duc)"	"Jean de Bretagne (duc)"						Paris_AN_JJ_inventaire_JJ37-50_index.xlsx#d1e252687																						
83684	"Jean de Bretagne"	"Jean de Bretagne"				"comte de Richmond"		Paris_AN_JJ_inventaire_JJ37-50_index.xlsx#d1e252698																						
83686	"Arnoul de Mortagne"	"Arnoul de Mortagne"				"prévôt de Cambrai"		Paris_AN_JJ_inventaire_JJ37-50_index.xlsx#d1e142709																						
83687	"Jean de Bretteville"	"Jean de Bretteville"						Paris_AN_JJ_inventaire_JJ37-50_index.xlsx#d1e252761																						
83688	"Jean de Campagne"	"Jean de Campagne"						Paris_AN_JJ_inventaire_JJ37-50_index.xlsx#d1e252776																						
83689	"Jean d'Écajeul"	"Jean d'Écajeul"				"chevalier du roi"		Paris_AN_JJ_inventaire_JJ37-50_index.xlsx#d1e252791																						
83690	"Jean de Canteloup"	"Jean de Canteloup"						Paris_AN_JJ_inventaire_JJ37-50_index.xlsx#d1e252806																						
83691	"Jean de Cartiers"	"Jean de Cartiers"				"Quartiers, archiprêtre de La Rochelle, commissaire d'Hugues de La Celle"		Paris_AN_JJ_inventaire_JJ37-50_index.xlsx#d1e252833																						
83692	"Jean de Chaillouel"	"Jean de Chaillouel"				justicié		Paris_AN_JJ_inventaire_JJ37-50_index.xlsx#d1e252855																						
83693	"Jean Ier de Chalon"	"Jean Ier de Chalon"				chevalier		Paris_AN_JJ_inventaire_JJ37-50_index.xlsx#d1e252870																						
83694	"Jean II de Chalon"	"Jean II de Chalon"		"Johannes de Cabilone"		"comte d'Auxerre et seigneur de Rochefort, Johannes de Cabilone"		Paris_AN_JJ_inventaire_JJ37-50_index.xlsx#d1e252885																						
83695	"Jean de Chalon"	"Jean de Chalon"				"sire d'Arlay et de Nesle, chevalier du roi"		Paris_AN_JJ_inventaire_JJ37-50_index.xlsx#d1e252909																						
83696	"Jean de Chambly"	"Jean de Chambly"				"jadis chevalier du roi"		Paris_AN_JJ_inventaire_JJ37-50_index.xlsx#d1e252955																						
83697	"Arnoul de Quinquempoix (Me)"	"Arnoul de Quinquempoix (Me)"				"médecin du roi"		Paris_AN_JJ_inventaire_JJ37-50_index.xlsx#d1e142724																						
83698	"Jean II de Chambly"	"Jean II de Chambly"				"chevalier du roi"		Paris_AN_JJ_inventaire_JJ37-50_index.xlsx#d1e252970																						
83699	"Jean de Chambly"	"Jean de Chambly"				"frère de Pierre VII de Chambly"		Paris_AN_JJ_inventaire_JJ37-50_index.xlsx#d1e252986																						
83700	"Jean de Champlay"	"Jean de Champlay"				chevalier		Paris_AN_JJ_inventaire_JJ37-50_index.xlsx#d1e253001																						
83701	"Jean de Champs"	"Jean de Champs"				"chevalier du roi"		Paris_AN_JJ_inventaire_JJ37-50_index.xlsx#d1e253016																						
83702	"Jean de Charry"	"Jean de Charry"				"damoiseau, paroissien d'Huez puis de Saxi-Bourdon"		Paris_AN_JJ_inventaire_JJ37-50_index.xlsx#d1e253031																						
83703	"Jean de Châteauvillain"	"Jean de Châteauvillain"				"évêque de Châlons-sur-Marne"		Paris_AN_JJ_inventaire_JJ37-50_index.xlsx#d1e253046																						
83704	"Jean II de Châteauvillain"	"Jean II de Châteauvillain"				"seigneur du lieu, sa veuve et ses enfants mineurs"		Paris_AN_JJ_inventaire_JJ37-50_index.xlsx#d1e253067																						
83705	"Jean III de Châteauvillain"	"Jean III de Châteauvillain"				"fils du précédent"		Paris_AN_JJ_inventaire_JJ37-50_index.xlsx#d1e253086																						
83706	"Jean de Châtillon"	"Jean de Châtillon"				"fils de Gaucher II de Châtillon"		Paris_AN_JJ_inventaire_JJ37-50_index.xlsx#d1e253104																						
83707	"Jean de Chavençon"	"Jean de Chavençon"				"échanson du roi"		Paris_AN_JJ_inventaire_JJ37-50_index.xlsx#d1e253134																						
83708	"Arnoul du Bois"	"Arnoul du Bois"				"valet du roi"		Paris_AN_JJ_inventaire_JJ37-50_index.xlsx#d1e142739																						
83709	"Jean de Chelles"	"Jean de Chelles"				chevalier		Paris_AN_JJ_inventaire_JJ37-50_index.xlsx#d1e253152																						
83710	"Jean de Chenou"	"Jean de Chenou"				"docteur ès lois, clerc du roi, juge royal de Béziers"		Paris_AN_JJ_inventaire_JJ37-50_index.xlsx#d1e253167																						
83711	"Jean de Chevresis"	"Jean de Chevresis"						Paris_AN_JJ_inventaire_JJ37-50_index.xlsx#d1e253203																						
83712	"Jean de Chevry"	"Jean de Chevry"				"évêque de Carcassonne"		Paris_AN_JJ_inventaire_JJ37-50_index.xlsx#d1e253231																						
83713	"Jean de Clermont"	"Jean de Clermont"				"notaire du roi"		Paris_AN_JJ_inventaire_JJ37-50_index.xlsx#d1e253246																						
83714	"Jean de Comines"	"Jean de Comines"				"évêque du Puy"		Paris_AN_JJ_inventaire_JJ37-50_index.xlsx#d1e253257																						
83715	"Jean de Commenchon"	"Jean de Commenchon"				chevalier		Paris_AN_JJ_inventaire_JJ37-50_index.xlsx#d1e253275																						
83716	"Jean de Concressault"	"Jean de Concressault"				écuyer		Paris_AN_JJ_inventaire_JJ37-50_index.xlsx#d1e253290																						
83717	"Jean de Corrobert"	"Jean de Corrobert"				chevalier		Paris_AN_JJ_inventaire_JJ37-50_index.xlsx#d1e253305																						
83718	"Jean de Coucy ou de Vervins"	"Jean de Coucy ou de Vervins"				"écuyer, sire de Bosmont"		Paris_AN_JJ_inventaire_JJ37-50_index.xlsx#d1e253321																						
83719	Arnoulet	Arnoulet				"assassin de Trenchet de Jouy"		Paris_AN_JJ_inventaire_JJ37-50_index.xlsx#d1e142754																						
83720	"Jean de Courcelles"	"Jean de Courcelles"				chevalier		Paris_AN_JJ_inventaire_JJ37-50_index.xlsx#d1e253336																						
83721	"Jean de Courpalay"	"Jean de Courpalay"				chevalier		Paris_AN_JJ_inventaire_JJ37-50_index.xlsx#d1e253351																						
83722	"Jean de Crèches"	"Jean de Crèches"				"chanoine de Mâcon"		Paris_AN_JJ_inventaire_JJ37-50_index.xlsx#d1e253369																						
83723	"Jean de Crépy"	"Jean de Crépy"						Paris_AN_JJ_inventaire_JJ37-50_index.xlsx#d1e253384																						
83724	"Jean de Crépy (Me)"	"Jean de Crépy (Me)"				"magister Johannes de Crispeio, clerc du roi, chanoine de Senlis"		Paris_AN_JJ_inventaire_JJ37-50_index.xlsx#d1e253399																						
83725	"Jean de Crouzols"	"Jean de Crouzols"				"de Figeac, et son fils Jean de Crouzols"		Paris_AN_JJ_inventaire_JJ37-50_index.xlsx#d1e253582																						
83726	"Jean d'Écuelles"	"Jean d'Écuelles"				écuyer		Paris_AN_JJ_inventaire_JJ37-50_index.xlsx#d1e253597																						
83727	"Jean de Dammartin (Me)"	"Jean de Dammartin (Me)"				"chanoine de Chartres, clerc du roi"		Paris_AN_JJ_inventaire_JJ37-50_index.xlsx#d1e253612																						
83728	"Jean de Dampierre"	"Jean de Dampierre"				"procureur des marchands de poisson de mar"		Paris_AN_JJ_inventaire_JJ37-50_index.xlsx#d1e253627																						
83729	"Jean de Dicy"	"Jean de Dicy"				"garde du sceau de la prévôté de Sens"		Paris_AN_JJ_inventaire_JJ37-50_index.xlsx#d1e253645																						
83730	Arnoulet	Arnoulet				"valet des nappes du roi"		Paris_AN_JJ_inventaire_JJ37-50_index.xlsx#d1e142770																						
83731	"Jean de Digny"	"Jean de Digny"				chevalier		Paris_AN_JJ_inventaire_JJ37-50_index.xlsx#d1e253660																						
83732	"Jean de Dijon (Me)"	"Jean de Dijon (Me)"		"J. de Dyvione (magister)"		"magister J. de Dyvione, clerc du roi, chanoine de Meaux et de Sens"		Paris_AN_JJ_inventaire_JJ37-50_index.xlsx#d1e253676																						
83733	"Jean de Domno Martino"	"Jean de Domno Martino"				"maître-clerc des Comptes"		Paris_AN_JJ_inventaire_JJ37-50_index.xlsx#d1e253724																						
83734	"Jean de Doys"	"Jean de Doys"				"valet du roi, prévôt d'Angoulême"		Paris_AN_JJ_inventaire_JJ37-50_index.xlsx#d1e253735																						
83735	"Jean de Faget"	"Jean de Faget"				"recteur de l'église d'Ondes"		Paris_AN_JJ_inventaire_JJ37-50_index.xlsx#d1e253750																						
83736	"Jean de Fallencione"	"Jean de Fallencione"						Paris_AN_JJ_inventaire_JJ37-50_index.xlsx#d1e253765																						
83737	"Jean IV de Falvy"	"Jean IV de Falvy"				chevalier		Paris_AN_JJ_inventaire_JJ37-50_index.xlsx#d1e253780																						
83738	"Jean V de Falvy"	"Jean V de Falvy"				écuyer		Paris_AN_JJ_inventaire_JJ37-50_index.xlsx#d1e253796																						
83739	"Jean de Faucogney"	"Jean de Faucogney"				"clerc du diocèse de Besançon"		Paris_AN_JJ_inventaire_JJ37-50_index.xlsx#d1e253829																						
83740	"Jean de Félines"	"Jean de Félines"				"notaire de l'empereur et de l'évêque de Mende"		Paris_AN_JJ_inventaire_JJ37-50_index.xlsx#d1e253844																						
83741	"Jacques Arqueiatoris"	"Jacques Arqueiatoris"				"drapier du Bourg de Narbonne"		Paris_AN_JJ_inventaire_JJ37-50_index.xlsx#d1e142829																						
83742	"Jean de Ferrette"	"Jean de Ferrette"						Paris_AN_JJ_inventaire_JJ37-50_index.xlsx#d1e253859																						
83743	"Jean de Ferrières"	"Jean de Ferrières"				"sénéchal de Gascogne, chevalier"		Paris_AN_JJ_inventaire_JJ37-50_index.xlsx#d1e253874																						
83744	"Jean de Fismes"	"Jean de Fismes"				"curé de Chéry"		Paris_AN_JJ_inventaire_JJ37-50_index.xlsx#d1e253908																						
83745	"Jean de Flandre"	"Jean de Flandre"				"comte de Namur"		Paris_AN_JJ_inventaire_JJ37-50_index.xlsx#d1e253924																						
83746	"Jean de Flandre"	"Jean de Flandre"				"fils aîné d'Alice de Clermont"		Paris_AN_JJ_inventaire_JJ37-50_index.xlsx#d1e253945																						
83747	"Jean de Fontaines (Me)"	"Jean de Fontaines (Me)"				"doyen de Cassel, clerc du roi"		Paris_AN_JJ_inventaire_JJ37-50_index.xlsx#d1e253966																						
83748	"Jean de Foresta"	"Jean de Foresta"						Paris_AN_JJ_inventaire_JJ37-50_index.xlsx#d1e253984																						
83749	"Jean de Forêt"	"Jean de Forêt"				"clerc du Roi"		Paris_AN_JJ_inventaire_JJ37-50_index.xlsx#d1e253999																						
83750	"Jean de Forgettes (Me)"	"Jean de Forgettes (Me)"				"archidiacre de Brioude"		Paris_AN_JJ_inventaire_JJ37-50_index.xlsx#d1e254014																						
83751	"Jean II de Gaillon"	"Jean II de Gaillon"				"chevalier du roi"		Paris_AN_JJ_inventaire_JJ37-50_index.xlsx#d1e254048																						
83752	Adèle	Adèle				"femme de Jean d'Allemant"		Paris_AN_JJ_inventaire_JJ37-50_index.xlsx#d1e132974																						
83753	"Jean Arquier (Me)"	"Jean Arquier (Me)"				"notaire de Carcassonne"		Paris_AN_JJ_inventaire_JJ37-50_index.xlsx#d1e142893																						
83754	"Jean de Garlande"	"Jean de Garlande"				écuyer		Paris_AN_JJ_inventaire_JJ37-50_index.xlsx#d1e254063																						
83755	"Jean de Gaudry"	"Jean de Gaudry"				"écuyer banni du royaume"		Paris_AN_JJ_inventaire_JJ37-50_index.xlsx#d1e254078																						
83756	"Jean de Grandpré (frère)"	"Jean de Grandpré (frère)"				"aumônier du roi"		Paris_AN_JJ_inventaire_JJ37-50_index.xlsx#d1e254099																						
83757	"Jean de Grasse (Me)"	"Jean de Grasse (Me)"				clerc		Paris_AN_JJ_inventaire_JJ37-50_index.xlsx#d1e254144																						
83758	"Jean de Grez"	"Jean de Grez"		"Johannes de Gressibus"		"Johannes de Gressibus, chevalier du roi, maréchal de France"		Paris_AN_JJ_inventaire_JJ37-50_index.xlsx#d1e254160																						
83759	"Jean de Grignon"	"Jean de Grignon"				"sa veuve et son fils"		Paris_AN_JJ_inventaire_JJ37-50_index.xlsx#d1e254209																						
83760	"Jean de Grilly"	"Jean de Grilly"						Paris_AN_JJ_inventaire_JJ37-50_index.xlsx#d1e254224																						
83761	"Jean de Guînes"	"Jean de Guînes"				"chevalier, vicomte de Meaux et sire de La Ferté-Gaucher et de La Ferté-Ancoul"		Paris_AN_JJ_inventaire_JJ37-50_index.xlsx#d1e254239																						
83762	"Jean de Gusergues"	"Jean de Gusergues"						Paris_AN_JJ_inventaire_JJ37-50_index.xlsx#d1e254263																						
83763	"Jean de Hainaut"	"Jean de Hainaut"				chevalier		Paris_AN_JJ_inventaire_JJ37-50_index.xlsx#d1e254278																						
83764	"Bernard Artaud"	"Bernard Artaud"						Paris_AN_JJ_inventaire_JJ37-50_index.xlsx#d1e143202																						
83765	"Jean de Ham"	"Jean de Ham"				écuyer		Paris_AN_JJ_inventaire_JJ37-50_index.xlsx#d1e254294																						
83766	"Jean de Jagny"	"Jean de Jagny"				"dit Favier, chevalier"		Paris_AN_JJ_inventaire_JJ37-50_index.xlsx#d1e254309																						
83767	"Jean de Janville"	"Jean de Janville"				"huissier d'armes du roi"		Paris_AN_JJ_inventaire_JJ37-50_index.xlsx#d1e254324																						
83768	"Jean de Joinville"	"Jean de Joinville"						Paris_AN_JJ_inventaire_JJ37-50_index.xlsx#d1e254372																						
83769	"Jean de Joux"	"Jean de Joux"				"seigneur de Chevreaux"		Paris_AN_JJ_inventaire_JJ37-50_index.xlsx#d1e254387																						
83770	"Jean de Jouy"	"Jean de Jouy"				écuyer		Paris_AN_JJ_inventaire_JJ37-50_index.xlsx#d1e254402																						
83771	"Jean de Jouy"	"Jean de Jouy"				"orfèvre, sa veuve"		Paris_AN_JJ_inventaire_JJ37-50_index.xlsx#d1e254418																						
83772	"Jean de Laboissière"	"Jean de Laboissière"				chevalier		Paris_AN_JJ_inventaire_JJ37-50_index.xlsx#d1e254433																						
83773	"Jean de La Bretèche"	"Jean de La Bretèche"				"notaire juré royal en la prévôté de Pierrefonds"		Paris_AN_JJ_inventaire_JJ37-50_index.xlsx#d1e254448																						
83774	"Jean de La Bucaille"	"Jean de La Bucaille"				écuyer		Paris_AN_JJ_inventaire_JJ37-50_index.xlsx#d1e254463																						
83775	"Guilhem Artaud"	"Guilhem Artaud"						Paris_AN_JJ_inventaire_JJ37-50_index.xlsx#d1e143217																						
83776	"Jean de La Carbonnière"	"Jean de La Carbonnière"				écuyer		Paris_AN_JJ_inventaire_JJ37-50_index.xlsx#d1e254478																						
83777	"Jean de La Caze"	"Jean de La Caze"						Paris_AN_JJ_inventaire_JJ37-50_index.xlsx#d1e254489																						
83778	"Jean de La Chapelle"	"Jean de La Chapelle"				"châtelain de Nemours, panetier du roi"		Paris_AN_JJ_inventaire_JJ37-50_index.xlsx#d1e254505																						
83779	"Jean de La Chapelle"	"Jean de La Chapelle"				"enquêteur-réformateur dans la sénéchaussée de Saintonge"		Paris_AN_JJ_inventaire_JJ37-50_index.xlsx#d1e254520																						
83780	"Jean de La Chapelle"	"Jean de La Chapelle"				vavasseur		Paris_AN_JJ_inventaire_JJ37-50_index.xlsx#d1e254538																						
83781	"Jean de La Charité"	"Jean de La Charité"				"garde du sceau de la prévôté de Dun-le-Roi"		Paris_AN_JJ_inventaire_JJ37-50_index.xlsx#d1e254553																						
83782	"Jean de La Cloche"	"Jean de La Cloche"						Paris_AN_JJ_inventaire_JJ37-50_index.xlsx#d1e254568																						
83783	"Jean de La Couture (Me)"	"Jean de La Couture (Me)"				"notaire de la Cour de Béziers"		Paris_AN_JJ_inventaire_JJ37-50_index.xlsx#d1e254583																						
83784	"Jean de La Fère"	"Jean de La Fère"				"chanoine de Saint-Florent de Roye, familier de l'empereur Philippe de Courtenay"		Paris_AN_JJ_inventaire_JJ37-50_index.xlsx#d1e254599																						
83785	"Jean de La Fère (Me)"	"Jean de La Fère (Me)"				"procureur du roi dans la sénéchaussée de Carcassonne et Béziers"		Paris_AN_JJ_inventaire_JJ37-50_index.xlsx#d1e254614																						
83786	"Pierre Artaud"	"Pierre Artaud"						Paris_AN_JJ_inventaire_JJ37-50_index.xlsx#d1e143232																						
83787	"Jean de Lafon"	"Jean de Lafon"				"bourgeois de Cahors"		Paris_AN_JJ_inventaire_JJ37-50_index.xlsx#d1e254641																						
83788	"Jean de Lagny"	"Jean de Lagny"						Paris_AN_JJ_inventaire_JJ37-50_index.xlsx#d1e254656																						
83789	"Jean de La Grange (Me)"	"Jean de La Grange (Me)"				"archidiacre de Dreux en l'église de Chartres"		Paris_AN_JJ_inventaire_JJ37-50_index.xlsx#d1e254686																						
83790	"Jean de La Haye"	"Jean de La Haye"				"sergent à verge du Châtelet de Paris"		Paris_AN_JJ_inventaire_JJ37-50_index.xlsx#d1e254705																						
83791	"Jean de La Marche"	"Jean de La Marche"				chevalier		Paris_AN_JJ_inventaire_JJ37-50_index.xlsx#d1e254720																						
83792	"Jean de La Mare"	"Jean de La Mare"						Paris_AN_JJ_inventaire_JJ37-50_index.xlsx#d1e254735																						
83793	"Jean de Lames"	"Jean de Lames"				"fils de Félisot Hellet"		Paris_AN_JJ_inventaire_JJ37-50_index.xlsx#d1e254750																						
83794	"Jean de Landas"	"Jean de Landas"				"fils de Baudouin de Mortagne"		Paris_AN_JJ_inventaire_JJ37-50_index.xlsx#d1e254765																						
83795	"Jean de La Neuville"	"Jean de La Neuville"				"valet du roi"		Paris_AN_JJ_inventaire_JJ37-50_index.xlsx#d1e254780																						
83796	"Jean de Lanne"	"Jean de Lanne"				"son héritière"		Paris_AN_JJ_inventaire_JJ37-50_index.xlsx#d1e254792																						
83797	"Arthur II"	"Arthur II"				"duc de Bretagne"		Paris_AN_JJ_inventaire_JJ37-50_index.xlsx#d1e143262																						
83798	"Jean de Laon"	"Jean de Laon"				"chevalier du roi"		Paris_AN_JJ_inventaire_JJ37-50_index.xlsx#d1e254807																						
83799	"Jean de La Périne"	"Jean de La Périne"				damoiseau		Paris_AN_JJ_inventaire_JJ37-50_index.xlsx#d1e254822																						
83800	"Jean de La Planque"	"Jean de La Planque"		"Jean de Plancha"		"de Plancha, chevalier"		Paris_AN_JJ_inventaire_JJ37-50_index.xlsx#d1e254837|Paris_AN_JJ_inventaire_JJ37-50_index.xlsx#d1e334101																						
83801	"Jean de La Rivière"	"Jean de La Rivière"				"chevalier du roi"		Paris_AN_JJ_inventaire_JJ37-50_index.xlsx#d1e254855																						
83802	"Jean de La Roche-Contrade"	"Jean de La Roche-Contrade"				"valet du roi"		Paris_AN_JJ_inventaire_JJ37-50_index.xlsx#d1e254870																						
83803	"Jean de Laroque"	"Jean de Laroque"						Paris_AN_JJ_inventaire_JJ37-50_index.xlsx#d1e254886																						
83804	"Jean de La Taille"	"Jean de La Taille"				"bourgeois d'Yèvre-le-Châtel"		Paris_AN_JJ_inventaire_JJ37-50_index.xlsx#d1e254901																						
83805	"Jean de La Tour"	"Jean de La Tour"				"sergent d'armes du roi"		Paris_AN_JJ_inventaire_JJ37-50_index.xlsx#d1e254916																						
83806	"Jean de Lattre"	"Jean de Lattre"				"son fils"		Paris_AN_JJ_inventaire_JJ37-50_index.xlsx#d1e254931																						
83807	"Jean de La Vente"	"Jean de La Vente"						Paris_AN_JJ_inventaire_JJ37-50_index.xlsx#d1e254946																						
83808	"Arvard de Verneuil"	"Arvard de Verneuil"		"Arvardus de Vernolio"		"procurator hominum et universitatis castri de Gordonio (Arvard de Verneuil, procureur de Gourdon)"		Paris_AN_JJ_inventaire_JJ37-50_index.xlsx#d1e143701																						
83809	"Jean de Leuville (Me)"	"Jean de Leuville (Me)"						Paris_AN_JJ_inventaire_JJ37-50_index.xlsx#d1e254961																						
83810	"Jean de Lévis"	"Jean de Lévis"				"seigneur de Mirepoix"		Paris_AN_JJ_inventaire_JJ37-50_index.xlsx#d1e254977																						
83811	"Jean de L'Hôpital"	"Jean de L'Hôpital"				"Hospitalis, J. de Hospitali, notaire du roi, signatures"		Paris_AN_JJ_inventaire_JJ37-50_index.xlsx#d1e254992																						
83812	"Jean de Lignières"	"Jean de Lignières"				écuyer		Paris_AN_JJ_inventaire_JJ37-50_index.xlsx#d1e255083																						
83813	"Jean III de Lignières"	"Jean III de Lignières"				chevalier		Paris_AN_JJ_inventaire_JJ37-50_index.xlsx#d1e255098																						
83814	"Jean d'Elnes"	"Jean d'Elnes"				"chevalier, commissaire du roi"		Paris_AN_JJ_inventaire_JJ37-50_index.xlsx#d1e255113																						
83815	"Jean de Lobet"	"Jean de Lobet"				"clerc, fils et héritier de feu Me Raimond de Lobet"		Paris_AN_JJ_inventaire_JJ37-50_index.xlsx#d1e255128																						
83816	"Jean de Longueau"	"Jean de Longueau"				"commissaire du roi aux rachats, quints et forfaitures"		Paris_AN_JJ_inventaire_JJ37-50_index.xlsx#d1e255144																						
83817	"Jean de Lorraine (Me) notaire de Toulouse"	"Jean de Lorraine (Me) notaire de Toulouse"						Paris_AN_JJ_inventaire_JJ37-50_index.xlsx#d1e255159																						
83818	"Jean de Luquy"	"Jean de Luquy"				"fils de feu Adam"		Paris_AN_JJ_inventaire_JJ37-50_index.xlsx#d1e255174																						
83819	Arvrard	Arvrard				"doyen d'Issigeac"		Paris_AN_JJ_inventaire_JJ37-50_index.xlsx#d1e143738																						
83820	"Jean de Luzarches"	"Jean de Luzarches"				"sa femme"		Paris_AN_JJ_inventaire_JJ37-50_index.xlsx#d1e255189																						
83821	"Jean de Lyon le jeune"	"Jean de Lyon le jeune"				"fils d'Imbert de Lyon"		Paris_AN_JJ_inventaire_JJ37-50_index.xlsx#d1e255204																						
83822	"Jean de Lyons (Me)"	"Jean de Lyons (Me)"				"médecin de Louis, roi de Navarre"		Paris_AN_JJ_inventaire_JJ37-50_index.xlsx#d1e255219																						
83823	"Jean de Machau"	"Jean de Machau"		"Johannes de Machello|J. de Machello"		"dominus J. de Machello, chevalier et chambellan du roi"		Paris_AN_JJ_inventaire_JJ37-50_index.xlsx#d1e255238																						
83824	"Jean de Machault"	"Jean de Machault"				"valet du Roi"		Paris_AN_JJ_inventaire_JJ37-50_index.xlsx#d1e255265																						
83825	"Jean de Maignelay"	"Jean de Maignelay"				chevalier		Paris_AN_JJ_inventaire_JJ37-50_index.xlsx#d1e255283																						
83826	"Jean de Marcoussis"	"Jean de Marcoussis"						Paris_AN_JJ_inventaire_JJ37-50_index.xlsx#d1e255310																						
83827	"Jean de Marizy"	"Jean de Marizy"				"son fils"		Paris_AN_JJ_inventaire_JJ37-50_index.xlsx#d1e255325																						
83828	"Jean de Mauquenchy"	"Jean de Mauquenchy"				"seigneur de Blainville, chevalier du roi, sénéchal de Toulouse et Albi"		Paris_AN_JJ_inventaire_JJ37-50_index.xlsx#d1e255340																						
83829	"Jean de Melun (Me)"	"Jean de Melun (Me)"				"chanoine de Bourges"		Paris_AN_JJ_inventaire_JJ37-50_index.xlsx#d1e255406																						
83831	"Jean de Melun"	"Jean de Melun"				chevalier		Paris_AN_JJ_inventaire_JJ37-50_index.xlsx#d1e255421																						
83832	"Jean de Monampteuil"	"Jean de Monampteuil"				"professeur ès lois, juge royal de Velay et Vivarais"		Paris_AN_JJ_inventaire_JJ37-50_index.xlsx#d1e255444																						
83833	"Jean de Mons (Me)"	"Jean de Mons (Me)"				"chancelier de l'église de Tours"		Paris_AN_JJ_inventaire_JJ37-50_index.xlsx#d1e255459																						
83834	"Jean de Mons"	"Jean de Mons"				"chantre de Paris, clerc du roi"		Paris_AN_JJ_inventaire_JJ37-50_index.xlsx#d1e255474																						
83835	"Jean de Montataire"	"Jean de Montataire"				"sergent du roi et garde des bois de Sénart"		Paris_AN_JJ_inventaire_JJ37-50_index.xlsx#d1e255489																						
83836	"Jean de Montby"	"Jean de Montby"						Paris_AN_JJ_inventaire_JJ37-50_index.xlsx#d1e255505																						
83837	"Jean de Montfort"	"Jean de Montfort"				"comte de Squillace"		Paris_AN_JJ_inventaire_JJ37-50_index.xlsx#d1e255520																						
83838	"Jean de Montfreart"	"Jean de Montfreart"				"notaire au Châtelet de Paris"		Paris_AN_JJ_inventaire_JJ37-50_index.xlsx#d1e255535																						
83839	"Jean de Montgobert"	"Jean de Montgobert"						Paris_AN_JJ_inventaire_JJ37-50_index.xlsx#d1e255550																						
83840	"Jean de Montlaur"	"Jean de Montlaur"				"archidiacre de Maguelonne, docteur ès décrets"		Paris_AN_JJ_inventaire_JJ37-50_index.xlsx#d1e255565																						
83841	"G. Assaut (Me)"	"G. Assaut (Me)"				"notaire de Narbonne"		Paris_AN_JJ_inventaire_JJ37-50_index.xlsx#d1e144002																						
83842	"Jean de Montloué"	"Jean de Montloué"						Paris_AN_JJ_inventaire_JJ37-50_index.xlsx#d1e255580																						
83843	"Jean de Montluçon"	"Jean de Montluçon"				"chanoine de Gâtines, ambassadeur de Charles de Valois"		Paris_AN_JJ_inventaire_JJ37-50_index.xlsx#d1e255596																						
83844	"Jean de Monzia"	"Jean de Monzia"				"notaire public du château de Jannes et de toute la terre de Frédol III de Lautrec"		Paris_AN_JJ_inventaire_JJ37-50_index.xlsx#d1e255611																						
83845	"Jean de Moret"	"Jean de Moret"				"demeurant à Compiègne"		Paris_AN_JJ_inventaire_JJ37-50_index.xlsx#d1e255626																						
83846	"Jean de Morlhon"	"Jean de Morlhon"				"donzel, puis chevalier"		Paris_AN_JJ_inventaire_JJ37-50_index.xlsx#d1e255641																						
83847	"Jean de Morvillers"	"Jean de Morvillers"						Paris_AN_JJ_inventaire_JJ37-50_index.xlsx#d1e255662																						
83848	"Jean de Nacelle"	"Jean de Nacelle"				"garde du sceau de la prévôté d'Yèvre-le-Châtel"		Paris_AN_JJ_inventaire_JJ37-50_index.xlsx#d1e255677																						
83849	"Jean de Nailly"	"Jean de Nailly"				vavasseur		Paris_AN_JJ_inventaire_JJ37-50_index.xlsx#d1e255693																						
83850	"Jean de Nermont"	"Jean de Nermont"				écuyer		Paris_AN_JJ_inventaire_JJ37-50_index.xlsx#d1e255708																						
83851	"Jean III de Nesle"	"Jean III de Nesle"				"comte de Soissons"		Paris_AN_JJ_inventaire_JJ37-50_index.xlsx#d1e255723																						
83853	"Jean IV de Nesle"	"Jean IV de Nesle"				"comte de Soissons et sire de Chimay"		Paris_AN_JJ_inventaire_JJ37-50_index.xlsx#d1e255738																						
83854	"Jean de Nesploy"	"Jean de Nesploy"				écuyer		Paris_AN_JJ_inventaire_JJ37-50_index.xlsx#d1e255753																						
83855	"Jean de Nieuport"	"Jean de Nieuport"				"maître de la Monnaie de Tournai"		Paris_AN_JJ_inventaire_JJ37-50_index.xlsx#d1e255768																						
83856	"Jean de Nogarereto"	"Jean de Nogarereto"				physicien		Paris_AN_JJ_inventaire_JJ37-50_index.xlsx#d1e255784																						
83857	"Jean de Nouvion"	"Jean de Nouvion"				"garde de la terre de Bourgogne"		Paris_AN_JJ_inventaire_JJ37-50_index.xlsx#d1e255799																						
83858	"Jean de Noyers"	"Jean de Noyers"				"Johannes de Noeriis, seigneur de Maisey-le-Duc, chevalier"		Paris_AN_JJ_inventaire_JJ37-50_index.xlsx#d1e255814																						
83859	"Jean de Passy"	"Jean de Passy"						Paris_AN_JJ_inventaire_JJ37-50_index.xlsx#d1e255832																						
83860	"Jean de Patinges"	"Jean de Patinges"						Paris_AN_JJ_inventaire_JJ37-50_index.xlsx#d1e255847																						
83861	"Jean de Picquigny"	"Jean de Picquigny"				"sergent du Châtelet"		Paris_AN_JJ_inventaire_JJ37-50_index.xlsx#d1e255862																						
83862	"Jean de Pitres"	"Jean de Pitres"						Paris_AN_JJ_inventaire_JJ37-50_index.xlsx#d1e255874																						
83863	"Abraham de Perpignan"	"Abraham de Perpignan"				juif		Paris_AN_JJ_inventaire_JJ37-50_index.xlsx#d1e132270																						
83864	"Aimar Gilbert"	"Aimar Gilbert"		"Ademarus Gilleberti"				Paris_AN_JJ_inventaire_JJ37-50_index.xlsx#d1e133000																						
83865	Asseline	Asseline				"dame de Gisay"		Paris_AN_JJ_inventaire_JJ37-50_index.xlsx#d1e144052																						
83866	"Jean de Plexerio"	"Jean de Plexerio"				"sergent de la Cour de Lunel"		Paris_AN_JJ_inventaire_JJ37-50_index.xlsx#d1e255889																						
83867	"Jean de Poiem"	"Jean de Poiem"				"bourgeois de Dax"		Paris_AN_JJ_inventaire_JJ37-50_index.xlsx#d1e255904																						
83868	"Jean de Pomponne"	"Jean de Pomponne"				"chevalier, seigneur du lieu"		Paris_AN_JJ_inventaire_JJ37-50_index.xlsx#d1e255919																						
83869	"Jean de Pontoise"	"Jean de Pontoise"				"évêque de Winchester"		Paris_AN_JJ_inventaire_JJ37-50_index.xlsx#d1e255940																						
83870	"Jean de Pontville ou de Bouilly"	"Jean de Pontville ou de Bouilly"				écuyer		Paris_AN_JJ_inventaire_JJ37-50_index.xlsx#d1e255955																						
83871	"Jean de Potio ou de Pujols"	"Jean de Potio ou de Pujols"				"sergent de Gautier du Fossat"		Paris_AN_JJ_inventaire_JJ37-50_index.xlsx#d1e255980																						
83872	"Jean de Prégrimaut"	"Jean de Prégrimaut"				"chevalier, vavasseur"		Paris_AN_JJ_inventaire_JJ37-50_index.xlsx#d1e255995																						
83873	"Jean de Prégrimaut"	"Jean de Prégrimaut"				"seigneur de Changy, vavasseur"		Paris_AN_JJ_inventaire_JJ37-50_index.xlsx#d1e256010																						
83874	"Jean de Prégrimaut"	"Jean de Prégrimaut"				vavasseur		Paris_AN_JJ_inventaire_JJ37-50_index.xlsx#d1e256025																						
83875	"Jean de Provins"	"Jean de Provins"				"charretier du roi"		Paris_AN_JJ_inventaire_JJ37-50_index.xlsx#d1e256040																						
83876	"Asserida de Corneillan"	"Asserida de Corneillan"				"marchande de Bayonne"		Paris_AN_JJ_inventaire_JJ37-50_index.xlsx#d1e144067																						
83877	"Jean de Provins (Me)"	"Jean de Provins (Me)"				"clerc et notaire du roi"		Paris_AN_JJ_inventaire_JJ37-50_index.xlsx#d1e256055																						
83878	"Jean de Provins"	"Jean de Provins"				"notaire public royal de Carcassonne"		Paris_AN_JJ_inventaire_JJ37-50_index.xlsx#d1e256074																						
83879	"Jean de Quartiers"	"Jean de Quartiers"						Paris_AN_JJ_inventaire_JJ37-50_index.xlsx#d1e256089																						
83880	"Jean de Radoye"	"Jean de Radoye"				chevalier		Paris_AN_JJ_inventaire_JJ37-50_index.xlsx#d1e256108																						
83881	"Jean de Raucoules"	"Jean de Raucoules"				"précepteur de l'hospice de Gaillac"		Paris_AN_JJ_inventaire_JJ37-50_index.xlsx#d1e256123																						
83882	"Jean d'Ercheu (Me)"	"Jean d'Ercheu (Me)"				"doyen de Noyon"		Paris_AN_JJ_inventaire_JJ37-50_index.xlsx#d1e256138																						
83883	"Jean de Remy (Me)"	"Jean de Remy (Me)"				"clerc du roi, chanoine de Noyon"		Paris_AN_JJ_inventaire_JJ37-50_index.xlsx#d1e256156																						
83884	"Jean de Renneval"	"Jean de Renneval"				"sire du lieu, chevalier du roi"		Paris_AN_JJ_inventaire_JJ37-50_index.xlsx#d1e256175																						
83885	"Jean de Rive"	"Jean de Rive"				"Johannes de Rive"		Paris_AN_JJ_inventaire_JJ37-50_index.xlsx#d1e256190																						
83886	"Jean de Rogerville"	"Jean de Rogerville"				"sa fiefferme"		Paris_AN_JJ_inventaire_JJ37-50_index.xlsx#d1e256211																						
83887	"Assieu IV de Galard"	"Assieu IV de Galard"		"Assivus de Galardo"		"Assivus de Galardo"		Paris_AN_JJ_inventaire_JJ37-50_index.xlsx#d1e144082																						
83888	"Jean de Roucy"	"Jean de Roucy"						Paris_AN_JJ_inventaire_JJ37-50_index.xlsx#d1e256229																						
83889	"Jean de Roufay"	"Jean de Roufay"				chevalier		Paris_AN_JJ_inventaire_JJ37-50_index.xlsx#d1e256240																						
83890	"Jean de Rougemont"	"Jean de Rougemont"				"Johannes de Rubeo Monte, chevalier du roi"		Paris_AN_JJ_inventaire_JJ37-50_index.xlsx#d1e256255																						
83891	"Jean de Rougemont"	"Jean de Rougemont"				"Johannes de Rubeo Monte , — et maître des forêts"		Paris_AN_JJ_inventaire_JJ37-50_index.xlsx#d1e256267																						
83892	"Jean de Rougemont"	"Jean de Rougemont"				"Johannes de Rubeo Monte , — et membre de l'Hôtel du roi"		Paris_AN_JJ_inventaire_JJ37-50_index.xlsx#d1e256279																						
83893	"Jean de Rouvray (Me)"	"Jean de Rouvray (Me)"				"clerc du roi, collecteur des amiates"		Paris_AN_JJ_inventaire_JJ37-50_index.xlsx#d1e256295																						
83894	"Jean de Rouvray"	"Jean de Rouvray"				"seigneur de Grainville-sur-Ry, chevalier du roi"		Paris_AN_JJ_inventaire_JJ37-50_index.xlsx#d1e256314																						
83895	"Jean de Rouy"	"Jean de Rouy"						Paris_AN_JJ_inventaire_JJ37-50_index.xlsx#d1e256332																						
83896	"Jean de Roye (Me)"	"Jean de Roye (Me)"				"clerc du roi, chanoine de Saint-Quentin"		Paris_AN_JJ_inventaire_JJ37-50_index.xlsx#d1e256347																						
83897	"Jean de Rueil"	"Jean de Rueil"						Paris_AN_JJ_inventaire_JJ37-50_index.xlsx#d1e256362																						
83898	"Hugues Astorg"	"Hugues Astorg"						Paris_AN_JJ_inventaire_JJ37-50_index.xlsx#d1e144176																						
83899	"Jean de Rutel ou Ritel"	"Jean de Rutel ou Ritel"				écuyer		Paris_AN_JJ_inventaire_JJ37-50_index.xlsx#d1e256385																						
83900	"Jean de Saint-Denis"	"Jean de Saint-Denis"				"chevalier du roi, sénéchal de Poitou et en Limousin"		Paris_AN_JJ_inventaire_JJ37-50_index.xlsx#d1e256401																						
83901	"Jean de Saint-Germain"	"Jean de Saint-Germain"				"bourgeois royal de Paris"		Paris_AN_JJ_inventaire_JJ37-50_index.xlsx#d1e256416																						
83902	"Jean de Saint-Germain-Laxis"	"Jean de Saint-Germain-Laxis"				écuyer		Paris_AN_JJ_inventaire_JJ37-50_index.xlsx#d1e256434																						
83903	"Jean de Saint-Just (Me)"	"Jean de Saint-Just (Me)"				"magister Johannes de Sancto Justo, clerc du roi, chantre d'Albi"		Paris_AN_JJ_inventaire_JJ37-50_index.xlsx#d1e256449																						
83904	"Jean de Saint-Just"	"Jean de Saint-Just"				"sergent du Châtelet"		Paris_AN_JJ_inventaire_JJ37-50_index.xlsx#d1e256511																						
83905	"Jean de Saint-Martin"	"Jean de Saint-Martin"				"donzel, seigneur de Caumont"		Paris_AN_JJ_inventaire_JJ37-50_index.xlsx#d1e256530																						
83906	"Jean de Saint-Sigismond"	"Jean de Saint-Sigismond"				chevalier		Paris_AN_JJ_inventaire_JJ37-50_index.xlsx#d1e256546																						
83907	"Jean de Saint-Vrain"	"Jean de Saint-Vrain"				"bailli de Vitry"	"corr. Saint-Verain?"	Paris_AN_JJ_inventaire_JJ37-50_index.xlsx#d1e256561																						
83908	"Jean de Salm"	"Jean de Salm"						Paris_AN_JJ_inventaire_JJ37-50_index.xlsx#d1e256579																						
83909	"Astorg de Lunac"	"Astorg de Lunac"						Paris_AN_JJ_inventaire_JJ37-50_index.xlsx#d1e144192																						
83910	"Jean de Saune"	"Jean de Saune"						Paris_AN_JJ_inventaire_JJ37-50_index.xlsx#d1e256590																						
83911	"Jean de Savigny"	"Jean de Savigny"				"évêque de Nevers"		Paris_AN_JJ_inventaire_JJ37-50_index.xlsx#d1e256605																						
83912	"Jean d'Escas"	"Jean d'Escas"				"consul de Port-Sainte-Marie"		Paris_AN_JJ_inventaire_JJ37-50_index.xlsx#d1e256623																						
83913	"Jean de Seine-Port"	"Jean de Seine-Port"						Paris_AN_JJ_inventaire_JJ37-50_index.xlsx#d1e256639																						
83914	"Jean de Senlis"	"Jean de Senlis"						Paris_AN_JJ_inventaire_JJ37-50_index.xlsx#d1e256654																						
83915	"Jean de Serez (Me)"	"Jean de Serez (Me)"				"clerc du roi, trésorier de Lisieux"		Paris_AN_JJ_inventaire_JJ37-50_index.xlsx#d1e256669																						
83916	"Jean des Murs"	"Jean des Murs"				écuyer		Paris_AN_JJ_inventaire_JJ37-50_index.xlsx#d1e256719																						
83917	"Jean de Soissons (Me)"	"Jean de Soissons (Me)"				"sire d'Ostel"		Paris_AN_JJ_inventaire_JJ37-50_index.xlsx#d1e256734																						
83918	"Jean de Soisy"	"Jean de Soisy"				chevalier		Paris_AN_JJ_inventaire_JJ37-50_index.xlsx#d1e256749																						
83919	"Jean de Somme-Vesle"	"Jean de Somme-Vesle"				"chevalier, sa veuve et ses enfants"		Paris_AN_JJ_inventaire_JJ37-50_index.xlsx#d1e256765																						
83920	"Astorg de Volton"	"Astorg de Volton"				chevalier		Paris_AN_JJ_inventaire_JJ37-50_index.xlsx#d1e144207																						
83921	"Jean de Soulles"	"Jean de Soulles"				"chevalier du roi"		Paris_AN_JJ_inventaire_JJ37-50_index.xlsx#d1e256780																						
83922	"Jean d'Espagne"	"Jean d'Espagne"				"sergent du roi au Châtelet de Paris"		Paris_AN_JJ_inventaire_JJ37-50_index.xlsx#d1e256798																						
83923	"Jean des Prés"	"Jean des Prés"						Paris_AN_JJ_inventaire_JJ37-50_index.xlsx#d1e256813																						
83924	"Jean d'Esserent (Me)"	"Jean d'Esserent (Me)"						Paris_AN_JJ_inventaire_JJ37-50_index.xlsx#d1e256828																						
83925	"Jean de Termes"	"Jean de Termes"				banni		Paris_AN_JJ_inventaire_JJ37-50_index.xlsx#d1e256843																						
83926	"Jean de Thézy"	"Jean de Thézy"				écuyer		Paris_AN_JJ_inventaire_JJ37-50_index.xlsx#d1e256859																						
83927	"Jean V de Thourotte"	"Jean V de Thourotte"				damoiseau		Paris_AN_JJ_inventaire_JJ37-50_index.xlsx#d1e256877																						
83928	"Jean de Tourneville"	"Jean de Tourneville"				chevalier		Paris_AN_JJ_inventaire_JJ37-50_index.xlsx#d1e256892																						
83929	"Jean de Touvau"	"Jean de Touvau"						Paris_AN_JJ_inventaire_JJ37-50_index.xlsx#d1e256910																						
83930	"Jean de Tremblay"	"Jean de Tremblay"				"bourgeois de Paris, son fils"		Paris_AN_JJ_inventaire_JJ37-50_index.xlsx#d1e256925																						
83931	"Astruc (Bon)"	"Astruc (Bon)"				"juif de Cologne"		Paris_AN_JJ_inventaire_JJ37-50_index.xlsx#d1e144222																						
83932	"Jean de Trie"	"Jean de Trie"				"garde du bailliage de Caux, sergent du Roi"		Paris_AN_JJ_inventaire_JJ37-50_index.xlsx#d1e256940																						
83933	"Jean de Valence"	"Jean de Valence"				"sa femme"		Paris_AN_JJ_inventaire_JJ37-50_index.xlsx#d1e256956																						
83934	"Jean de Valenciennes"	"Jean de Valenciennes"				"seigneur de Cayphas, chevalier du roi saint Louis"		Paris_AN_JJ_inventaire_JJ37-50_index.xlsx#d1e256971																						
83935	"Jean de Vannoise"	"Jean de Vannoise"				"bailli de Chaumont, puis garde des foires de Champagne et de Brie"		Paris_AN_JJ_inventaire_JJ37-50_index.xlsx#d1e256989																						
83936	"Jean de Varennes"	"Jean de Varennes"				"chevalier du roi, Johannes de Varenis, miles regis, sire de Bray-sur-Somme"		Paris_AN_JJ_inventaire_JJ37-50_index.xlsx#d1e257004																						
83937	"Jean de Vauchassis"	"Jean de Vauchassis"				"commissaire substitut sur le fait des juifs, demeurant à Provins"		Paris_AN_JJ_inventaire_JJ37-50_index.xlsx#d1e257064																						
83938	"Jean de Vaumont"	"Jean de Vaumont"						Paris_AN_JJ_inventaire_JJ37-50_index.xlsx#d1e257079																						
83939	"Jean de Vayres"	"Jean de Vayres"				"chevalier du Roi"		Paris_AN_JJ_inventaire_JJ37-50_index.xlsx#d1e257095																						
83940	"Jean de Vergy"	"Jean de Vergy"				"sénéchal de Bourgogne"		Paris_AN_JJ_inventaire_JJ37-50_index.xlsx#d1e257122																						
83941	"Jean de Verre"	"Jean de Verre"				"sa terre"		Paris_AN_JJ_inventaire_JJ37-50_index.xlsx#d1e257137																						
83942	"Astruc (Vivant)"	"Astruc (Vivant)"				"de Limoux, juif de Belvèze"		Paris_AN_JJ_inventaire_JJ37-50_index.xlsx#d1e144237																						
83943	"Jean de Vienne"	"Jean de Vienne"						Paris_AN_JJ_inventaire_JJ37-50_index.xlsx#d1e257152																						
83944	"Jean de Viertot"	"Jean de Viertot"				"garde du bailliage de Caen"		Paris_AN_JJ_inventaire_JJ37-50_index.xlsx#d1e257167																						
83945	"Jean de Vilaine"	"Jean de Vilaine"				"écuyer, veneur du roi"		Paris_AN_JJ_inventaire_JJ37-50_index.xlsx#d1e257182																						
83946	"Jean de Villepreux"	"Jean de Villepreux"				"chevalier du roi"		Paris_AN_JJ_inventaire_JJ37-50_index.xlsx#d1e257210																						
83947	"Jean de Villers"	"Jean de Villers"				"écuyer, valet du roi"		Paris_AN_JJ_inventaire_JJ37-50_index.xlsx#d1e257228																						
83948	"Jean de Villers (frère)"	"Jean de Villers (frère)"				"précepteur de la maison de Fieffes"		Paris_AN_JJ_inventaire_JJ37-50_index.xlsx#d1e257243																						
83949	"Jean de Villiers"	"Jean de Villiers"				chevalier		Paris_AN_JJ_inventaire_JJ37-50_index.xlsx#d1e257258																						
83950	"Jean de Viroflay"	"Jean de Viroflay"				"seigneur de Fourqueux"		Paris_AN_JJ_inventaire_JJ37-50_index.xlsx#d1e257273																						
83951	"Jean de Walincourt"	"Jean de Walincourt"				"chevalier du roi, sire du lieu et de Cysoing, baron de Flandre"		Paris_AN_JJ_inventaire_JJ37-50_index.xlsx#d1e257288																						
83952	"Jean de Wassy"	"Jean de Wassy"				"chevalier du roi"		Paris_AN_JJ_inventaire_JJ37-50_index.xlsx#d1e257313																						
83953	"Astruc d'Alet"	"Astruc d'Alet"				juif		Paris_AN_JJ_inventaire_JJ37-50_index.xlsx#d1e144275																						
83954	"Jean Ier d'Harcourt"	"Jean Ier d'Harcourt"				"seigneur du lieu"		Paris_AN_JJ_inventaire_JJ37-50_index.xlsx#d1e257340																						
83955	"Jean II d'Harcourt"	"Jean II d'Harcourt"				"chevalier, seigneur du lieu"		Paris_AN_JJ_inventaire_JJ37-50_index.xlsx#d1e257355																						
83956	"Jean III d'Harcourt"	"Jean III d'Harcourt"				"seigneur du lieu, fils du précédent"		Paris_AN_JJ_inventaire_JJ37-50_index.xlsx#d1e257376																						
83957	"Jean d'Hastings"	"Jean d'Hastings"				"chevalier, sénéchal de Gascogne et du duché d'Aquitaine"		Paris_AN_JJ_inventaire_JJ37-50_index.xlsx#d1e257400																						
83958	"Jean d'Haverskerque"	"Jean d'Haverskerque"				"seigneur de Watten"		Paris_AN_JJ_inventaire_JJ37-50_index.xlsx#d1e257415																						
83959	"Jean dit de Janville de Navarre"	"Jean dit de Janville de Navarre"				"fils naturel de Jean de Janville"		Paris_AN_JJ_inventaire_JJ37-50_index.xlsx#d1e257431																						
83960	"Jean d'Oiselay"	"Jean d'Oiselay"				"seigneur de Flagy, chevalier du roi"		Paris_AN_JJ_inventaire_JJ37-50_index.xlsx#d1e257446																						
83961	"Jean d'Orbais"	"Jean d'Orbais"				"chevalier, jadis étudiant à Paris"		Paris_AN_JJ_inventaire_JJ37-50_index.xlsx#d1e257461																						
83962	"Jean d'Ormoy"	"Jean d'Ormoy"				écuyer		Paris_AN_JJ_inventaire_JJ37-50_index.xlsx#d1e257476																						
83963	"Jean d'Oudenarde"	"Jean d'Oudenarde"				"seigneur usufruitier de Rozoy-sur-Serre"		Paris_AN_JJ_inventaire_JJ37-50_index.xlsx#d1e257502																						
83964	"Astruc d'en Abraham"	"Astruc d'en Abraham"				juif		Paris_AN_JJ_inventaire_JJ37-50_index.xlsx#d1e144290																						
83965	"Jean d'Outre-Lys"	"Jean d'Outre-Lys"				"ses enfants"		Paris_AN_JJ_inventaire_JJ37-50_index.xlsx#d1e257518																						
83966	"Jean du Bignon (Me)"	"Jean du Bignon (Me)"				"jadis chanoine de Dol"		Paris_AN_JJ_inventaire_JJ37-50_index.xlsx#d1e257555																						
83967	"Jean II du Châtel"	"Jean II du Châtel"				"seigneur de Nangis, chevalier"		Paris_AN_JJ_inventaire_JJ37-50_index.xlsx#d1e257570																						
83968	"Jean du Châtel"	"Jean du Châtel"				"seigneur de Vienne, chevalier, cousin du précédent"		Paris_AN_JJ_inventaire_JJ37-50_index.xlsx#d1e257597																						
83969	"Jean du Châtelet"	"Jean du Châtelet"				"seigneur de Vitry"		Paris_AN_JJ_inventaire_JJ37-50_index.xlsx#d1e257622																						
83970	"Jean du Glat"	"Jean du Glat"				"de Limbrassac"		Paris_AN_JJ_inventaire_JJ37-50_index.xlsx#d1e257637																						
83971	"Jean du Jardin"	"Jean du Jardin"					"bourgeois de Gand"	Paris_AN_JJ_inventaire_JJ37-50_index.xlsx#d1e257652																						
83972	"Jean du Nuef-Markiet"	"Jean du Nuef-Markiet"						Paris_AN_JJ_inventaire_JJ37-50_index.xlsx#d1e257667																						
83973	"Jean du Poiz"	"Jean du Poiz"				"bourgeois de La Rochelle"		Paris_AN_JJ_inventaire_JJ37-50_index.xlsx#d1e257682																						
83974	"Jean du Pont"	"Jean du Pont"				"chapelain du roi"		Paris_AN_JJ_inventaire_JJ37-50_index.xlsx#d1e257697																						
83975	"Adenin de La Grange"	"Adenin de La Grange"				écuyer		Paris_AN_JJ_inventaire_JJ37-50_index.xlsx#d1e133011																						
83976	"Astruc de Sorgeriis"	"Astruc de Sorgeriis"				juif		Paris_AN_JJ_inventaire_JJ37-50_index.xlsx#d1e144305																						
83977	"Jean du Poys"	"Jean du Poys"				"garde des châteaux du comté de Nevers"		Paris_AN_JJ_inventaire_JJ37-50_index.xlsx#d1e257713																						
83978	"Jean du Puits (Me)"	"Jean du Puits (Me)"						Paris_AN_JJ_inventaire_JJ37-50_index.xlsx#d1e257728																						
83979	"Jean du Saint-Esprit (Me)"	"Jean du Saint-Esprit (Me)"		"Johannes de Sancto Spiritu"		"chapelain dudit lieu, collecteur des annates"		Paris_AN_JJ_inventaire_JJ37-50_index.xlsx#d1e257754																						
83980	"Jean du Temple"	"Jean du Temple"				"notaire du roi"		Paris_AN_JJ_inventaire_JJ37-50_index.xlsx#d1e257773																						
83981	"Jean du Vivier"	"Jean du Vivier"						Paris_AN_JJ_inventaire_JJ37-50_index.xlsx#d1e257784																						
83982	"Jean d'Yèbles et sa femme"	"Jean d'Yèbles et sa femme"						Paris_AN_JJ_inventaire_JJ37-50_index.xlsx#d1e257803																						
83983	"Jean d'Yerres"	"Jean d'Yerres"				chevalier		Paris_AN_JJ_inventaire_JJ37-50_index.xlsx#d1e257818																						
83984	"Jean le Boucher"	"Jean le Boucher"						Paris_AN_JJ_inventaire_JJ37-50_index.xlsx#d1e258335																						
83985	"Jean Van Hertsberg"	"Jean Van Hertsberg"				"échevin de Bruges"		Paris_AN_JJ_inventaire_JJ37-50_index.xlsx#d1e259407																						
83986	Jeanne	Jeanne				"reine de France et de Navarre, comtesse de Champagne et de Brie, femme de Philippe le Bel"		Paris_AN_JJ_inventaire_JJ37-50_index.xlsx#d1e259501																						
83987	Astrugua	Astrugua				"juive de Béziers"		Paris_AN_JJ_inventaire_JJ37-50_index.xlsx#d1e144365																						
83988	Jeanne	Jeanne				"comtesse d'Alençon et de Blois"		Paris_AN_JJ_inventaire_JJ37-50_index.xlsx#d1e259752																						
83989	Jeanne	Jeanne				"comtesse de Nevers et de Rethel"		Paris_AN_JJ_inventaire_JJ37-50_index.xlsx#d1e259763																						
83990	Jeanne	Jeanne				"dame de Bois-Arnault, femme de Pierre de Moyaux"		Paris_AN_JJ_inventaire_JJ37-50_index.xlsx#d1e259778																						
83991	Jeanne	Jeanne				"dame de Viarmes"		Paris_AN_JJ_inventaire_JJ37-50_index.xlsx#d1e259793																						
83992	Jeanne	Jeanne				"femme d'Adam le Wangue"		Paris_AN_JJ_inventaire_JJ37-50_index.xlsx#d1e259805																						
83993	Jeanne	Jeanne				"femme de Baudouin de Caumont"		Paris_AN_JJ_inventaire_JJ37-50_index.xlsx#d1e259820																						
83994	Jeanne	Jeanne				"femme de Bérenger de Seine, de Poissy"		Paris_AN_JJ_inventaire_JJ37-50_index.xlsx#d1e259835																						
83995	Jeanne	Jeanne				"femme de Bernard Amoros"		Paris_AN_JJ_inventaire_JJ37-50_index.xlsx#d1e259850																						
83996	Jeanne	Jeanne				"femme de Geoffroi Cocatrix"		Paris_AN_JJ_inventaire_JJ37-50_index.xlsx#d1e259865																						
83997	Jeanne	Jeanne				"femme de Gilles de Clary"		Paris_AN_JJ_inventaire_JJ37-50_index.xlsx#d1e259880																						
83998	"Astrugua de Provence"	"Astrugua de Provence"				"autrement dite Léone, juive"		Paris_AN_JJ_inventaire_JJ37-50_index.xlsx#d1e144380																						
83999	Jeanne	Jeanne				"femme de Guiard de Fontenay"		Paris_AN_JJ_inventaire_JJ37-50_index.xlsx#d1e259896																						
84000	Jeanne	Jeanne				"femme de Guillaume, sire de Moussy-le-Vieux"		Paris_AN_JJ_inventaire_JJ37-50_index.xlsx#d1e259914																						
84001	Jeanne	Jeanne				"femme de Guillaume de Charny"		Paris_AN_JJ_inventaire_JJ37-50_index.xlsx#d1e259929																						
84002	Jeanne	Jeanne				"femme de Guillaume de Puiseaux"		Paris_AN_JJ_inventaire_JJ37-50_index.xlsx#d1e259944																						
84003	Jeanne	Jeanne				"femme de Jacques Jeune"		Paris_AN_JJ_inventaire_JJ37-50_index.xlsx#d1e259955																						
84004	Jeanne	Jeanne				"femme de Jean Baril"		Paris_AN_JJ_inventaire_JJ37-50_index.xlsx#d1e259970																						
84005	Jeanne	Jeanne				"femme de Jean de Chambly"		Paris_AN_JJ_inventaire_JJ37-50_index.xlsx#d1e259986																						
84006	Jeanne	Jeanne				"femme de Jean de Courpalay"		Paris_AN_JJ_inventaire_JJ37-50_index.xlsx#d1e259997																						
84007	Jeanne	Jeanne				"femme de Jean de La Roche-Contrade"		Paris_AN_JJ_inventaire_JJ37-50_index.xlsx#d1e260015																						
84008	Jeanne	Jeanne				"femme de Jean de Pomponne"		Paris_AN_JJ_inventaire_JJ37-50_index.xlsx#d1e260030																						
84009	"Athon de Salvagnac (frère)"	"Athon de Salvagnac (frère)"				"précepteur des maisons du Temple de Lacapelle-Livron et de Carnac"		Paris_AN_JJ_inventaire_JJ37-50_index.xlsx#d1e144459																						
84010	"Jeanne (ou Jeannette)"	"Jeanne (ou Jeannette)"				"femme de Jean de Saint-Germain, bourgeoise royale de Paris"		Paris_AN_JJ_inventaire_JJ37-50_index.xlsx#d1e260051																						
84011	Jeanne	Jeanne				"femme de Jean de Varennes"		Paris_AN_JJ_inventaire_JJ37-50_index.xlsx#d1e260069																						
84012	Jeanne	Jeanne				"femme de Jean Festu"		Paris_AN_JJ_inventaire_JJ37-50_index.xlsx#d1e260081																						
84013	Jeanne	Jeanne				"femme de Jean l'Abbé"		Paris_AN_JJ_inventaire_JJ37-50_index.xlsx#d1e260096																						
84014	Jeanne	Jeanne				"femme de Jean Rahier"		Paris_AN_JJ_inventaire_JJ37-50_index.xlsx#d1e260111																						
84015	Jeanne	Jeanne				"femme de Laurent Nouvel"		Paris_AN_JJ_inventaire_JJ37-50_index.xlsx#d1e260126																						
84016	Jeanne	Jeanne				"femme d'Enguerrand de Marigny, mère de Louis de Marigny"		Paris_AN_JJ_inventaire_JJ37-50_index.xlsx#d1e260141																						
84017	"Jeanne (r)menovilla"	"Jeanne (r)menovilla"				"femme de Nicolas de He(r)menovilla"		Paris_AN_JJ_inventaire_JJ37-50_index.xlsx#d1e260152																						
84018	Jeanne	Jeanne				"femme de Nicolas le Barbier"		Paris_AN_JJ_inventaire_JJ37-50_index.xlsx#d1e260171																						
84021	Jeanne	Jeanne				"femme de Raoul de Presles"		Paris_AN_JJ_inventaire_JJ37-50_index.xlsx#d1e260197																						
84022	Jeanne	Jeanne				"femme de Raoul de Soissons"		Paris_AN_JJ_inventaire_JJ37-50_index.xlsx#d1e260208																						
84023	Jeanne	Jeanne				"femme de Richard Godard"		Paris_AN_JJ_inventaire_JJ37-50_index.xlsx#d1e260223																						
84024	Jeanne	Jeanne				"femme de Robert de Rapentigum"		Paris_AN_JJ_inventaire_JJ37-50_index.xlsx#d1e260238																						
84025	Jeanne	Jeanne				"femme de Simon de Massy"		Paris_AN_JJ_inventaire_JJ37-50_index.xlsx#d1e260254																						
84026	Jeanne	Jeanne				"femme du comte de Bar"		Paris_AN_JJ_inventaire_JJ37-50_index.xlsx#d1e260269																						
84027	Jeanne	Jeanne				"fille d'Adam Chrétien, de Nemours"		Paris_AN_JJ_inventaire_JJ37-50_index.xlsx#d1e260280																						
84028	Jeanne	Jeanne				"fille d'Adam de Luquy"		Paris_AN_JJ_inventaire_JJ37-50_index.xlsx#d1e260295																						
84029	Jeanne	Jeanne				"fille d'Adam le Carpentier"		Paris_AN_JJ_inventaire_JJ37-50_index.xlsx#d1e260310																						
84030	Jeanne	Jeanne				"fille d'Arthur II, duc de Bretagne, et d'Iolande de Dreux"		Paris_AN_JJ_inventaire_JJ37-50_index.xlsx#d1e260325																						
84031	"Aubert (Simon)"	"Aubert (Simon)"				"du Val-Gilles"		Paris_AN_JJ_inventaire_JJ37-50_index.xlsx#d1e144539																						
84032	Jeanne	Jeanne				"fille de Baudouin de Rouy"		Paris_AN_JJ_inventaire_JJ37-50_index.xlsx#d1e260337																						
84033	Jeanne	Jeanne				"fille de Charles de Valois et Catherine de Courtenay"		Paris_AN_JJ_inventaire_JJ37-50_index.xlsx#d1e260352																						
84034	Jeanne	Jeanne				"fille de Guillaume, seigneur de Brion"		Paris_AN_JJ_inventaire_JJ37-50_index.xlsx#d1e260363																						
84035	Jeanne	Jeanne				"fille de Jean de Bouville"		Paris_AN_JJ_inventaire_JJ37-50_index.xlsx#d1e260378																						
84036	Jeanne	Jeanne				"fille de Jean de Joigny"		Paris_AN_JJ_inventaire_JJ37-50_index.xlsx#d1e260396																						
84037	Jeanne	Jeanne				"fille de Jean de Vilaine, religieuse de Saint-Cyr"		Paris_AN_JJ_inventaire_JJ37-50_index.xlsx#d1e260407																						
84039	Jeanne	Jeanne				"fille de Raoul de Gandelu et de Guillemote"		Paris_AN_JJ_inventaire_JJ37-50_index.xlsx#d1e260434																						
84040	Jeanne	Jeanne				"fille de Robert II, duc de Bourgogne"		Paris_AN_JJ_inventaire_JJ37-50_index.xlsx#d1e260449																						
84041	Jeanne	Jeanne				"fille d'Hugues II de Bouville"		Paris_AN_JJ_inventaire_JJ37-50_index.xlsx#d1e260460																						
84042	"Aubert de Brezolles"	"Aubert de Brezolles"				"prêtre, tabellion du roi dans la vicomté de Verneuil"		Paris_AN_JJ_inventaire_JJ37-50_index.xlsx#d1e144557																						
84043	Jeanne	Jeanne				"fille d'Hugues de Conflans et de Braïda"		Paris_AN_JJ_inventaire_JJ37-50_index.xlsx#d1e260478																						
84044	Jeanne	Jeanne				"fille d'Othon IV de Bourgogne et de Mahaut"		Paris_AN_JJ_inventaire_JJ37-50_index.xlsx#d1e260493																						
84045	Jeanne	Jeanne				"sœur de Catherine de Valois"		Paris_AN_JJ_inventaire_JJ37-50_index.xlsx#d1e260505																						
84046	Jeanne	Jeanne				"soeur du duc Hugues de Bourgogne"		Paris_AN_JJ_inventaire_JJ37-50_index.xlsx#d1e260516																						
84047	Jeanne	Jeanne				"veuve de Pierre de Gannes"		Paris_AN_JJ_inventaire_JJ37-50_index.xlsx#d1e260527																						
84048	Jeanne	Jeanne				"veuve d'Ives le Breton"		Paris_AN_JJ_inventaire_JJ37-50_index.xlsx#d1e260542																						
84049	"Jeanne d'Aiserey"	"Jeanne d'Aiserey"				"femme de Guillaume d'Ivry"		Paris_AN_JJ_inventaire_JJ37-50_index.xlsx#d1e260577																						
84050	"Jeanne d'Artois"	"Jeanne d'Artois"		Jeanne		"femme de Gaston Ier, comte de Foix ; fille de Philippe, fils aîné de Robert II comte d'Artois"		Paris_AN_JJ_inventaire_JJ37-50_index.xlsx#d1e260593|Paris_AN_JJ_inventaire_JJ37-50_index.xlsx#d1e260423																						
84051	"Jeanne de Beaujeu"	"Jeanne de Beaujeu"				"femme de Jean II, comte de Dreux"		Paris_AN_JJ_inventaire_JJ37-50_index.xlsx#d1e260614																						
84052	"Jeanne de Beaumont"	"Jeanne de Beaumont"				"dame de Boissy"		Paris_AN_JJ_inventaire_JJ37-50_index.xlsx#d1e260629																						
84053	"Aubert de Cuy"	"Aubert de Cuy"						Paris_AN_JJ_inventaire_JJ37-50_index.xlsx#d1e144581																						
84054	"Jeanne de Beaumont"	"Jeanne de Beaumont"				"fille aînée de Jean IV de Beaumont"		Paris_AN_JJ_inventaire_JJ37-50_index.xlsx#d1e260644																						
84055	"Jeanne de Bonnay"	"Jeanne de Bonnay"				"dame de Porcheresse"		Paris_AN_JJ_inventaire_JJ37-50_index.xlsx#d1e260659																						
84056	"Jeanne de Boulingueham"	"Jeanne de Boulingueham"						Paris_AN_JJ_inventaire_JJ37-50_index.xlsx#d1e260674																						
84057	"Jeanne de Bourgogne"	"Jeanne de Bourgogne"				"fille de Robert II, duc de Bourgogne, et d'Agnès de France, femme de Philippe de Valois"		Paris_AN_JJ_inventaire_JJ37-50_index.xlsx#d1e260686																						
84058	"Jeanne de Bourgogne"	"Jeanne de Bourgogne"		Jeanne		"fille d'Othon IV et de Mahaut, femme de Philippe, fils du roi, comtesse de Bourgogne"		Paris_AN_JJ_inventaire_JJ37-50_index.xlsx#d1e260720|Paris_AN_JJ_inventaire_JJ37-50_index.xlsx#d1e260186																						
84059	"Jeanne de Bouvelinghem"	"Jeanne de Bouvelinghem"		"Jeanne de Boulingueham"		"dame de Fréauville"		Paris_AN_JJ_inventaire_JJ37-50_index.xlsx#d1e260751																						
84060	"Jeanne de Bretagne"	"Jeanne de Bretagne"				"fille aînée du duc Arthur II de Bretagne et d'Iolande de Dreux"		Paris_AN_JJ_inventaire_JJ37-50_index.xlsx#d1e260766																						
84061	"Jeanne de Casalibus"	"Jeanne de Casalibus"				"femme de Jean de Charry"		Paris_AN_JJ_inventaire_JJ37-50_index.xlsx#d1e260784																						
84062	"Jeanne de Chambly"	"Jeanne de Chambly"				"femme de Raoul de Clermont, sire de Terny"		Paris_AN_JJ_inventaire_JJ37-50_index.xlsx#d1e260799																						
84063	"Jeanne de Champotran"	"Jeanne de Champotran"						Paris_AN_JJ_inventaire_JJ37-50_index.xlsx#d1e260815																						
84064	"Aubert V de Hangest"	"Aubert V de Hangest"		"Albertus de Hangesto"		"dit le fils, Albertus de Hangesto, chevalier du roi, seigneur de Fontaine-Châtel et de Genlis"		Paris_AN_JJ_inventaire_JJ37-50_index.xlsx#d1e144596|Paris_AN_JJ_inventaire_JJ37-50_index.xlsx#d1e135244																						
84065	"Jeanne de Chastel"	"Jeanne de Chastel"				"femme de Me Raoul de Presles"		Paris_AN_JJ_inventaire_JJ37-50_index.xlsx#d1e260830																						
84066	"Jeanne de Châtillon"	"Jeanne de Châtillon"				"comtesse d'Alençon et de Blois"		Paris_AN_JJ_inventaire_JJ37-50_index.xlsx#d1e260864																						
84067	"Jeanne de Dreux"	"Jeanne de Dreux"				"comtesse de Roucy, veuve du comte de Roucy et femme de Jean de Bar"		Paris_AN_JJ_inventaire_JJ37-50_index.xlsx#d1e260882																						
84068	"Jeanne de Faillouël"	"Jeanne de Faillouël"						Paris_AN_JJ_inventaire_JJ37-50_index.xlsx#d1e260900																						
84069	"Jeanne de Flandre"	"Jeanne de Flandre"				"femme, puis veuve d'Enguerrand IV, sire de Coucy, dame de Coucy et de Saint-Gobain"		Paris_AN_JJ_inventaire_JJ37-50_index.xlsx#d1e260915																						
84070	"Jeanne de Flandre"	"Jeanne de Flandre"				"fille d'Alice de Clermont"		Paris_AN_JJ_inventaire_JJ37-50_index.xlsx#d1e260940																						
84071	"Jeanne de Gisors"	"Jeanne de Gisors"				"dame d'Auquainville"		Paris_AN_JJ_inventaire_JJ37-50_index.xlsx#d1e260955																						
84072	"Jeanne de Grainville"	"Jeanne de Grainville"				"femme de Jean de Varennes"		Paris_AN_JJ_inventaire_JJ37-50_index.xlsx#d1e260970																						
84073	"Jeanne de Guînes"	"Jeanne de Guînes"				"comtesse d'Eu"		Paris_AN_JJ_inventaire_JJ37-50_index.xlsx#d1e260988																						
84074	"Jeanne de Jagny"	"Jeanne de Jagny"				"veuve de Guillaume de Goussainville"		Paris_AN_JJ_inventaire_JJ37-50_index.xlsx#d1e261006																						
84075	"Aubert II de Longueval"	"Aubert II de Longueval"				chevalier		Paris_AN_JJ_inventaire_JJ37-50_index.xlsx#d1e144632																						
84076	"Jeanne de Joigny"	"Jeanne de Joigny"				"fille de Jean de Joigny"		Paris_AN_JJ_inventaire_JJ37-50_index.xlsx#d1e261021																						
84077	"Jeanne de Laboissière"	"Jeanne de Laboissière"				"dame de Saint-Taurin"		Paris_AN_JJ_inventaire_JJ37-50_index.xlsx#d1e261037																						
84078	"Jeanne de La Marche"	"Jeanne de La Marche"						Paris_AN_JJ_inventaire_JJ37-50_index.xlsx#d1e261052																						
84079	"Jeanne de Machau"	"Jeanne de Machau"				"dame de Viarmes, femme, puis veuve de Pierre VI de Chambly"		Paris_AN_JJ_inventaire_JJ37-50_index.xlsx#d1e261067																						
84080	"Jeanne de Mauregny"	"Jeanne de Mauregny"				"femme d'Étienne de Compiègne"		Paris_AN_JJ_inventaire_JJ37-50_index.xlsx#d1e261091																						
84081	"Jeanne de Mello"	"Jeanne de Mello"				"femme d'Aubert de Thourotte"		Paris_AN_JJ_inventaire_JJ37-50_index.xlsx#d1e261109																						
84082	"Jeanne de Montmorency"	"Jeanne de Montmorency"				"fille d'Érard de Montmorency"		Paris_AN_JJ_inventaire_JJ37-50_index.xlsx#d1e261124																						
84083	"Jeanne de Montpaon"	"Jeanne de Montpaon"						Paris_AN_JJ_inventaire_JJ37-50_index.xlsx#d1e261140																						
84084	"Jeanne de Poyanne"	"Jeanne de Poyanne"				"héritière d'Amat de Poyanne"		Paris_AN_JJ_inventaire_JJ37-50_index.xlsx#d1e261155																						
84085	"Jeanne de Rethel"	"Jeanne de Rethel"						Paris_AN_JJ_inventaire_JJ37-50_index.xlsx#d1e261170																						
84086	"Adenot de Cornouailles"	"Adenot de Cornouailles"						Paris_AN_JJ_inventaire_JJ37-50_index.xlsx#d1e133027																						
84087	"Aubert de Saint-Martin"	"Aubert de Saint-Martin"						Paris_AN_JJ_inventaire_JJ37-50_index.xlsx#d1e144650																						
84088	"Jeanne de Richarville"	"Jeanne de Richarville"						Paris_AN_JJ_inventaire_JJ37-50_index.xlsx#d1e261181																						
84089	"Jeanne de Rouen"	"Jeanne de Rouen"				"veuve de Robert de Tancarville"		Paris_AN_JJ_inventaire_JJ37-50_index.xlsx#d1e261196																						
84090	"Jeanne de Rueil"	"Jeanne de Rueil"						Paris_AN_JJ_inventaire_JJ37-50_index.xlsx#d1e261211																						
84091	"Jeanne de Saint-Martin"	"Jeanne de Saint-Martin"				"première femme d'Enguerrand de Marigny"		Paris_AN_JJ_inventaire_JJ37-50_index.xlsx#d1e261230																						
84092	"Jeanne de Toucy"	"Jeanne de Toucy"				"femme de Thibaud II, comte de Bar, comtesse de Bar, jadis dame de Puisaye"		Paris_AN_JJ_inventaire_JJ37-50_index.xlsx#d1e261251																						
84093	"Jeanne d'Eu"	"Jeanne d'Eu"				"femme de Renaud, vidame d'Amiens"		Paris_AN_JJ_inventaire_JJ37-50_index.xlsx#d1e261269																						
84094	"Jeanne de Valois"	"Jeanne de Valois"				"fille cadette de Charles de Valois et Catherine de Courtenay, fiancée de Charles de Tarente"		Paris_AN_JJ_inventaire_JJ37-50_index.xlsx#d1e261284																						
84095	"Jeanne de Vendôme"	"Jeanne de Vendôme"				"femme d'Henri de Sully"		Paris_AN_JJ_inventaire_JJ37-50_index.xlsx#d1e261308																						
84096	"Jeanne d'Harcourt"	"Jeanne d'Harcourt"						Paris_AN_JJ_inventaire_JJ37-50_index.xlsx#d1e261326																						
84097	"Jeanne d'Haverskerque"	"Jeanne d'Haverskerque"				"dame d'Hondschoote, femme de Gautier d'Hondschoote"		Paris_AN_JJ_inventaire_JJ37-50_index.xlsx#d1e261345																						
84098	"Aubert de Thourotte"	"Aubert de Thourotte"				"seigneur du Châtelier, chevalier"		Paris_AN_JJ_inventaire_JJ37-50_index.xlsx#d1e144665																						
84099	"Jeanne du Bois"	"Jeanne du Bois"				"de Gisors"		Paris_AN_JJ_inventaire_JJ37-50_index.xlsx#d1e261366																						
84100	"Jeanne du Château"	"Jeanne du Château"				"son fils naturel"		Paris_AN_JJ_inventaire_JJ37-50_index.xlsx#d1e261381																						
84101	"Jeanne du Hazoy"	"Jeanne du Hazoy"						Paris_AN_JJ_inventaire_JJ37-50_index.xlsx#d1e261396																						
84102	"Jeannet de Rueil"	"Jeannet de Rueil"						Paris_AN_JJ_inventaire_JJ37-50_index.xlsx#d1e261445																						
84103	"Jeannet de Rueil"	"Jeannet de Rueil"						Paris_AN_JJ_inventaire_JJ37-50_index.xlsx#d1e261457																						
84104	Jeannette	Jeannette				"femme de Jean de Saint-Germain"		Paris_AN_JJ_inventaire_JJ37-50_index.xlsx#d1e261490																						
84105	"Jeannette Thomas Poillevé"	"Jeannette  Thomas Poillevé"				"fille de (feu) Thomas Poillevé"		Paris_AN_JJ_inventaire_JJ37-50_index.xlsx#d1e261501																						
84106	Jeannin	Jeannin				"fils de feu Raoul de Gandelu et de Guillemote"		Paris_AN_JJ_inventaire_JJ37-50_index.xlsx#d1e261520																						
84107	"Jeannin de Tigeaux"	"Jeannin de Tigeaux"				écuyer		Paris_AN_JJ_inventaire_JJ37-50_index.xlsx#d1e261535																						
84108	Jeannot	Jeannot				"fils de Jean le Veneur le jeune"		Paris_AN_JJ_inventaire_JJ37-50_index.xlsx#d1e261572																						
84110	"Jeannot de Contes"	"Jeannot de Contes"				"valet de la reine Marie"		Paris_AN_JJ_inventaire_JJ37-50_index.xlsx#d1e261583																						
84111	"Jeannot de La Vente le jeune"	"Jeannot de La Vente le jeune"						Paris_AN_JJ_inventaire_JJ37-50_index.xlsx#d1e261599																						
84112	"Jeannot d'Ermenonville"	"Jeannot d'Ermenonville"				"valet de la reine Marie"		Paris_AN_JJ_inventaire_JJ37-50_index.xlsx#d1e261614																						
84113	"Jehey de Quatre-Champs"	"Jehey de Quatre-Champs"						Paris_AN_JJ_inventaire_JJ37-50_index.xlsx#d1e261651																						
84114	"Jeune (Jacques)"	"Jeune (Jacques)"				"de Fons"		Paris_AN_JJ_inventaire_JJ37-50_index.xlsx#d1e261682																						
84115	"Jeune (Raimond)"	"Jeune (Raimond)"				"de Fons"		Paris_AN_JJ_inventaire_JJ37-50_index.xlsx#d1e261697																						
84116	"Joan (frère Arnaud)"	"Joan (frère Arnaud)"				"O. P., prieur du couvent de Prouille"		Paris_AN_JJ_inventaire_JJ37-50_index.xlsx#d1e261727																						
84117	"Joan (Bernard)"	"Joan (Bernard)"						Paris_AN_JJ_inventaire_JJ37-50_index.xlsx#d1e261742																						
84118	"Joan (Bernard)"	"Joan (Bernard)"				"haubergier de Nîmes"		Paris_AN_JJ_inventaire_JJ37-50_index.xlsx#d1e261757																						
84119	"Joan (Me Bernard)"	"Joan (Me Bernard)"				légiste		Paris_AN_JJ_inventaire_JJ37-50_index.xlsx#d1e261773																						
84121	"Joan (Guilhem)"	"Joan (Guilhem)"				crieur		Paris_AN_JJ_inventaire_JJ37-50_index.xlsx#d1e261788																						
84122	"Joan (Guilhem)"	"Joan (Guilhem)"				"de Franchis, légiste"		Paris_AN_JJ_inventaire_JJ37-50_index.xlsx#d1e261803																						
84123	"Joan (Hector)"	"Joan (Hector)"				"notaire du roi"		Paris_AN_JJ_inventaire_JJ37-50_index.xlsx#d1e261821																						
84124	"Joan (Pierre)"	"Joan (Pierre)"				"professeur ès lois, avocat royal dans la sénéchaussée de Beaucaire et Nîmes"		Paris_AN_JJ_inventaire_JJ37-50_index.xlsx#d1e261836																						
84125	"Jobet (Jean)"	"Jobet (Jean)"				"châtelain de La Motte"		Paris_AN_JJ_inventaire_JJ37-50_index.xlsx#d1e261885																						
84127	Johanna	Johanna				"uxor Guillelmi de Puiseaus"		Paris_AN_JJ_inventaire_JJ37-50_index.xlsx#d1e261928																						
84128	"Johannes camerarius"	"Johannes camerarius"						Paris_AN_JJ_inventaire_JJ37-50_index.xlsx#d1e261943																						
84129	"Johannes (frater)"	"Johannes (frater)"				elemosinarius		Paris_AN_JJ_inventaire_JJ37-50_index.xlsx#d1e261954																						
84130	"Johannes de Cabilone"	"Johannes de Cabilone"						Paris_AN_JJ_inventaire_JJ37-50_index.xlsx#d1e261977																						
84132	"Johannes de Carboneria"	"Johannes de Carboneria"				scutifer	"Jean de La Carbonnière, écuyer"	Paris_AN_JJ_inventaire_JJ37-50_index.xlsx#d1e261988																						
84133	"Johannes de Crispeio (magister)"	"Johannes de Crispeio (magister)"						Paris_AN_JJ_inventaire_JJ37-50_index.xlsx#d1e262003																						
84134	"Johannes de Donno Martino"	"Johannes de Donno Martino"		"Johannes de Domno Martino"			"maître-clerc des Comptes"	Paris_AN_JJ_inventaire_JJ37-50_index.xlsx#d1e262014																						
84135	"Johannes de Gressibus"	"Johannes de Gressibus"						Paris_AN_JJ_inventaire_JJ37-50_index.xlsx#d1e262038																						
84136	"Johannes de Machello (dominus)"	"Johannes de Machello (dominus)"						Paris_AN_JJ_inventaire_JJ37-50_index.xlsx#d1e262050																						
84137	"Johannes de Noeriis"	"Johannes de Noeriis"						Paris_AN_JJ_inventaire_JJ37-50_index.xlsx#d1e262061																						
84138	"Johannes de Novavilla"	"Johannes de Novavilla"				"valletus regis"	"Jean de La Neuville"	Paris_AN_JJ_inventaire_JJ37-50_index.xlsx#d1e262072																						
84139	"Johannes de Pinquonio"	"Johannes de Pinquonio"				"serviens Castelleti"	"Jean de Picquigny, sergent du Châtelet"	Paris_AN_JJ_inventaire_JJ37-50_index.xlsx#d1e262087																						
84140	"Johannes de Rive"	"Johannes de Rive"						Paris_AN_JJ_inventaire_JJ37-50_index.xlsx#d1e262102																						
84141	"Johannes de Rovrayo (magister)"	"Johannes de Rovrayo (magister)"				"collector annalium"		Paris_AN_JJ_inventaire_JJ37-50_index.xlsx#d1e262113																						
84142	"Aubrietus de Mondider"	"Aubrietus de Mondider"					"Aubriet de Montdidier, sergent du roi"	Paris_AN_JJ_inventaire_JJ37-50_index.xlsx#d1e145021																						
84143	"Johannes de Rubeo Monte"	"Johannes de Rubeo Monte"						Paris_AN_JJ_inventaire_JJ37-50_index.xlsx#d1e262129																						
84144	"Johannes de Sancto Justo (magister)"	"Johannes de Sancto Justo (magister)"						Paris_AN_JJ_inventaire_JJ37-50_index.xlsx#d1e262140																						
84145	"Johannes de Sancto Justo"	"Johannes de Sancto Justo"				"serviens Castelleti"	"Jean de Saint-Just, sergent du Châtelet"	Paris_AN_JJ_inventaire_JJ37-50_index.xlsx#d1e262151																						
84146	"Johannes de Sancto Spiritu (magister)"	"Johannes de Sancto Spiritu (magister)"				"collector annalium"	"Me Jean du Saint-Esprit, chapelain dudit lieu, collecteur des annales"	Paris_AN_JJ_inventaire_JJ37-50_index.xlsx#d1e262166																						
84147	"Johannes de Varenis"	"Johannes de Varenis"						Paris_AN_JJ_inventaire_JJ37-50_index.xlsx#d1e262181																						
84152	"Jordan (Guilhem)"	"Jordan (Guilhem)"				"notaire public royal de Carcassonne"		Paris_AN_JJ_inventaire_JJ37-50_index.xlsx#d1e262563																						
84153	"Audebert (Raimond)"	"Audebert (Raimond)"				"notaire public de Toulouse"		Paris_AN_JJ_inventaire_JJ37-50_index.xlsx#d1e145105																						
84154	Jorette	Jorette				"fille de Perrot Espineut"		Paris_AN_JJ_inventaire_JJ37-50_index.xlsx#d1e262590																						
84155	"Joscelin de Varennes"	"Joscelin de Varennes"				écuyer		Paris_AN_JJ_inventaire_JJ37-50_index.xlsx#d1e262605																						
84156	"Josson de Coulommiers"	"Josson de Coulommiers"				"juif de Provins"		Paris_AN_JJ_inventaire_JJ37-50_index.xlsx#d1e262654																						
84157	"Jouannin (Bernard)"	"Jouannin (Bernard)"				"notaire du roi"		Paris_AN_JJ_inventaire_JJ37-50_index.xlsx#d1e262669																						
84158	"Joulain (Guillaume)"	"Joulain (Guillaume)"				"valet, de l'honneur de Tonnay-Charente"		Paris_AN_JJ_inventaire_JJ37-50_index.xlsx#d1e262759																						
84159	"Jourdain (Bernard) donzel"	"Jourdain (Bernard) donzel"				"seigneur de L'Isle-Jourdain"		Paris_AN_JJ_inventaire_JJ37-50_index.xlsx#d1e262807																						
84160	"Jourdain (Guilhem)"	"Jourdain (Guilhem)"				"corr. et"		Paris_AN_JJ_inventaire_JJ37-50_index.xlsx#d1e262819																						
84161	"Jourdain (Pons)"	"Jourdain (Pons)"				"de Vénès"		Paris_AN_JJ_inventaire_JJ37-50_index.xlsx#d1e262830																						
84162	Jourdain	Jourdain				"seigneur de L'Isie-Jourdain"		Paris_AN_JJ_inventaire_JJ37-50_index.xlsx#d1e262845																						
84163	Jourdain	Jourdain				"valet de l'Échansonnerie"		Paris_AN_JJ_inventaire_JJ37-50_index.xlsx#d1e262856																						
84165	"Jourdain V de L'Isle"	"Jourdain V de L'Isle"				"seigneur de L'Isle-Jourdain, chevalier du roi"		Paris_AN_JJ_inventaire_JJ37-50_index.xlsx#d1e262871																						
84166	"Jourdain de Saissac"	"Jourdain de Saissac"				"chevalier, co-seigneur du château de Puylaurens"		Paris_AN_JJ_inventaire_JJ37-50_index.xlsx#d1e262892																						
84167	"Jourdain de Vallibus (Me)"	"Jourdain de Vallibus (Me)"				légiste		Paris_AN_JJ_inventaire_JJ37-50_index.xlsx#d1e262923																						
84168	"Jourdanne (Jacques)"	"Jourdanne (Jacques)"				clerc		Paris_AN_JJ_inventaire_JJ37-50_index.xlsx#d1e262960																						
84169	"Journet (Pierre)"	"Journet (Pierre)"					"bourgeois de Saint-Léonard-de-Noblat"	Paris_AN_JJ_inventaire_JJ37-50_index.xlsx#d1e262975																						
84170	"Jousseaume (Me Philippe)"	"Jousseaume (Me Philippe)"						Paris_AN_JJ_inventaire_JJ37-50_index.xlsx#d1e262991																						
84175	Audouard	Audouard				"Audouart (Jean), juge de la Cour royale d'Uzès"		Paris_AN_JJ_inventaire_JJ37-50_index.xlsx#d1e145140																						
84179	"Juda (Bon)"	"Juda (Bon)"				"de Cazaux, juif"		Paris_AN_JJ_inventaire_JJ37-50_index.xlsx#d1e263227																						
84180	"Judas (Bon) de Mazères"	"Judas (Bon) de Mazères"				juif		Paris_AN_JJ_inventaire_JJ37-50_index.xlsx#d1e263242																						
84181	"Judas (Bon) de Millau"	"Judas (Bon) de Millau"				juif		Paris_AN_JJ_inventaire_JJ37-50_index.xlsx#d1e263257																						
84182	"Jue (Michel)"	"Jue (Michel)"						Paris_AN_JJ_inventaire_JJ37-50_index.xlsx#d1e263272																						
84183	"Juhel III de Mayenne"	"Juhel III de Mayenne"						Paris_AN_JJ_inventaire_JJ37-50_index.xlsx#d1e263294																						
84184	"Julian (Me Guilhem)"	"Julian (Me Guilhem)"				notaire		Paris_AN_JJ_inventaire_JJ37-50_index.xlsx#d1e263336																						
84186	"Audouin de Barbezieux"	"Audouin de Barbezieux"		"Odoinus de Berbezillo|Oduinus de Brebezallo"		"chevalier, procureur de plusieurs nobles"		Paris_AN_JJ_inventaire_JJ37-50_index.xlsx#d1e145170																						
84187	"Juliani (dominus Petrus)"	"Juliani (dominus Petrus)"				"mention de collation"	"Pierre Julien, notaire du roi"	Paris_AN_JJ_inventaire_JJ37-50_index.xlsx#d1e263366																						
84188	"Julien (Jean),Juliani (Johannes)"	"fr:Julien (Jean)|lat:Juliani (Johannes)"				"de Lyon, visiteur général"		Paris_AN_JJ_inventaire_JJ37-50_index.xlsx#d1e263381|Paris_AN_JJ_inventaire_JJ37-50_index.xlsx#d1e263351																						
84189	"Julien (Pierre)"	"Julien (Pierre)"				"notaire du roi"		Paris_AN_JJ_inventaire_JJ37-50_index.xlsx#d1e263393																						
84190	Julienne	Julienne				"femme de Thierri Chibout"		Paris_AN_JJ_inventaire_JJ37-50_index.xlsx#d1e263441																						
84191	"Jusse (Me)"	"Jusse (Me)"				"physicien, juif de Béziers"		Paris_AN_JJ_inventaire_JJ37-50_index.xlsx#d1e263516																						
84192	Karolus	Karolus				"comes Andegavensium"		Paris_AN_JJ_inventaire_JJ37-50_index.xlsx#d1e263628																						
84194	"La Bachelarie (Jean)"	"La Bachelarie (Jean)"				"chanoine de Rodez"		Paris_AN_JJ_inventaire_JJ37-50_index.xlsx#d1e263666																						
84196	"La Barde (Pierre)"	"La Barde (Pierre)"				"viguier royal de Montauban"		Paris_AN_JJ_inventaire_JJ37-50_index.xlsx#d1e263708																						
84197	"Pierre Adouart"	"Pierre Adouart"		"Pierre Adounart le jeune|Pierre Adounarc|Pierre Adourardi"		"de Presles-sur-Aisne, sa veuve. Sa femme (puis veuve) et ses enfants"	"corr. Adouvart ou Adowart ?"	Paris_AN_JJ_inventaire_JJ37-50_index.xlsx#d1e133064|Paris_AN_JJ_inventaire_JJ37-50_index.xlsx#d1e133079|Paris_AN_JJ_inventaire_JJ37-50_index.xlsx#d1e133097																						
84198	"Audran de Bouqueyran"	"Audran de Bouqueyran"						Paris_AN_JJ_inventaire_JJ37-50_index.xlsx#d1e145181																						
84199	"La Basse (Jeanne)"	"La Basse (Jeanne)"				vavasseur		Paris_AN_JJ_inventaire_JJ37-50_index.xlsx#d1e263754																						
84201	"L'Abbé (Guillot)"	"L'Abbé (Guillot)"				"sommelier de la Chambre du roi"		Paris_AN_JJ_inventaire_JJ37-50_index.xlsx#d1e263816																						
84202	"L'Abbé (Jean)"	"L'Abbé (Jean)"				"d'Avranches, châtelain de Sens"		Paris_AN_JJ_inventaire_JJ37-50_index.xlsx#d1e263832																						
84203	"La Bise (Étienne)"	"La Bise (Étienne)"				"bourgeois de Nevers"		Paris_AN_JJ_inventaire_JJ37-50_index.xlsx#d1e263847																						
84204	"La Boiche (Guiot)"	"La Boiche (Guiot)"				"clerc juré"		Paris_AN_JJ_inventaire_JJ37-50_index.xlsx#d1e263862																						
84207	"La Bricharde (Isabelle)"	"La Bricharde (Isabelle)"						Paris_AN_JJ_inventaire_JJ37-50_index.xlsx#d1e263951																						
84208	"Laburgade (Laurent)"	"Laburgade (Laurent)"				"bourgeois de Cahors"		Paris_AN_JJ_inventaire_JJ37-50_index.xlsx#d1e264006																						
84209	"Audric (Guilhem)"	"Audric (Guilhem)"				d'Auriac-sur-Vendinelle		Paris_AN_JJ_inventaire_JJ37-50_index.xlsx#d1e145196																						
84210	"La Chafouillette (Marie)"	"La Chafouillette (Marie)"				"serve de l'abbaye d'Origny-Sainte-Benoîte"		Paris_AN_JJ_inventaire_JJ37-50_index.xlsx#d1e264067																						
84212	"La Farge (G.)"	"La Farge (G.)"				"boucher de Saint-Antonin"		Paris_AN_JJ_inventaire_JJ37-50_index.xlsx#d1e264257																						
84213	"La Faye (Me Élie)"	"La Faye (Me Élie)"				"clerc du roi"		Paris_AN_JJ_inventaire_JJ37-50_index.xlsx#d1e264290																						
84214	"La Fille (Colin"	"La Fille (Colin"				"Nicolaus dictus), sergent à verge du Châtelet de Paris"		Paris_AN_JJ_inventaire_JJ37-50_index.xlsx#d1e264305																						
84216	"La Fouacière (Jeanne)"	"La Fouacière (Jeanne)"				"bourgeoise de Paris"		Paris_AN_JJ_inventaire_JJ37-50_index.xlsx#d1e264370																						
84217	"La Gayte (Jean)"	"La Gayte (Jean)"				"écuyer, jadis viguier de Béziers"		Paris_AN_JJ_inventaire_JJ37-50_index.xlsx#d1e264418																						
84218	"La Geôlière (Pernelle)"	"La Geôlière (Pernelle)"				"de Falaise"		Paris_AN_JJ_inventaire_JJ37-50_index.xlsx#d1e264433																						
84220	Auger	Auger				"Augier de Gabarret, marchand de Bayonne"		Paris_AN_JJ_inventaire_JJ37-50_index.xlsx#d1e145278																						
84221	"La Guette (Dreux)"	"La Guette (Dreux)"						Paris_AN_JJ_inventaire_JJ37-50_index.xlsx#d1e264521																						
84222	"La Guette (Dreux)"	"La Guette (Dreux)"				"valet de chambre du roi"		Paris_AN_JJ_inventaire_JJ37-50_index.xlsx#d1e264533																						
84223	"La Guette (Jean)"	"La Guette (Jean)"						Paris_AN_JJ_inventaire_JJ37-50_index.xlsx#d1e264548																						
84225	"Laillier (Jean)"	"Laillier (Jean)"						Paris_AN_JJ_inventaire_JJ37-50_index.xlsx#d1e264690																						
84227	Laire	Laire				"Layre (Jacques), chevalier du roi"		Paris_AN_JJ_inventaire_JJ37-50_index.xlsx#d1e264770																						
84228	Laire	Laire				"Layre (Jacques), fils de feu Nicolas Capuce et héritier du précédent"		Paris_AN_JJ_inventaire_JJ37-50_index.xlsx#d1e264791																						
84229	"La Juive (Anjovina)"	"La Juive (Anjovina)"						Paris_AN_JJ_inventaire_JJ37-50_index.xlsx#d1e264821																						
84230	"La Kailleuse (Marie)"	"La Kailleuse (Marie)"				"de Condé-sur-Aisne"		Paris_AN_JJ_inventaire_JJ37-50_index.xlsx#d1e264836																						
84231	"Auger de Picone"	"Auger de Picone"						Paris_AN_JJ_inventaire_JJ37-50_index.xlsx#d1e145293																						
84232	"L'Allemand (Jean)"	"L'Allemand (Jean)"				"sergent du roi à Rouen"		Paris_AN_JJ_inventaire_JJ37-50_index.xlsx#d1e264912																						
84233	"L'Allemand (Orri)"	"L'Allemand (Orri)"				"chevalier du roi"		Paris_AN_JJ_inventaire_JJ37-50_index.xlsx#d1e264930																						
84234	"La Lombarde (Gile)"	"La Lombarde (Gile)"						Paris_AN_JJ_inventaire_JJ37-50_index.xlsx#d1e264945																						
84236	"La Macie (Jacqueline)"	"La Macie (Jacqueline)"				"sœur de Jeannet Maci"		Paris_AN_JJ_inventaire_JJ37-50_index.xlsx#d1e264978																						
84240	"Lambert (G.)"	"Lambert (G.)"				"viguier d'Uzès, donzel"		Paris_AN_JJ_inventaire_JJ37-50_index.xlsx#d1e265140																						
84241	"Lambert (Me Gilles)"	"Lambert (Me Gilles)"				"doyen de Saint-Martin de Tours"		Paris_AN_JJ_inventaire_JJ37-50_index.xlsx#d1e265155																						
84243	"Lambert (Simon)"	"Lambert (Simon)"				"collecteur des annates"		Paris_AN_JJ_inventaire_JJ37-50_index.xlsx#d1e265170																						
84244	"Lambert des Salles"	"Lambert des Salles"						Paris_AN_JJ_inventaire_JJ37-50_index.xlsx#d1e265193																						
84245	"Lambert de Thury"	"Lambert de Thury"				"seigneur de Saissac, chevalier du roi"		Paris_AN_JJ_inventaire_JJ37-50_index.xlsx#d1e265208																						
84246	"Lambert de Wassy"	"Lambert de Wassy"				"clerc du Roi"		Paris_AN_JJ_inventaire_JJ37-50_index.xlsx#d1e265229																						
84247	"Lamberti (magister Symon)"	"Lamberti (magister Symon)"				"collector annalium"		Paris_AN_JJ_inventaire_JJ37-50_index.xlsx#d1e265255																						
84253	Augier	Augier						Paris_AN_JJ_inventaire_JJ37-50_index.xlsx#d1e145357																						
84255	"L'Anglais (Jean)"	"L'Anglais (Jean)"				"de Geresmes"		Paris_AN_JJ_inventaire_JJ37-50_index.xlsx#d1e265664																						
84256	"L'Anglais (Richard)"	"L'Anglais (Richard)"				goudaliers		Paris_AN_JJ_inventaire_JJ37-50_index.xlsx#d1e265679																						
84257	"Langlois (Guillemin)"	"Langlois (Guillemin)"				"de Moret"		Paris_AN_JJ_inventaire_JJ37-50_index.xlsx#d1e265740																						
84258	"Langlois (Jacques)"	"Langlois (Jacques)"				"prévôt de Moret"		Paris_AN_JJ_inventaire_JJ37-50_index.xlsx#d1e265755																						
84262	"La Pie (Pierre)"	"La Pie (Pierre)"				"notaire au Châtelet"		Paris_AN_JJ_inventaire_JJ37-50_index.xlsx#d1e266568																						
84263	"La Pource (Pierre)"	"La Pource (Pierre)"				"chanoine d'Eymoutiers"		Paris_AN_JJ_inventaire_JJ37-50_index.xlsx#d1e266584																						
84264	"Auguier (G.)"	"Auguier (G.)"				"consul de Fontiers-Cabardès"		Paris_AN_JJ_inventaire_JJ37-50_index.xlsx#d1e145368																						
84265	"L'Arbalétrier (Jean)"	"L'Arbalétrier (Jean)"				"valet de l'artillerie royale de Montargis"		Paris_AN_JJ_inventaire_JJ37-50_index.xlsx#d1e266599																						
84266	"L'Archevêque (Eudes)"	"L'Archevêque (Eudes)"				"de Maule"		Paris_AN_JJ_inventaire_JJ37-50_index.xlsx#d1e266670																						
84267	"L'Archevêque (Hugues)"	"L'Archevêque (Hugues)"				"sire de Montfort-le-Rotrou et de Saint-Christophe-sur-le-Nais"		Paris_AN_JJ_inventaire_JJ37-50_index.xlsx#d1e266697																						
84268	"L'Archevesque (Mahaut)"	"L'Archevesque (Mahaut)"				"nonne de Maubuisson"		Paris_AN_JJ_inventaire_JJ37-50_index.xlsx#d1e266713																						
84269	"Larme (Guillaume)"	"Larme (Guillaume)"				"sergent à verge du Châtelet de Paris"		Paris_AN_JJ_inventaire_JJ37-50_index.xlsx#d1e266728																						
84273	"Latour (Bernard)"	"Latour (Bernard)"				"infirmier du prieuré de Fons"		Paris_AN_JJ_inventaire_JJ37-50_index.xlsx#d1e267006																						
84274	"La Truie (Guillaume)"	"La Truie (Guillaume)"				"chevalier, jadis châtelain du fief de Neaufles-Saint-Martin"		Paris_AN_JJ_inventaire_JJ37-50_index.xlsx#d1e267036																						
84275	"Augustin de Chimbois (Me)"	"Augustin de Chimbois (Me)"						Paris_AN_JJ_inventaire_JJ37-50_index.xlsx#d1e145383																						
84278	"L'Augière (Marie)"	"L'Augière (Marie)"				"fille de feu Pierre Gencien"		Paris_AN_JJ_inventaire_JJ37-50_index.xlsx#d1e267085																						
84279	"L'Augière (Pernelle)"	"L'Augière (Pernelle)"				"jadis bourgeoise de Paris"		Paris_AN_JJ_inventaire_JJ37-50_index.xlsx#d1e267103																						
84282	Laure	Laure				"femme de Guiot Mauvoisin"		Paris_AN_JJ_inventaire_JJ37-50_index.xlsx#d1e267287																						
84284	"Laurent (Pons)"	"Laurent (Pons)"				"notaire royal"		Paris_AN_JJ_inventaire_JJ37-50_index.xlsx#d1e267314																						
84285	"Laurent (Me Raimond)"	"Laurent (Me Raimond)"				"substitut du procureur royal dans la sénéchaussée de Quercy"		Paris_AN_JJ_inventaire_JJ37-50_index.xlsx#d1e267329																						
84287	Laurent	Laurent				"abbé de Beaubec"		Paris_AN_JJ_inventaire_JJ37-50_index.xlsx#d1e267344																						
84288	"Laurent de Bacqueville"	"Laurent de Bacqueville"				"dit Nouvel, barbier et valet de chambre du roi"		Paris_AN_JJ_inventaire_JJ37-50_index.xlsx#d1e267359																						
84289	"Laurent de Buffières"	"Laurent de Buffières"				"clerc juré du roi"		Paris_AN_JJ_inventaire_JJ37-50_index.xlsx#d1e267380																						
84290	"Laurent de Wanchy"	"Laurent de Wanchy"				écuyer		Paris_AN_JJ_inventaire_JJ37-50_index.xlsx#d1e267395																						
84293	"Lauwaert (Simon)"	"Lauwaert (Simon)"				"chevalier du roi"		Paris_AN_JJ_inventaire_JJ37-50_index.xlsx#d1e267614																						
84294	"Lavagnes (P.)"	"Lavagnes (P.)"				"boucher du château de Najac"		Paris_AN_JJ_inventaire_JJ37-50_index.xlsx#d1e267681																						
84298	"Layre (Jacques)"	"Layre (Jacques)"						Paris_AN_JJ_inventaire_JJ37-50_index.xlsx#d1e268048																						
84299	"Le Babouin (Pierre)"	"Le Babouin (Pierre)"				"valet de l'aumônerie"		Paris_AN_JJ_inventaire_JJ37-50_index.xlsx#d1e268074																						
84300	"Le Baillif (Colard)"	"Le Baillif (Colard)"				"de Soissons, sa femme"		Paris_AN_JJ_inventaire_JJ37-50_index.xlsx#d1e268089																						
84301	"Le Barbier (Adam)"	"Le Barbier (Adam)"				"de Melun, prévôt de Pont-sur-Yonne"		Paris_AN_JJ_inventaire_JJ37-50_index.xlsx#d1e268104																						
84302	"Le Barbier (Nicolas)"	"Le Barbier (Nicolas)"				"clerc, de Provins"		Paris_AN_JJ_inventaire_JJ37-50_index.xlsx#d1e268135																						
84303	"Le Baveux (Robin)"	"Le Baveux (Robin)"						Paris_AN_JJ_inventaire_JJ37-50_index.xlsx#d1e268150																						
84304	"Le Bègue (Jean)"	"Le Bègue (Jean)"				"clerc juré de Jacques de Saci"		Paris_AN_JJ_inventaire_JJ37-50_index.xlsx#d1e268165																						
84305	"Le Bègue (Simon) du Buisson"	"Le Bègue (Simon) du Buisson"						Paris_AN_JJ_inventaire_JJ37-50_index.xlsx#d1e268180																						
84306	"Le Bel (Guiard)"	"Le Bel (Guiard)"						Paris_AN_JJ_inventaire_JJ37-50_index.xlsx#d1e268195																						
84307	"Le Blanc (Me Humbert)"	"Le Blanc (Me Humbert)"				"de Montbrison"		Paris_AN_JJ_inventaire_JJ37-50_index.xlsx#d1e268210																						
84309	"Pons d'Auriac"	"Pons d'Auriac"					"Gard, cne Nîmes?"	Paris_AN_JJ_inventaire_JJ37-50_index.xlsx#d1e145769																						
84310	"Le Blanc (Jacques)"	"Le Blanc (Jacques)"				"de Tournus, garde du sceau commun royal dans le bailliage de Mâcon"		Paris_AN_JJ_inventaire_JJ37-50_index.xlsx#d1e268226																						
84311	"Le Bœuf (Félix le Vert"	"Le Bœuf (Félix le Vert"				dit)		Paris_AN_JJ_inventaire_JJ37-50_index.xlsx#d1e268241																						
84312	"Le Bœuf (Jean)"	"Le Bœuf (Jean)"				"sa fille"		Paris_AN_JJ_inventaire_JJ37-50_index.xlsx#d1e268252																						
84313	"Le Boiteux (Guillaume)"	"Le Boiteux (Guillaume)"				"mercier, bourgeois royal de Paris"		Paris_AN_JJ_inventaire_JJ37-50_index.xlsx#d1e268267																						
84314	"Le Bonde (Jean)"	"Le Bonde (Jean)"				"clerc de Châlons-sur-Marne"		Paris_AN_JJ_inventaire_JJ37-50_index.xlsx#d1e268288																						
84315	"Le Bouchier (Johannes dictus)"	"Le Bouchier (Johannes dictus)"				"serviens Castelleti"		Paris_AN_JJ_inventaire_JJ37-50_index.xlsx#d1e268303																						
84316	"Le Bourguignon (Guillaume)"	"Le Bourguignon (Guillaume)"				"de Fontainebleau, sergent du roi dans la forêt de Bière"		Paris_AN_JJ_inventaire_JJ37-50_index.xlsx#d1e268319																						
84317	"Le Boursier (Guillaume)"	"Le Boursier (Guillaume)"						Paris_AN_JJ_inventaire_JJ37-50_index.xlsx#d1e268334																						
84318	"Le Bouteiller (Adam)"	"Le Bouteiller (Adam)"				"chevalier du roi"		Paris_AN_JJ_inventaire_JJ37-50_index.xlsx#d1e268352																						
84319	"Le Bouteiller (Anseau)"	"Le Bouteiller (Anseau)"				"chevalier ou chevalier du roi"		Paris_AN_JJ_inventaire_JJ37-50_index.xlsx#d1e268370																						
84320	"Auros (Pierre)"	"Auros (Pierre)"				"de Poudéous"		Paris_AN_JJ_inventaire_JJ37-50_index.xlsx#d1e145817																						
84321	"Le Bouteiller (Gui)"	"Le Bouteiller (Gui)"				"seigneur d'Ermenonville"		Paris_AN_JJ_inventaire_JJ37-50_index.xlsx#d1e268391																						
84322	"Le Bouteiller (Jean)"	"Le Bouteiller (Jean)"						Paris_AN_JJ_inventaire_JJ37-50_index.xlsx#d1e268406																						
84323	"Le Bouteiller (Raoul)"	"Le Bouteiller (Raoul)"				chevalier		Paris_AN_JJ_inventaire_JJ37-50_index.xlsx#d1e268422																						
84324	"Le Boutillier (Jean)"	"Le Boutillier (Jean)"						Paris_AN_JJ_inventaire_JJ37-50_index.xlsx#d1e268440																						
84325	"Le Breton (Galeran)"	"Le Breton (Galeran)"				"concierge du Palais de Paris et échanson du roi"		Paris_AN_JJ_inventaire_JJ37-50_index.xlsx#d1e268455																						
84326	"Le Breton (Henri)"	"Le Breton (Henri)"				"sergent du Châtelet"		Paris_AN_JJ_inventaire_JJ37-50_index.xlsx#d1e268479																						
84327	"Le Breton (Ives)"	"Le Breton (Ives)"				"sa veuve"		Paris_AN_JJ_inventaire_JJ37-50_index.xlsx#d1e268490																						
84328	"Le Breton (Me Jean)"	"Le Breton (Me Jean)"				"docteur ès lois, clerc du roi"		Paris_AN_JJ_inventaire_JJ37-50_index.xlsx#d1e268514																						
84329	"Le Breton (Philippot)"	"Le Breton (Philippot)"						Paris_AN_JJ_inventaire_JJ37-50_index.xlsx#d1e268548																						
84330	"Le Carpentier (Me Adam)"	"Le Carpentier (Me Adam)"				"sa fille"		Paris_AN_JJ_inventaire_JJ37-50_index.xlsx#d1e268563																						
84332	"Le Cauf (Richard)"	"Le Cauf (Richard)"						Paris_AN_JJ_inventaire_JJ37-50_index.xlsx#d1e268578																						
84333	"Le Chambellan (Brice)"	"Le Chambellan (Brice)"				"sa forfaiture"		Paris_AN_JJ_inventaire_JJ37-50_index.xlsx#d1e268593																						
84334	"Le Chambellan (Jean)"	"Le Chambellan (Jean)"						Paris_AN_JJ_inventaire_JJ37-50_index.xlsx#d1e268608																						
84335	"Le Chantre (Pierre)"	"Le Chantre (Pierre)"				"de Pons"		Paris_AN_JJ_inventaire_JJ37-50_index.xlsx#d1e268623																						
84336	"Le Charpentier (Gérard)"	"Le Charpentier (Gérard)"						Paris_AN_JJ_inventaire_JJ37-50_index.xlsx#d1e268639																						
84337	"Le Chat (Baudet)"	"Le Chat (Baudet)"				"banni du royaume"		Paris_AN_JJ_inventaire_JJ37-50_index.xlsx#d1e268650																						
84338	"Le Chat (Raoulin)"	"Le Chat (Raoulin)"						Paris_AN_JJ_inventaire_JJ37-50_index.xlsx#d1e268665																						
84339	"Le Claveurier (Colin)"	"Le Claveurier (Colin)"						Paris_AN_JJ_inventaire_JJ37-50_index.xlsx#d1e268734																						
84340	"Le Clerc (Guillaume)"	"Le Clerc (Guillaume)"				mercier		Paris_AN_JJ_inventaire_JJ37-50_index.xlsx#d1e268749																						
84341	"Le Cochetier (Pierre)"	"Le Cochetier (Pierre)"				"prévôt de Corbeil"		Paris_AN_JJ_inventaire_JJ37-50_index.xlsx#d1e268764																						
84343	"Le Cointe (Johannes)"	"Le Cointe (Johannes)"				"sergent du roi"		Paris_AN_JJ_inventaire_JJ37-50_index.xlsx#d1e268779																						
84344	"Le Comte (Guillaume)"	"Le Comte (Guillaume)"				"notaire du Châtelet"		Paris_AN_JJ_inventaire_JJ37-50_index.xlsx#d1e268794																						
84345	"Le Comte (Jean)"	"Le Comte (Jean)"				d'Hédouville		Paris_AN_JJ_inventaire_JJ37-50_index.xlsx#d1e268812																						
84346	"Le Comte (Jean)"	"Le Comte (Jean)"				d'Origny-en-Thiérache		Paris_AN_JJ_inventaire_JJ37-50_index.xlsx#d1e268828																						
84347	"Le Concierge (Guillaume)"	"Le Concierge (Guillaume)"				"demeurant à Chérêt"		Paris_AN_JJ_inventaire_JJ37-50_index.xlsx#d1e268851																						
84348	"Le Convers (Louis)"	"Le Convers (Louis)"				"de Villepreux, bailli de Cotentin"		Paris_AN_JJ_inventaire_JJ37-50_index.xlsx#d1e268866																						
84349	"Philippe Le Convers (Me)"	"Philippe Le Convers (Me)"		"Phelippe le Convers (mestre)|Philippe de Villepreux (Me)|Philippus|Philippus Conversi|Conversi (Philippus)"		"de Villepreux, Philippe de Villepreux, Phelippe le Convers, Philippus Conversi, clerc du roi"		Paris_AN_JJ_inventaire_JJ37-50_index.xlsx#d1e268899|Paris_AN_JJ_inventaire_JJ37-50_index.xlsx#d1e193531|Paris_AN_JJ_inventaire_JJ37-50_index.xlsx#d1e326056|Paris_AN_JJ_inventaire_JJ37-50_index.xlsx#d1e327333|Paris_AN_JJ_inventaire_JJ37-50_index.xlsx#d1e327625|Paris_AN_JJ_inventaire_JJ37-50_index.xlsx#d1e327636																						
84350	"Le Cordonnier (Jean)"	"Le Cordonnier (Jean)"				"panetier du roi"		Paris_AN_JJ_inventaire_JJ37-50_index.xlsx#d1e269411																						
84351	"Le Cornu (Simon)"	"Le Cornu (Simon)"				"écuyer, seigneur du Mée, de Fontains et de La Chapelle-Rablais"		Paris_AN_JJ_inventaire_JJ37-50_index.xlsx#d1e269426																						
84354	"L'Écuyer (Guillaume)"	"L'Écuyer (Guillaume)"						Paris_AN_JJ_inventaire_JJ37-50_index.xlsx#d1e269507																						
84355	"Le Danois (Geoffroi)"	"Le Danois (Geoffroi)"						Paris_AN_JJ_inventaire_JJ37-50_index.xlsx#d1e269522																						
84356	"Le Don (Guilhem)"	"Le Don (Guilhem)"				"de Castelgarric"		Paris_AN_JJ_inventaire_JJ37-50_index.xlsx#d1e269549																						
84357	"Le Don (Raimond)"	"Le Don (Raimond)"				"père du précédent"		Paris_AN_JJ_inventaire_JJ37-50_index.xlsx#d1e269564																						
84358	"Le Febvre ou Le Fèvre (Me Robert)"	"Le Febvre ou Le Fèvre (Me Robert)"				"clerc, familier et médecin du roi, archidiacre d'Avranches, chanoine de Bayeux"		Paris_AN_JJ_inventaire_JJ37-50_index.xlsx#d1e269605																						
84359	"Le Féron (Me Étienne)"	"Le Féron (Me Étienne)"				"frère des Férons"		Paris_AN_JJ_inventaire_JJ37-50_index.xlsx#d1e269626																						
84360	"Le Féron (Pierre)"	"Le Féron (Pierre)"				"P. le Feron, d'Amiens"		Paris_AN_JJ_inventaire_JJ37-50_index.xlsx#d1e269654																						
84361	"Le Feutrier (Jean)"	"Le Feutrier (Jean)"				"mesureur de blé, de Paris"		Paris_AN_JJ_inventaire_JJ37-50_index.xlsx#d1e269732																						
84362	"Le Fèvre (Guillaume)"	"Le Fèvre (Guillaume)"						Paris_AN_JJ_inventaire_JJ37-50_index.xlsx#d1e269747																						
84363	"Le Fèvre (Guillaume)"	"Le Fèvre (Guillaume)"				"clerc juré d'Aubert de Brezolles"		Paris_AN_JJ_inventaire_JJ37-50_index.xlsx#d1e269762																						
84365	"Le Fèvre (Jean)"	"Le Fèvre (Jean)"				"prévôt de Moret"		Paris_AN_JJ_inventaire_JJ37-50_index.xlsx#d1e269777																						
84366	"Le Fèvre (Richard)"	"Le Fèvre (Richard)"						Paris_AN_JJ_inventaire_JJ37-50_index.xlsx#d1e269792																						
84367	"Le Fèvre (Me Robert)"	"Le Fèvre (Me Robert)"						Paris_AN_JJ_inventaire_JJ37-50_index.xlsx#d1e269808																						
84368	"Le fils Foulques (Gilbert)"	"Le fils Foulques (Gilbert)"					"de Gand"	Paris_AN_JJ_inventaire_JJ37-50_index.xlsx#d1e269819																						
84369	"Le fils Foulques (Jean)"	"Le fils Foulques (Jean)"					"de Gand"	Paris_AN_JJ_inventaire_JJ37-50_index.xlsx#d1e269834																						
84370	"Le fils Simon (Jean)"	"Le fils Simon (Jean)"					"bourgeois de Gand"	Paris_AN_JJ_inventaire_JJ37-50_index.xlsx#d1e269849																						
84371	"Le fils Ydier (Geoffroi) et ses enfants"	"Le fils Ydier (Geoffroi) et ses enfants"					"de Gand"	Paris_AN_JJ_inventaire_JJ37-50_index.xlsx#d1e269864																						
84372	"Le Flamenc (Adam)"	"Le Flamenc (Adam)"						Paris_AN_JJ_inventaire_JJ37-50_index.xlsx#d1e269879																						
84373	"Le Flamenc (Guillaume)"	"Le Flamenc (Guillaume)"				"bourgeois de Paris"		Paris_AN_JJ_inventaire_JJ37-50_index.xlsx#d1e269895																						
84374	"Le Flamenc (Isabelle)"	"Le Flamenc (Isabelle)"						Paris_AN_JJ_inventaire_JJ37-50_index.xlsx#d1e269913																						
84376	"Le Flamenc (Jean)"	"Le Flamenc (Jean)"						Paris_AN_JJ_inventaire_JJ37-50_index.xlsx#d1e269928																						
84377	"Le Flamenc (Pierre"	"Le Flamenc (Pierre"				"Pierrot), bourgeois de Paris"		Paris_AN_JJ_inventaire_JJ37-50_index.xlsx#d1e269949																						
84378	"Le Flamenc (Rénier) (Rénier), son fils, Jean Le Flamenc. Le Fripier"	"Le Flamenc (Rénier) (Rénier), son fils, Jean Le Flamenc. Le Fripier"				"son fils, Jean Le Flamenc. Le Fripier (Richard)"		Paris_AN_JJ_inventaire_JJ37-50_index.xlsx#d1e269967																						
84379	"Le Gasteur (Simon)"	"Le Gasteur (Simon)"				"de Closfontaine, écuyer"		Paris_AN_JJ_inventaire_JJ37-50_index.xlsx#d1e269982																						
84380	"Le Grand (Guillaume)"	"Le Grand (Guillaume)"						Paris_AN_JJ_inventaire_JJ37-50_index.xlsx#d1e269998																						
84381	"Le Grand (Jean)"	"Le Grand (Jean)"				"bourgeois de Bruges"		Paris_AN_JJ_inventaire_JJ37-50_index.xlsx#d1e270013																						
84382	"Le Grand (Jean)"	"Le Grand (Jean)"				"fourrier du Roi"		Paris_AN_JJ_inventaire_JJ37-50_index.xlsx#d1e270028																						
84383	"Le Grand (Nicole)"	"Le Grand (Nicole)"				"de Saint-Clair"		Paris_AN_JJ_inventaire_JJ37-50_index.xlsx#d1e270055																						
84384	"Le Grangne (Jeannin)"	"Le Grangne (Jeannin)"				"de Prouvais"		Paris_AN_JJ_inventaire_JJ37-50_index.xlsx#d1e270070																						
84385	"Le Gros (Pierre)"	"Le Gros (Pierre)"				"député à la perception des mainmortes"		Paris_AN_JJ_inventaire_JJ37-50_index.xlsx#d1e270085																						
84387	"Le Gruyer (Guillaume)"	"Le Gruyer (Guillaume)"				"habitant à Braine"		Paris_AN_JJ_inventaire_JJ37-50_index.xlsx#d1e270101																						
84388	"Le Harechier (Michaud)"	"Le Harechier (Michaud)"				"sergent du roi"		Paris_AN_JJ_inventaire_JJ37-50_index.xlsx#d1e270116																						
84389	"Le Héricier (Jean)"	"Le Héricier (Jean)"						Paris_AN_JJ_inventaire_JJ37-50_index.xlsx#d1e270131																						
84390	"Le Jeune (Dreux)"	"Le Jeune (Dreux)"				"garde du sceau de la prévôté de Pontoise"		Paris_AN_JJ_inventaire_JJ37-50_index.xlsx#d1e270161																						
84391	"Le Jongleur (Lambert)"	"Le Jongleur (Lambert)"						Paris_AN_JJ_inventaire_JJ37-50_index.xlsx#d1e270176																						
84392	"Le Juif (Bon)"	"Le Juif (Bon)"				"juif de Cologne"		Paris_AN_JJ_inventaire_JJ37-50_index.xlsx#d1e270192																						
84393	"Le Juif (Bon)"	"Le Juif (Bon)"				"juif de Sauve"		Paris_AN_JJ_inventaire_JJ37-50_index.xlsx#d1e270207																						
84394	"Le Juif (Donin)"	"Le Juif (Donin)"					"de Melun"	Paris_AN_JJ_inventaire_JJ37-50_index.xlsx#d1e270222																						
84395	"Le Juif (Ferrier)"	"Le Juif (Ferrier)"				"de Mende"		Paris_AN_JJ_inventaire_JJ37-50_index.xlsx#d1e270237																						
84396	"Le Juif (Joël)"	"Le Juif (Joël)"						Paris_AN_JJ_inventaire_JJ37-50_index.xlsx#d1e270252																						
84398	"Le Juif (Mathieu)"	"Le Juif (Mathieu)"						Paris_AN_JJ_inventaire_JJ37-50_index.xlsx#d1e270267																						
84399	"Le Juif (Simon)"	"Le Juif (Simon)"				"ses fils"		Paris_AN_JJ_inventaire_JJ37-50_index.xlsx#d1e270283																						
84400	"Le Juif (Thibaud)"	"Le Juif (Thibaud)"				"bourgeois de Verly"		Paris_AN_JJ_inventaire_JJ37-50_index.xlsx#d1e270298																						
84401	"Le Juif de Ruitz"	"Le Juif de Ruitz"						Paris_AN_JJ_inventaire_JJ37-50_index.xlsx#d1e270313																						
84402	"Le Jumeau (Jean)"	"Le Jumeau (Jean)"				"vicomte de Falaise"		Paris_AN_JJ_inventaire_JJ37-50_index.xlsx#d1e270324																						
84403	"Le Jumeau (Pierre)"	"Le Jumeau (Pierre)"				"bailli de Vermandois"		Paris_AN_JJ_inventaire_JJ37-50_index.xlsx#d1e270339																						
84404	"Le Jumeau (Pierre)"	"Le Jumeau (Pierre)"				"fils et exécuteur du précédent, seigneur de Marieu"		Paris_AN_JJ_inventaire_JJ37-50_index.xlsx#d1e270384																						
84405	"Le Lombard (Geoffroi)"	"Le Lombard (Geoffroi)"				"jadis chanoine de Beauvais"		Paris_AN_JJ_inventaire_JJ37-50_index.xlsx#d1e270418																						
84406	"Le Loup (Blain)"	"Le Loup (Blain)"				"sénéchal de Toulouse et Albi"		Paris_AN_JJ_inventaire_JJ37-50_index.xlsx#d1e270433																						
84407	"Le Loup (Jeannet)"	"Le Loup (Jeannet)"						Paris_AN_JJ_inventaire_JJ37-50_index.xlsx#d1e270448																						
84408	"Aux Orées (Jean)"	"Aux Orées (Jean)"				"clerc et notaire juré du sceau de la prévôté de Château-Landon"		Paris_AN_JJ_inventaire_JJ37-50_index.xlsx#d1e146827																						
84409	"Le Maire (Me Jean)"	"Le Maire (Me Jean)"						Paris_AN_JJ_inventaire_JJ37-50_index.xlsx#d1e270463																						
84410	"Le Maire (Pierre)"	"Le Maire (Pierre)"				"de Braye"		Paris_AN_JJ_inventaire_JJ37-50_index.xlsx#d1e270478																						
84411	"Le Maire (Robin)"	"Le Maire (Robin)"				"et sa femme"		Paris_AN_JJ_inventaire_JJ37-50_index.xlsx#d1e270502																						
84412	"Le Maistre (Jean)"	"Le Maistre (Jean)"				"le fils"		Paris_AN_JJ_inventaire_JJ37-50_index.xlsx#d1e270517																						
84413	"Le Maréchal (Thibaud)"	"Le Maréchal (Thibaud)"						Paris_AN_JJ_inventaire_JJ37-50_index.xlsx#d1e270547																						
84414	"Le Mareschal (Guillaume)"	"Le Mareschal (Guillaume)"				"de Louvres, mestre en l'euvre de mareschauciée de chevaus"		Paris_AN_JJ_inventaire_JJ37-50_index.xlsx#d1e270562																						
84415	"Le Meunier (Simon)"	"Le Meunier (Simon)"				"bourgeois de Beauvais"		Paris_AN_JJ_inventaire_JJ37-50_index.xlsx#d1e270631																						
84416	"Le Mire (Colard)"	"Le Mire (Colard)"				"de Crécy-en-Brie"		Paris_AN_JJ_inventaire_JJ37-50_index.xlsx#d1e270646																						
84417	"Le Mire (Deniset)"	"Le Mire (Deniset)"				"de Dammartin-sur-Tigeaux"		Paris_AN_JJ_inventaire_JJ37-50_index.xlsx#d1e270661																						
84418	"Le Mire (Étienne)"	"Le Mire (Étienne)"						Paris_AN_JJ_inventaire_JJ37-50_index.xlsx#d1e270676																						
84420	Ave	Ave				"dame de Fenouillèdes"		Paris_AN_JJ_inventaire_JJ37-50_index.xlsx#d1e146894																						
84421	"Le Mire (Jean)"	"Le Mire (Jean)"				"huissier d'armes de Louis, roi de Navarre"		Paris_AN_JJ_inventaire_JJ37-50_index.xlsx#d1e270695																						
84422	"Le Mire (Me Pierre)"	"Le Mire (Me Pierre)"				"sa femme"		Paris_AN_JJ_inventaire_JJ37-50_index.xlsx#d1e270710																						
84423	"Le Moine (André)"	"Le Moine (André)"				"évêque de Noyon"		Paris_AN_JJ_inventaire_JJ37-50_index.xlsx#d1e270725																						
84424	"Le Moine (Jean)"	"Le Moine (Jean)"				"cardinal des SS. Marcellin et Pierre"		Paris_AN_JJ_inventaire_JJ37-50_index.xlsx#d1e270746																						
84425	"Le Moine (Jean)"	"Le Moine (Jean)"				"de Crèvecœur"		Paris_AN_JJ_inventaire_JJ37-50_index.xlsx#d1e270785																						
84426	"Le Moine (Pierre)"	"Le Moine (Pierre)"				"sa femme et sa fille"		Paris_AN_JJ_inventaire_JJ37-50_index.xlsx#d1e270800																						
84427	"Le Muletier (Jean)"	"Le Muletier (Jean)"						Paris_AN_JJ_inventaire_JJ37-50_index.xlsx#d1e270831																						
84428	"Le Nain (Calojean)"	"Le Nain (Calojean)"						Paris_AN_JJ_inventaire_JJ37-50_index.xlsx#d1e270846																						
84429	"Le Neveu (Girard)"	"Le Neveu (Girard)"				"de Lille"		Paris_AN_JJ_inventaire_JJ37-50_index.xlsx#d1e270861																						
84430	"Le Neveu (Jean)"	"Le Neveu (Jean)"				"fils du précédent"		Paris_AN_JJ_inventaire_JJ37-50_index.xlsx#d1e270876																						
84431	Aveline	Aveline				"femme de Pierre Évrard, bourgeoise royale de Paris"		Paris_AN_JJ_inventaire_JJ37-50_index.xlsx#d1e146925																						
84432	"Leneveu (Richard)"	"Leneveu (Richard)"				"archidiacre d'Auge et enquêteur-réformateur"		Paris_AN_JJ_inventaire_JJ37-50_index.xlsx#d1e270891																						
84433	"L'Enfant (Guillaume)"	"L'Enfant (Guillaume)"				chevalier		Paris_AN_JJ_inventaire_JJ37-50_index.xlsx#d1e270925																						
84434	"Le Noir (Pierre)"	"Le Noir (Pierre)"						Paris_AN_JJ_inventaire_JJ37-50_index.xlsx#d1e270940																						
84435	"Le Normand (Guillaume)"	"Le Normand (Guillaume)"				"sa veuve"		Paris_AN_JJ_inventaire_JJ37-50_index.xlsx#d1e270955																						
84437	"Leonardo de Tybertis"	"Leonardo de Tybertis"				"prieur de la maison de l'Hôpital de Saint-Jean-de-Jérusalem à Venise, lieutenant du maître de l'Hôpital pour les régions cismarines et procureur général de l'ordre"		Paris_AN_JJ_inventaire_JJ37-50_index.xlsx#d1e271064																						
84438	Léone	Léone						Paris_AN_JJ_inventaire_JJ37-50_index.xlsx#d1e271079																						
84439	"Le Palet (Raoul)"	"Le Palet (Raoul)"						Paris_AN_JJ_inventaire_JJ37-50_index.xlsx#d1e271090																						
84440	"Le Parmentier (Robert)"	"Le Parmentier (Robert)"				"garde du sceau de la prévôté de Senlis"		Paris_AN_JJ_inventaire_JJ37-50_index.xlsx#d1e271105																						
84441	"Le Paumier (Guillaume)"	"Le Paumier (Guillaume)"						Paris_AN_JJ_inventaire_JJ37-50_index.xlsx#d1e271136																						
84442	"Aveline de Mansigny"	"Aveline de Mansigny"				"nonne de Maubuisson"		Paris_AN_JJ_inventaire_JJ37-50_index.xlsx#d1e146943																						
84443	"Le Paumier (Jean)"	"Le Paumier (Jean)"				"bourgeois de Paris, sergent du roi, commissaire aux monnaies"		Paris_AN_JJ_inventaire_JJ37-50_index.xlsx#d1e271159																						
84444	"Le Pauvre-Homme (Gaucher)"	"Le Pauvre-Homme (Gaucher)"						Paris_AN_JJ_inventaire_JJ37-50_index.xlsx#d1e271174																						
84445	"Le Pelletier (Pierre)"	"Le Pelletier (Pierre)"				"sa femme, sa fille"		Paris_AN_JJ_inventaire_JJ37-50_index.xlsx#d1e271189																						
84446	"Le Petit (André)"	"Le Petit (André)"				"de Bellozanne, pelletier"		Paris_AN_JJ_inventaire_JJ37-50_index.xlsx#d1e271204																						
84447	"Le Petit (Hugues)"	"Le Petit (Hugues)"				"pelletier de Bellozanne"		Paris_AN_JJ_inventaire_JJ37-50_index.xlsx#d1e271220																						
84448	"Le Petit (Jean)"	"Le Petit (Jean)"				"drapier et bourgeois de Paris"		Paris_AN_JJ_inventaire_JJ37-50_index.xlsx#d1e271235																						
84449	"Le Petit (Jean dit)"	"Le Petit (Jean dit)"						Paris_AN_JJ_inventaire_JJ37-50_index.xlsx#d1e271253																						
84450	"Le Physicien (Me Raoul)"	"Le Physicien (Me Raoul)"				"sa veuve"		Paris_AN_JJ_inventaire_JJ37-50_index.xlsx#d1e271264																						
84451	"Le Picard (Me Jean)"	"Le Picard (Me Jean)"				"chirurgien juré du Châtelet de Paris"		Paris_AN_JJ_inventaire_JJ37-50_index.xlsx#d1e271279																						
84452	"Le Picard (Philippot)"	"Le Picard (Philippot)"				"sergent à Chartres des commissaires à la besogne des juifs"		Paris_AN_JJ_inventaire_JJ37-50_index.xlsx#d1e271294																						
84453	"Avesoete (Simon)"	"Avesoete (Simon)"					"de Gand"	Paris_AN_JJ_inventaire_JJ37-50_index.xlsx#d1e147070																						
84454	"L'Épicier (Jacques et Mathieu)"	"L'Épicier (Jacques et Mathieu)"						Paris_AN_JJ_inventaire_JJ37-50_index.xlsx#d1e271313																						
84455	"Le Plastrier (Jean)"	"Le Plastrier (Jean)"						Paris_AN_JJ_inventaire_JJ37-50_index.xlsx#d1e271328																						
84456	"Le Ploié (Jacques)"	"Le Ploié (Jacques)"				"de Lille"		Paris_AN_JJ_inventaire_JJ37-50_index.xlsx#d1e271343																						
84457	"Le Porteur (Nicolas)"	"Le Porteur (Nicolas)"				"notaire au Châtelet"		Paris_AN_JJ_inventaire_JJ37-50_index.xlsx#d1e271358																						
84458	"Le Potier (Étienne)"	"Le Potier (Étienne)"				"bourgeois royal de Paris"		Paris_AN_JJ_inventaire_JJ37-50_index.xlsx#d1e271373																						
84459	"Le Potier (Jean)"	"Le Potier (Jean)"				"demeurant aux étuves de l'Orberie, à Paris"		Paris_AN_JJ_inventaire_JJ37-50_index.xlsx#d1e271397																						
84460	"Le Prestre (Herri)"	"Le Prestre (Herri)"						Paris_AN_JJ_inventaire_JJ37-50_index.xlsx#d1e271413																						
84461	"Le Prévôt (Pierre)"	"Le Prévôt (Pierre)"				"commissaire du roi"		Paris_AN_JJ_inventaire_JJ37-50_index.xlsx#d1e271428																						
84462	"Le Prieur (Me Jean)"	"Le Prieur (Me Jean)"				"de Sens"		Paris_AN_JJ_inventaire_JJ37-50_index.xlsx#d1e271443																						
84463	"Le Provain (Jean)"	"Le Provain (Jean)"						Paris_AN_JJ_inventaire_JJ37-50_index.xlsx#d1e271458																						
84464	"Aveta (?) de Laus"	"Aveta (?) de Laus"				"sergent à Toulouse"		Paris_AN_JJ_inventaire_JJ37-50_index.xlsx#d1e147085																						
84465	"Le Poulailler (Simon)"	"Le Poulailler (Simon)"				"aide de cuisine du roi"		Paris_AN_JJ_inventaire_JJ37-50_index.xlsx#d1e271473																						
84466	"Le Prud'homme (Guillaume)"	"Le Prud'homme (Guillaume)"						Paris_AN_JJ_inventaire_JJ37-50_index.xlsx#d1e271491																						
84467	"Le Querque (Gautier)"	"Le Querque (Gautier)"						Paris_AN_JJ_inventaire_JJ37-50_index.xlsx#d1e271522																						
84468	"Le Queux (Étienne)"	"Le Queux (Étienne)"				"écuyer, visiteur général"		Paris_AN_JJ_inventaire_JJ37-50_index.xlsx#d1e271537																						
84469	"Le Queux (Eudes)"	"Le Queux (Eudes)"				"jadis sénéchal de Carcassonne"		Paris_AN_JJ_inventaire_JJ37-50_index.xlsx#d1e271548																						
84470	"Le Queux (Isambard)"	"Le Queux (Isambard)"				"jadis queux du roi, ses héritiers"		Paris_AN_JJ_inventaire_JJ37-50_index.xlsx#d1e271563																						
84471	"Le Queux (Pierre)"	"Le Queux (Pierre)"				"de Triel, sa fille"		Paris_AN_JJ_inventaire_JJ37-50_index.xlsx#d1e271578																						
84472	"Le Riche (Me Pierre)"	"Le Riche (Me Pierre)"				"sous-doyen de Chartres, ambassadeur de Charles de Valois"		Paris_AN_JJ_inventaire_JJ37-50_index.xlsx#d1e271609																						
84473	"Lermite (Jacques)"	"Lermite (Jacques)"				chevalier		Paris_AN_JJ_inventaire_JJ37-50_index.xlsx#d1e271624																						
84474	"Le Roux (Baudouin)"	"Le Roux (Baudouin)"					"bourgeois de Gand"	Paris_AN_JJ_inventaire_JJ37-50_index.xlsx#d1e271639																						
84476	"Le Roux (Oudard)"	"Le Roux (Oudard)"				"bourgeois de Paris"		Paris_AN_JJ_inventaire_JJ37-50_index.xlsx#d1e271654																						
84477	"Le Sage (Guillaume)"	"Le Sage (Guillaume)"				"grenetier du Bassigny"		Paris_AN_JJ_inventaire_JJ37-50_index.xlsx#d1e271732																						
84478	"Lescaus (Renaud)"	"Lescaus (Renaud)"				"écuyer, de Survilliers"		Paris_AN_JJ_inventaire_JJ37-50_index.xlsx#d1e271747																						
84479	"Les Couards (Guillaume et Pierre dits)"	"Les Couards (Guillaume et Pierre dits)"				"de Villennes-sur-Seine"		Paris_AN_JJ_inventaire_JJ37-50_index.xlsx#d1e271762																						
84480	"Lescoux (Me Étienne)"	"Lescoux (Me Étienne)"				"juré de la Cour du sénéchal de Périgord et Quercy"		Paris_AN_JJ_inventaire_JJ37-50_index.xlsx#d1e271777																						
84481	"L'Escuyer (Gauteron)"	"L'Escuyer (Gauteron)"						Paris_AN_JJ_inventaire_JJ37-50_index.xlsx#d1e271838																						
84482	"L'Escuyer (Jean)"	"L'Escuyer (Jean)"				"ses enfants"		Paris_AN_JJ_inventaire_JJ37-50_index.xlsx#d1e271853																						
84483	"L'Escuyer (Thibaud)"	"L'Escuyer (Thibaud)"				"sa femme"		Paris_AN_JJ_inventaire_JJ37-50_index.xlsx#d1e271868																						
84484	"Le Sec (Léonard)"	"Le Sec (Léonard)"				"garde du bailliage d'Amiens"		Paris_AN_JJ_inventaire_JJ37-50_index.xlsx#d1e271883																						
84485	"Le Seeleur (Hue)"	"Le Seeleur (Hue)"				"notaire au Châtelet"		Paris_AN_JJ_inventaire_JJ37-50_index.xlsx#d1e271898																						
84486	Avise	Avise				"femme d'Enguerrand de Marigny"		Paris_AN_JJ_inventaire_JJ37-50_index.xlsx#d1e147248																						
84487	"Le Séneschal (Thomas)"	"Le Séneschal (Thomas)"						Paris_AN_JJ_inventaire_JJ37-50_index.xlsx#d1e271914																						
84488	"Le Sergent (Raoul)"	"Le Sergent (Raoul)"				"garde du sceau de la prévôté de Crécy-en-Brie"		Paris_AN_JJ_inventaire_JJ37-50_index.xlsx#d1e271929																						
84489	"Le Sourd (Geoffroi)"	"Le Sourd (Geoffroi)"						Paris_AN_JJ_inventaire_JJ37-50_index.xlsx#d1e271973																						
84490	"Lespicier (Me Nicolas)"	"Lespicier (Me Nicolas)"				"chanoine de Lodève, commissaire révocable aux lieux de transit des laines"		Paris_AN_JJ_inventaire_JJ37-50_index.xlsx#d1e272000																						
84492	"L'Estuveur (Henri)"	"L'Estuveur (Henri)"				"sa veuve"		Paris_AN_JJ_inventaire_JJ37-50_index.xlsx#d1e272056																						
84493	"Le Tailleur (Guillaume)"	"Le Tailleur (Guillaume)"				"sous-sergent de Saint-Georges-de-Boscherville"		Paris_AN_JJ_inventaire_JJ37-50_index.xlsx#d1e272071																						
84494	"Le Tainturier (Jean)"	"Le Tainturier (Jean)"				"de Verneuil-sur-Avre"		Paris_AN_JJ_inventaire_JJ37-50_index.xlsx#d1e272087																						
84495	"Le Tapissier (Vincent)"	"Le Tapissier (Vincent)"				"bourgeois d'Orléans"		Paris_AN_JJ_inventaire_JJ37-50_index.xlsx#d1e272102																						
84496	"Le Tartier (Philippe) de Crécy-en-Brie"	"Le Tartier (Philippe) de Crécy-en-Brie"						Paris_AN_JJ_inventaire_JJ37-50_index.xlsx#d1e272117																						
84497	"Aycelin (Arbert) de Montaigu"	"Aycelin (Arbert) de Montaigu"				"évêque de Clermont"		Paris_AN_JJ_inventaire_JJ37-50_index.xlsx#d1e147506																						
84498	"Le Tavernier (Denis)"	"Le Tavernier (Denis)"				"vicomte de Montivilliers"		Paris_AN_JJ_inventaire_JJ37-50_index.xlsx#d1e272132																						
84499	"Le Thorois (Renaud)"	"Le Thorois (Renaud)"				"drapier de Provins"		Paris_AN_JJ_inventaire_JJ37-50_index.xlsx#d1e272147																						
84500	"Létice? (Jean)"	"Létice? (Jean)"				"clerc de Corbeil, notaire apostolique"		Paris_AN_JJ_inventaire_JJ37-50_index.xlsx#d1e272162																						
84501	"Le Tombeur (Richard)"	"Le Tombeur (Richard)"						Paris_AN_JJ_inventaire_JJ37-50_index.xlsx#d1e272178																						
84502	"Le Tondeur (André)"	"Le Tondeur (André)"				"de Bressuire"		Paris_AN_JJ_inventaire_JJ37-50_index.xlsx#d1e272193																						
84503	"Le Tondeur (Jean)"	"Le Tondeur (Jean)"				"tabellion juré en la châtellenie de Mantes"		Paris_AN_JJ_inventaire_JJ37-50_index.xlsx#d1e272208																						
84504	"Le Tonnelier (Geoffroi)"	"Le Tonnelier (Geoffroi)"				"demeurant à la Villeneuve-du-Temple, à Paris"		Paris_AN_JJ_inventaire_JJ37-50_index.xlsx#d1e272223																						
84505	"Le Tourain (Nicolas)"	"Le Tourain (Nicolas)"						Paris_AN_JJ_inventaire_JJ37-50_index.xlsx#d1e272238																						
84507	"Le Veneur (Jean Ier)"	"Le Veneur (Jean Ier)"						Paris_AN_JJ_inventaire_JJ37-50_index.xlsx#d1e272398																						
84508	"Aycelin (Gilles)"	"Aycelin (Gilles)"				"archevêque de Narbonne"		Paris_AN_JJ_inventaire_JJ37-50_index.xlsx#d1e147521																						
84509	"Le Ver (Jean)"	"Le Ver (Jean)"				"sergent du roi au ressort de Bretagne"		Paris_AN_JJ_inventaire_JJ37-50_index.xlsx#d1e272524																						
84510	"Le Verrier (Me Hugues)"	"Le Verrier (Me Hugues)"						Paris_AN_JJ_inventaire_JJ37-50_index.xlsx#d1e272539																						
84511	"Le Vert (Félix)"	"Le Vert (Félix)"				"dit le Boeuf, d'Oiselay, écuyer"		Paris_AN_JJ_inventaire_JJ37-50_index.xlsx#d1e272554																						
84512	"Le Vicomte (Jean)"	"Le Vicomte (Jean)"						Paris_AN_JJ_inventaire_JJ37-50_index.xlsx#d1e272569																						
84513	"Le Vicomte (Tassin)"	"Le Vicomte (Tassin)"						Paris_AN_JJ_inventaire_JJ37-50_index.xlsx#d1e272584																						
84514	"Le Vidame (Robert)"	"Le Vidame (Robert)"				chevalier		Paris_AN_JJ_inventaire_JJ37-50_index.xlsx#d1e272599																						
84516	"Le Wangue (Adam)"	"Le Wangue (Adam)"				"de Ciry"		Paris_AN_JJ_inventaire_JJ37-50_index.xlsx#d1e272706																						
84519	"Aycelin (Gilles)"	"Aycelin (Gilles)"				"écuyer puis chevalier du roi, neveu du précédent"		Paris_AN_JJ_inventaire_JJ37-50_index.xlsx#d1e147608																						
84521	"Lia (Bernard)"	"Lia (Bernard)"				légiste		Paris_AN_JJ_inventaire_JJ37-50_index.xlsx#d1e272810																						
84522	"Lia (Gérard et Raimond)"	"Lia (Gérard et Raimond)"				"frères, de Villeneuve-d'Aveyron"		Paris_AN_JJ_inventaire_JJ37-50_index.xlsx#d1e272828																						
84524	"Liébard (Geoffroi)"	"Liébard (Geoffroi)"				chevalier		Paris_AN_JJ_inventaire_JJ37-50_index.xlsx#d1e272917																						
84530	"Arnaud Adressa (frère)"	"Arnaud Adressa (frère)"				"moine de Fontfroide"		Paris_AN_JJ_inventaire_JJ37-50_index.xlsx#d1e133109																						
84531	"Aycelin (Me Jean)"	"Aycelin (Me Jean)"				"abbé de la collégiale de Clermont"		Paris_AN_JJ_inventaire_JJ37-50_index.xlsx#d1e147632																						
84533	"Liotard (Me Arnaud)"	"Liotard (Me Arnaud)"				"clerc du roi"		Paris_AN_JJ_inventaire_JJ37-50_index.xlsx#d1e273986																						
84534	"L'Isambarde (Jeanne)"	"L'Isambarde (Jeanne)"				"religieuse de Saint-Antoine"		Paris_AN_JJ_inventaire_JJ37-50_index.xlsx#d1e274028																						
84542	"Aymar (Bertrand)"	"Aymar (Bertrand)"				"prieur d'Anglars"		Paris_AN_JJ_inventaire_JJ37-50_index.xlsx#d1e147659																						
84543	"Lolier (Jean)"	"Lolier (Jean)"				"prévôt de Fismes"		Paris_AN_JJ_inventaire_JJ37-50_index.xlsx#d1e275375																						
84546	"Lombere (Nicolas)"	"Lombere (Nicolas)"				"chapelain de la chapelle Saint-Sauveur en l'église de Saint-Mesme de Chinon"		Paris_AN_JJ_inventaire_JJ37-50_index.xlsx#d1e275574																						
84553	"Aymer (Guillaume)"	"Aymer (Guillaume)"				"frère du suivant"		Paris_AN_JJ_inventaire_JJ37-50_index.xlsx#d1e147674																						
84555	"Lope Sanchez de Luna"	"Lope Sanchez de Luna"				"chevalier, envoyé de Jaime II d'Aragon"		Paris_AN_JJ_inventaire_JJ37-50_index.xlsx#d1e276312																						
84556	"Lopelines (magister Petrus dictus)"	"Lopelines (magister Petrus dictus)"				"de Duaco, et ejus uxor"	Douai	Paris_AN_JJ_inventaire_JJ37-50_index.xlsx#d1e276327																						
84557	"Lopez (Martin) d'Urroz"	"Lopez (Martin) d'Urroz"				"chevalier du roi"		Paris_AN_JJ_inventaire_JJ37-50_index.xlsx#d1e276342																						
84558	"L'Orfèvre (Gilles)"	"L'Orfèvre (Gilles)"				"bourgeois d'Avranches"		Paris_AN_JJ_inventaire_JJ37-50_index.xlsx#d1e276385																						
84559	"Lorie (Astruc)"	"Lorie (Astruc)"				"juif de Sauve"		Paris_AN_JJ_inventaire_JJ37-50_index.xlsx#d1e276403																						
84560	Lothaire	Lothaire				"roi de France"		Paris_AN_JJ_inventaire_JJ37-50_index.xlsx#d1e276636																						
84562	"Louis V"	"Louis V"				"roi de France"		Paris_AN_JJ_inventaire_JJ37-50_index.xlsx#d1e276783																						
84563	"Louis VI le Gros"	"Louis VI le Gros"				"roi de France"		Paris_AN_JJ_inventaire_JJ37-50_index.xlsx#d1e276798																						
84564	"Aysson (Élie)"	"Aysson (Élie)"						Paris_AN_JJ_inventaire_JJ37-50_index.xlsx#d1e147731																						
84565	"Louis VII"	"Louis VII"		"Louis VII le Jeune"		"roi de France"		Paris_AN_JJ_inventaire_JJ37-50_index.xlsx#d1e276817																						
84566	"Louis VIII"	"Louis VIII"		"Louis VIII le Lion"		"roi de France"		Paris_AN_JJ_inventaire_JJ37-50_index.xlsx#d1e276838																						
84568	"Louis X le Hutin"	"Louis X le Hutin"				"roi de France"		Paris_AN_JJ_inventaire_JJ37-50_index.xlsx#d1e277127																						
84569	Louis	Louis				"comte de Clermont"		Paris_AN_JJ_inventaire_JJ37-50_index.xlsx#d1e277138																						
84570	"Louis Ier"	"Louis Ier"				"comte de Nevers et de Rethel, fils de Robert, comte de Flandre"		Paris_AN_JJ_inventaire_JJ37-50_index.xlsx#d1e277149																						
84571	Louis	Louis				"comte d'Évreux"		Paris_AN_JJ_inventaire_JJ37-50_index.xlsx#d1e277203																						
84572	"Louis Ier"	"Louis Ier"				"duc de Bourbon"		Paris_AN_JJ_inventaire_JJ37-50_index.xlsx#d1e277214																						
84573	Louis	Louis		"Louis X le Hutin"		"fils aîné du roi"	"le futur Louis X le Hutin"	Paris_AN_JJ_inventaire_JJ37-50_index.xlsx#d1e277225																						
84574	Louis	Louis				"fils aîné d'Enguerrand de Marigny"		Paris_AN_JJ_inventaire_JJ37-50_index.xlsx#d1e277324																						
84575	"Azagal (Me Guilhem)"	"Azagal (Me Guilhem)"				"lieutenant ou substitut de Me Jean Rogier"		Paris_AN_JJ_inventaire_JJ37-50_index.xlsx#d1e147762																						
84576	Louis	Louis				"fils aîné de Robert de France, comte de Clermont"		Paris_AN_JJ_inventaire_JJ37-50_index.xlsx#d1e277335																						
84579	Louis	Louis				"frère du roi"		Paris_AN_JJ_inventaire_JJ37-50_index.xlsx#d1e277369																						
84580	"Louis de Bourbon"	"Louis de Bourbon"				"fils aîné de Robert de France, comte de Clermont"	"le futur Louis Ier, duc de Bourbon"	Paris_AN_JJ_inventaire_JJ37-50_index.xlsx#d1e277380																						
84581	"Louis de Bourgogne"	"Louis de Bourgogne"		"Bourgogne (Louis de)|Louis"		"prince d'Achaïe, frère d'Hugues, duc de Bourgogne et fils du duc Robert II de Bourgogne"		Paris_AN_JJ_inventaire_JJ37-50_index.xlsx#d1e277475|Paris_AN_JJ_inventaire_JJ37-50_index.xlsx#d1e277358|Paris_AN_JJ_inventaire_JJ37-50_index.xlsx#d1e277346																						
84582	"Louis de France"	"Louis de France"				"comte d'Évreux, frère du roi"		Paris_AN_JJ_inventaire_JJ37-50_index.xlsx#d1e277502																						
84583	"Louis de Looz"	"Louis de Looz"				"fils d'Isabelle, dame d'Évry"		Paris_AN_JJ_inventaire_JJ37-50_index.xlsx#d1e277612																						
84584	"Louis de Marigny"	"Louis de Marigny"				"fils aîné d'Enguerrand de Marigny"		Paris_AN_JJ_inventaire_JJ37-50_index.xlsx#d1e277628																						
84585	"Louis de Navarre (le roi)"	"Louis de Navarre (le roi)"						Paris_AN_JJ_inventaire_JJ37-50_index.xlsx#d1e277664																						
84586	"Azémar (G.)"	"Azémar (G.)"				"chanoine de Rodez"		Paris_AN_JJ_inventaire_JJ37-50_index.xlsx#d1e147780																						
84587	"Louis de Sancerre"	"Louis de Sancerre"						Paris_AN_JJ_inventaire_JJ37-50_index.xlsx#d1e277675																						
84588	"Louis II de Savoie"	"Louis II de Savoie"				"seigneur de Vaud"		Paris_AN_JJ_inventaire_JJ37-50_index.xlsx#d1e277708																						
84589	"Louis de Tremblay"	"Louis de Tremblay"				"bourgeois royal de Paris"		Paris_AN_JJ_inventaire_JJ37-50_index.xlsx#d1e277726																						
84590	"Louis de Villepreux"	"Louis de Villepreux"						Paris_AN_JJ_inventaire_JJ37-50_index.xlsx#d1e277744																						
84591	"Louis d'Évreux (comte)"	"Louis d'Évreux (comte)"						Paris_AN_JJ_inventaire_JJ37-50_index.xlsx#d1e277756																						
84592	"Loup (Barthélemi)"	"Loup (Barthélemi)"				"notaire royal dans la sénéchaussée de Carcassonne et Béziers"		Paris_AN_JJ_inventaire_JJ37-50_index.xlsx#d1e277789																						
84593	"Loup (Jusse)"	"Loup (Jusse)"				"juif de Béziers"		Paris_AN_JJ_inventaire_JJ37-50_index.xlsx#d1e277804																						
84594	"Loup de Foix"	"Loup de Foix"				donzel		Paris_AN_JJ_inventaire_JJ37-50_index.xlsx#d1e277819																						
84597	"Azémar (Guilhem)"	"Azémar (Guilhem)"				"bourgeois et marchand de Toulouse"		Paris_AN_JJ_inventaire_JJ37-50_index.xlsx#d1e147795																						
84598	"Louvel (Guillaume)"	"Louvel (Guillaume)"				"chevalier du roi"		Paris_AN_JJ_inventaire_JJ37-50_index.xlsx#d1e277904																						
84601	"Loysel (Thomas)"	"Loysel (Thomas)"				"sommelier de la Chambre aux Deniers"		Paris_AN_JJ_inventaire_JJ37-50_index.xlsx#d1e278055																						
84603	"Luce (Pierre)"	"Luce (Pierre)"				chevalier		Paris_AN_JJ_inventaire_JJ37-50_index.xlsx#d1e278154																						
84604	Luce	Luce				"fille d'Amenon Giroue et mère de Pierre de Vatan"		Paris_AN_JJ_inventaire_JJ37-50_index.xlsx#d1e278169																						
84605	"Lucius III"	"Lucius III"				pape		Paris_AN_JJ_inventaire_JJ37-50_index.xlsx#d1e278244																						
84606	"Ludovicus camerarius"	"Ludovicus camerarius"						Paris_AN_JJ_inventaire_JJ37-50_index.xlsx#d1e278304																						
84608	"Azémar (Pierre)"	"Azémar (Pierre)"				"boucher de Saint-Antonin"		Paris_AN_JJ_inventaire_JJ37-50_index.xlsx#d1e147828																						
84609	"Luidetus Baillif"	"Luidetus Baillif"				"son fils"		Paris_AN_JJ_inventaire_JJ37-50_index.xlsx#d1e278387																						
84610	"Luillier (Jacques)"	"Luillier (Jacques)"				"de Melun, garde du sceau de la prévôté de Melun"		Paris_AN_JJ_inventaire_JJ37-50_index.xlsx#d1e278402																						
84611	"Luillier (Jean)"	"Luillier (Jean)"				"bourgeois de Melun, garde du sceau de la prévôté de Melun"		Paris_AN_JJ_inventaire_JJ37-50_index.xlsx#d1e278436																						
84612	"Luillier (Michel)"	"Luillier (Michel)"				"bourgeois de Chinon"		Paris_AN_JJ_inventaire_JJ37-50_index.xlsx#d1e278454																						
84615	"Luque de Nemours"	"Luque de Nemours"				"religieuse de l'hospice d'Orléans"		Paris_AN_JJ_inventaire_JJ37-50_index.xlsx#d1e278732																						
84619	"B. de La Roque (frère)"	"B. de La Roque (frère)"				"précepteur de la maison du Temple de Montricoux"		Paris_AN_JJ_inventaire_JJ37-50_index.xlsx#d1e147874																						
84622	"Mabille de Bosnormand"	"Mabille de Bosnormand"						Paris_AN_JJ_inventaire_JJ37-50_index.xlsx#d1e279752																						
84623	Macé	Macé				"Mathieu du Port, receveur de tous les revenus et créances royaux du bailliage d'Orléans"		Paris_AN_JJ_inventaire_JJ37-50_index.xlsx#d1e279779																						
84628	"Machiot de Samoreau"	"Machiot de Samoreau"						Paris_AN_JJ_inventaire_JJ37-50_index.xlsx#d1e279968																						
84629	"Maci (Jeannet)"	"Maci (Jeannet)"						Paris_AN_JJ_inventaire_JJ37-50_index.xlsx#d1e279979																						
84631	Maci	Maci				"Machiot de Samoreau, écuyer"		Paris_AN_JJ_inventaire_JJ37-50_index.xlsx#d1e279994																						
84632	"Macip (Bon)"	"Macip (Bon)"				"juif de L'Isle-Jourdain"		Paris_AN_JJ_inventaire_JJ37-50_index.xlsx#d1e280021																						
84633	"Macip (Jean)"	"Macip (Jean)"				drapier		Paris_AN_JJ_inventaire_JJ37-50_index.xlsx#d1e280040																						
84634	"Macip (Pons)"	"Macip (Pons)"				"procureur des consuls et hommes de Ribouisse"		Paris_AN_JJ_inventaire_JJ37-50_index.xlsx#d1e280055																						
84635	"Macip (Samuel)"	"Macip (Samuel)"						Paris_AN_JJ_inventaire_JJ37-50_index.xlsx#d1e280070																						
84636	Mahaut	Mahaut				"comtesse d'Artois et de Bourgogne, veuve d'Othon IV"		Paris_AN_JJ_inventaire_JJ37-50_index.xlsx#d1e280514																						
84637	"Mahaut Ire"	"Mahaut Ire"				"comtesse de Nevers"		Paris_AN_JJ_inventaire_JJ37-50_index.xlsx#d1e280525																						
84638	Mahaut	Mahaut				"femme de Michaud le Harechier"		Paris_AN_JJ_inventaire_JJ37-50_index.xlsx#d1e280541																						
84639	Mahaut	Mahaut				"femme de Nicolas d'Orléans"		Paris_AN_JJ_inventaire_JJ37-50_index.xlsx#d1e280556																						
84640	Mahaut	Mahaut				"fille de Gui de Châtillon"		Paris_AN_JJ_inventaire_JJ37-50_index.xlsx#d1e280571																						
84641	"Alice de Montbéliard"	"Alice de Montbéliard"		Aelipdis		"femme de Jean II de Chalon"		Paris_AN_JJ_inventaire_JJ37-50_index.xlsx#d1e133124|Paris_AN_JJ_inventaire_JJ37-50_index.xlsx#d1e136352																						
84643	Mahaut	Mahaut				"fille de Pierre le Maire et femme de corps de Saint-Médard de Soissons"		Paris_AN_JJ_inventaire_JJ37-50_index.xlsx#d1e280582																						
84644	Mahaut	Mahaut				"veuve d'Henri l'Estuveur"		Paris_AN_JJ_inventaire_JJ37-50_index.xlsx#d1e280597																						
84645	"Mahaut d'Artois"	"Mahaut d'Artois"				"comtesse palatine d'Artois et de Bourgogne, dame de Salins, femme d'Othon IV"		Paris_AN_JJ_inventaire_JJ37-50_index.xlsx#d1e280612																						
84646	"Mahaut de Hainaut"	"Mahaut de Hainaut"				"fiancée de Louis de Bourgogne, princesse d'Achaïe"		Paris_AN_JJ_inventaire_JJ37-50_index.xlsx#d1e280707																						
84647	"Mahaut de Rancogne"	"Mahaut de Rancogne"				"prieure de Tusson"		Paris_AN_JJ_inventaire_JJ37-50_index.xlsx#d1e280728																						
84648	"Mahaut de Saint-Pol"	"Mahaut de Saint-Pol"				"fille de Gui de Châtillon"		Paris_AN_JJ_inventaire_JJ37-50_index.xlsx#d1e280743																						
84649	"Mahaut de Saint-Pol"	"Mahaut de Saint-Pol"				"femme de Charles de Valois"		Paris_AN_JJ_inventaire_JJ37-50_index.xlsx#d1e280754																						
84650	"Mahiel (Bertaud)"	"Mahiel (Bertaud)"				"bailli de Gisors"		Paris_AN_JJ_inventaire_JJ37-50_index.xlsx#d1e280813																						
84653	"Bacon (Guillaume)"	"Bacon (Guillaume)"				chevalier		Paris_AN_JJ_inventaire_JJ37-50_index.xlsx#d1e147956																						
84655	"Maillard (Guillaume)"	"Maillard (Guillaume)"				"sergent du roi, bailli ou garde du bailliage de Gisors"		Paris_AN_JJ_inventaire_JJ37-50_index.xlsx#d1e280912																						
84656	"Maillard (Jean"	"Maillard (Jean"				"Pierre), notaires du roi"		Paris_AN_JJ_inventaire_JJ37-50_index.xlsx#d1e280936																						
84657	"Maillard (Robert)"	"Maillard (Robert)"				"sergent du roi"		Paris_AN_JJ_inventaire_JJ37-50_index.xlsx#d1e280947																						
84658	Maillardus	Maillardus				"Maillart, Mallardus (Maillard, nom de deux clercs notaires du roi, prénommés l'un Jean et l'autre Pierre), signatures"		Paris_AN_JJ_inventaire_JJ37-50_index.xlsx#d1e280962																						
84659	Maillart	Maillart						Paris_AN_JJ_inventaire_JJ37-50_index.xlsx#d1e281650																						
84660	"Mainard (Raoul)"	"Mainard (Raoul)"				"Manard (Raoul)"		Paris_AN_JJ_inventaire_JJ37-50_index.xlsx#d1e281728																						
84661	"Mainard de Montchaude"	"Mainard de Montchaude"				"chanoine d'Angoulême"		Paris_AN_JJ_inventaire_JJ37-50_index.xlsx#d1e281746																						
84662	"Maingot (Guillaume)"	"Maingot (Guillaume)"				"chevalier, seigneur de Surgères"		Paris_AN_JJ_inventaire_JJ37-50_index.xlsx#d1e281810																						
84666	"Malcion (Guillaume)"	"Malcion (Guillaume)"				bâtard		Paris_AN_JJ_inventaire_JJ37-50_index.xlsx#d1e282670																						
84667	"Malegeneste (Jean et Oudard)"	"Malegeneste (Jean et Oudard)"				"frères, veneurs du roi"		Paris_AN_JJ_inventaire_JJ37-50_index.xlsx#d1e282700																						
84668	"Malejambe (Jean)"	"Malejambe (Jean)"				"clerc juré du roi en la châtellenerie de Meaux et en celle de Crécy-en-Brie"		Paris_AN_JJ_inventaire_JJ37-50_index.xlsx#d1e282715																						
84669	"Malemains (Nicolas)"	"Malemains (Nicolas)"				chevalier		Paris_AN_JJ_inventaire_JJ37-50_index.xlsx#d1e282731																						
84670	"Malengraigne (Pierre)"	"Malengraigne (Pierre)"				"valet de chambre du roi"		Paris_AN_JJ_inventaire_JJ37-50_index.xlsx#d1e282757																						
84671	"Malesars (Robert)"	"Malesars (Robert)"						Paris_AN_JJ_inventaire_JJ37-50_index.xlsx#d1e282775																						
84672	"Malet (Pierre)"	"Malet (Pierre)"				"sergent à cheval du roi, en la prévôté de Paris"		Paris_AN_JJ_inventaire_JJ37-50_index.xlsx#d1e282790																						
84673	"Malfilastre (Hugues)"	"Malfilastre (Hugues)"						Paris_AN_JJ_inventaire_JJ37-50_index.xlsx#d1e282805																						
84674	"Malherbe (Jean)"	"Malherbe (Jean)"				"sa forfaiture à Neuilly-le-Malherbe"		Paris_AN_JJ_inventaire_JJ37-50_index.xlsx#d1e282821																						
84675	"Baile (Bonet)"	"Baile (Bonet)"				"jadis bourgeois de Montluçon"		Paris_AN_JJ_inventaire_JJ37-50_index.xlsx#d1e148248																						
84676	"Mallard (Michel)"	"Mallard (Michel)"						Paris_AN_JJ_inventaire_JJ37-50_index.xlsx#d1e282869																						
84677	Mallardus	Mallardus						Paris_AN_JJ_inventaire_JJ37-50_index.xlsx#d1e282884																						
84681	"Manard (Raoul)"	"Manard (Raoul)"						Paris_AN_JJ_inventaire_JJ37-50_index.xlsx#d1e283076																						
84683	"Manessier des Fossés"	"Manessier des Fossés"				"notaire au Châtelet"		Paris_AN_JJ_inventaire_JJ37-50_index.xlsx#d1e283193																						
84684	"Mangon (Pierre)"	"Mangon (Pierre)"				"juge-mage dans la sénéchaussée de Périgord et Quercy"		Paris_AN_JJ_inventaire_JJ37-50_index.xlsx#d1e283224																						
84685	"Mani de La Rochelle"	"Mani de La Rochelle"				juif		Paris_AN_JJ_inventaire_JJ37-50_index.xlsx#d1e283239																						
84686	"Baile (Jean)"	"Baile (Jean)"				"fils naturel du précédent"		Paris_AN_JJ_inventaire_JJ37-50_index.xlsx#d1e148263																						
84689	"Marc (Jean)"	"Marc (Jean)"				"docteur ès lois de Montpellier"		Paris_AN_JJ_inventaire_JJ37-50_index.xlsx#d1e283696																						
84690	"Marc de Sainte-Croix"	"Marc de Sainte-Croix"				légiste		Paris_AN_JJ_inventaire_JJ37-50_index.xlsx#d1e283734																						
84691	"Marcel (Étienne)"	"Marcel (Étienne)"						Paris_AN_JJ_inventaire_JJ37-50_index.xlsx#d1e283749																						
84692	"Marcel (Jacques)"	"Marcel (Jacques)"				"bourgeois de Paris"		Paris_AN_JJ_inventaire_JJ37-50_index.xlsx#d1e283764																						
84693	"Marcel (Jean)"	"Marcel (Jean)"				"bourgeois de Paris"		Paris_AN_JJ_inventaire_JJ37-50_index.xlsx#d1e283795																						
84694	"Marcel (Pierre)"	"Marcel (Pierre)"				"bourgeois royal de Paris, drapier"		Paris_AN_JJ_inventaire_JJ37-50_index.xlsx#d1e283829																						
84700	"Marco de Luquari"	"Marco de Luquari"				"Luchari, citoyen de Raguse, ambassadeur d'Ourosch, roi de Serbie"		Paris_AN_JJ_inventaire_JJ37-50_index.xlsx#d1e284455																						
84704	Margareta	Margareta				"uxor Johannis de Noeriis"		Paris_AN_JJ_inventaire_JJ37-50_index.xlsx#d1e284723																						
84706	Margot	Margot				"chambrière d'Hugues Vigier"		Paris_AN_JJ_inventaire_JJ37-50_index.xlsx#d1e284791																						
84708	"Baivandier (Hugues)"	"Baivandier (Hugues)"				"fils d'Aimeri Baivandier"		Paris_AN_JJ_inventaire_JJ37-50_index.xlsx#d1e148367																						
84709	Marguerite	Marguerite				"reine de France"		Paris_AN_JJ_inventaire_JJ37-50_index.xlsx#d1e284821																						
84711	Marguerite	Marguerite				"abbesse de Morienval"		Paris_AN_JJ_inventaire_JJ37-50_index.xlsx#d1e284844																						
84712	Marguerite	Marguerite				"comtesse de Flandre et de Hainaut"		Paris_AN_JJ_inventaire_JJ37-50_index.xlsx#d1e284859																						
84713	Marguerite	Marguerite				"comtesse de Soissons"		Paris_AN_JJ_inventaire_JJ37-50_index.xlsx#d1e284874																						
84714	Marguerite	Marguerite				"comtesse d'Évreux"		Paris_AN_JJ_inventaire_JJ37-50_index.xlsx#d1e284885																						
84715	Marguerite	Marguerite				"dame de Bergerac et de Gensac"		Paris_AN_JJ_inventaire_JJ37-50_index.xlsx#d1e284896																						
84716	Marguerite	Marguerite				"femme d'Adam de Nanteuil-le-Haudouin"		Paris_AN_JJ_inventaire_JJ37-50_index.xlsx#d1e284907																						
84717	Marguerite	Marguerite				"femme de Gilles des Cumiers"		Paris_AN_JJ_inventaire_JJ37-50_index.xlsx#d1e284926																						
84718	Marguerite	Marguerite				"femme de Guillaume de Bussy, sa fille"		Paris_AN_JJ_inventaire_JJ37-50_index.xlsx#d1e284941																						
84719	"Baleine (Géraud"	"Baleine (Géraud"				"Gérard, Girard, Giraud)"		Paris_AN_JJ_inventaire_JJ37-50_index.xlsx#d1e148394																						
84720	Marguerite	Marguerite				"femme de Jean de Noyers"		Paris_AN_JJ_inventaire_JJ37-50_index.xlsx#d1e284956																						
84721	Marguerite	Marguerite				"femme de Jean de Somme-Vesle"		Paris_AN_JJ_inventaire_JJ37-50_index.xlsx#d1e284967																						
84722	Marguerite	Marguerite				"femme de Jean de Valence, mercière"		Paris_AN_JJ_inventaire_JJ37-50_index.xlsx#d1e284982																						
84723	Marguerite	Marguerite				"femme de Louis de France, comte d'Évreux"		Paris_AN_JJ_inventaire_JJ37-50_index.xlsx#d1e284997																						
84725	Marguerite	Marguerite				"femme de Renaud des Murs"		Paris_AN_JJ_inventaire_JJ37-50_index.xlsx#d1e285020																						
84726	Marguerite	Marguerite				"femme de Robert de Meudon, le jeune"		Paris_AN_JJ_inventaire_JJ37-50_index.xlsx#d1e285035																						
84727	"Marguerite (naturelle) d'Alice de Monasteriis"	"Marguerite (naturelle) d'Alice de Monasteriis"				"fille (naturelle) d'Alice de Monasteriis"		Paris_AN_JJ_inventaire_JJ37-50_index.xlsx#d1e285050																						
84728	Marguerite	Marguerite				"fille de Denis de La Salle"		Paris_AN_JJ_inventaire_JJ37-50_index.xlsx#d1e285065																						
84729	Marguerite	Marguerite				"fille de Jean le Bœuf"		Paris_AN_JJ_inventaire_JJ37-50_index.xlsx#d1e285080																						
84730	"Baleine (Pierre)"	"Baleine (Pierre)"				"receveur ou trésorier royal de la sénéchaussée de Périgord et Quercy"		Paris_AN_JJ_inventaire_JJ37-50_index.xlsx#d1e148455																						
84731	Marguerite	Marguerite				"fille de Pierre Adourardi et d'Eudeline"		Paris_AN_JJ_inventaire_JJ37-50_index.xlsx#d1e285096																						
84733	Marguerite	Marguerite				"fille d'Hugues II de Bouville"		Paris_AN_JJ_inventaire_JJ37-50_index.xlsx#d1e285122																						
84734	Marguerite	Marguerite				"prieure de Tusson"	"s. d. la même que"	Paris_AN_JJ_inventaire_JJ37-50_index.xlsx#d1e285140																						
84735	Marguerite	Marguerite				"vicomtesse de Turenne, seconde femme de Bernard VIII, comte de Comminges"		Paris_AN_JJ_inventaire_JJ37-50_index.xlsx#d1e285165																						
84736	"Marguerite d'Anjou"	"Marguerite d'Anjou"				"première femme de Charles de Valois"		Paris_AN_JJ_inventaire_JJ37-50_index.xlsx#d1e285180																						
84737	"Marguerite d'Arras"	"Marguerite d'Arras"						Paris_AN_JJ_inventaire_JJ37-50_index.xlsx#d1e285196																						
84738	"Marguerite d'Artois"	"Marguerite d'Artois"				"comtesse d'Évreux, femme de Louis de France, comte d'Évreux"		Paris_AN_JJ_inventaire_JJ37-50_index.xlsx#d1e285211																						
84739	"Marguerite de Béarn"	"Marguerite de Béarn"						Paris_AN_JJ_inventaire_JJ37-50_index.xlsx#d1e285289																						
84740	"Marguerite de Beaumanoir"	"Marguerite de Beaumanoir"				"femme de Guiard de Jouy"		Paris_AN_JJ_inventaire_JJ37-50_index.xlsx#d1e285300																						
84741	Palenque	Palenque		Balenque				Paris_AN_JJ_inventaire_JJ37-50_index.xlsx#d1e148488																						
84742	"Marguerite de Bommiers"	"Marguerite de Bommiers"				"veuve de Jean IV de Bouville, dame de Milly et de Sully-sur-Loire"		Paris_AN_JJ_inventaire_JJ37-50_index.xlsx#d1e285315																						
84743	"Marguerite de Bourgogne"	"Marguerite de Bourgogne"		Marguerite		"reine de Navarre"		Paris_AN_JJ_inventaire_JJ37-50_index.xlsx#d1e285336|Paris_AN_JJ_inventaire_JJ37-50_index.xlsx#d1e284832|Paris_AN_JJ_inventaire_JJ37-50_index.xlsx#d1e285111																						
84744	"Marguerite de Chambly"	"Marguerite de Chambly"				"dame de Ronquerolles"		Paris_AN_JJ_inventaire_JJ37-50_index.xlsx#d1e285355																						
84745	"Marguerite de Durnay"	"Marguerite de Durnay"				"dame de Maisey-le-Duc"		Paris_AN_JJ_inventaire_JJ37-50_index.xlsx#d1e285373																						
84746	"Marguerite de France"	"Marguerite de France"				"reine d'Angleterre, femme d'Édouard Ier et soeur de Philippe-le-Bel, sa fille"		Paris_AN_JJ_inventaire_JJ37-50_index.xlsx#d1e285396																						
84747	"Marguerite de La Roche"	"Marguerite de La Roche"				"prieure de Tusson"		Paris_AN_JJ_inventaire_JJ37-50_index.xlsx#d1e285411																						
84748	"Marguerite de Meulan"	"Marguerite de Meulan"						Paris_AN_JJ_inventaire_JJ37-50_index.xlsx#d1e285426																						
84749	"Marguerite de Moncade"	"Marguerite de Moncade"				"comtesse de Foix, vicomtesse de Béarn, et de Castellbó"		Paris_AN_JJ_inventaire_JJ37-50_index.xlsx#d1e285441																						
84750	"Marguerite de Passy"	"Marguerite de Passy"						Paris_AN_JJ_inventaire_JJ37-50_index.xlsx#d1e285460																						
84751	"Marguerite de Pévy"	"Marguerite de Pévy"				"demoiselle de la reine de Navarre"		Paris_AN_JJ_inventaire_JJ37-50_index.xlsx#d1e285475																						
84753	"Balme (Pons)"	"Balme (Pons)"				"docteur ès lois, lieutenant du juge ordinaire de la Cour royale de Nîmes"		Paris_AN_JJ_inventaire_JJ37-50_index.xlsx#d1e148584																						
84754	"Marguerite de Picquigny"	"Marguerite de Picquigny"				"damoiselle de La Ferté-en-Ponthieu"		Paris_AN_JJ_inventaire_JJ37-50_index.xlsx#d1e285490																						
84755	"Marguerite de Provence"	"Marguerite de Provence"				"reine de France, femme de Saint-Louis"		Paris_AN_JJ_inventaire_JJ37-50_index.xlsx#d1e285505																						
84756	"Marguerite de Rouen"	"Marguerite de Rouen"				"prieure de Saint-Aubin-lès-Gournay"		Paris_AN_JJ_inventaire_JJ37-50_index.xlsx#d1e285523																						
84757	"Marguerite de Rumigny"	"Marguerite de Rumigny"				"comtesse de Soissons"		Paris_AN_JJ_inventaire_JJ37-50_index.xlsx#d1e285538																						
84758	"Marguerite des Barres"	"Marguerite des Barres"				"femme d'Hugues III de Bouville"		Paris_AN_JJ_inventaire_JJ37-50_index.xlsx#d1e285554																						
84759	"Marie (Guilhem)"	"Marie (Guilhem)"				"de Rosières-en-Albigeois"		Paris_AN_JJ_inventaire_JJ37-50_index.xlsx#d1e285600																						
84760	Marie	Marie				reine-mère		Paris_AN_JJ_inventaire_JJ37-50_index.xlsx#d1e285615																						
84761	Marie	Marie				"comtesse de Juliers"		Paris_AN_JJ_inventaire_JJ37-50_index.xlsx#d1e285626																						
84762	Marie	Marie				"dame de Douilly"		Paris_AN_JJ_inventaire_JJ37-50_index.xlsx#d1e285638																						
84763	"Marie (jadis)"	"Marie (jadis)"				"dame de Mortagne"		Paris_AN_JJ_inventaire_JJ37-50_index.xlsx#d1e285653																						
84764	"Balon (André)"	"Balon (André)"						Paris_AN_JJ_inventaire_JJ37-50_index.xlsx#d1e148614																						
84765	Marie	Marie				"damoiselle d'Amigny"		Paris_AN_JJ_inventaire_JJ37-50_index.xlsx#d1e285664																						
84766	Marie	Marie				"femme de Geoffroi Chauvel"		Paris_AN_JJ_inventaire_JJ37-50_index.xlsx#d1e285679																						
84767	Marie	Marie				"femme de Gilles, seigneur de Berlaimont"		Paris_AN_JJ_inventaire_JJ37-50_index.xlsx#d1e285694																						
84768	Marie	Marie				"femme de Guichard de Combom"		Paris_AN_JJ_inventaire_JJ37-50_index.xlsx#d1e285709																						
84769	Marie	Marie				"femme de Guillaume de Dicy, ses enfants"		Paris_AN_JJ_inventaire_JJ37-50_index.xlsx#d1e285725																						
84770	Marie	Marie				"femme de Jean de Luzarches"		Paris_AN_JJ_inventaire_JJ37-50_index.xlsx#d1e285740																						
84771	Marie	Marie				"femme de Jean de Thézy"		Paris_AN_JJ_inventaire_JJ37-50_index.xlsx#d1e285755																						
84772	Marie	Marie				"femme de Jean Morsiaus"		Paris_AN_JJ_inventaire_JJ37-50_index.xlsx#d1e285770																						
84773	Marie	Marie				"femme de Mathieu de Trie"		Paris_AN_JJ_inventaire_JJ37-50_index.xlsx#d1e285785																						
84774	Marie	Marie				"femme de Pierre Doret"		Paris_AN_JJ_inventaire_JJ37-50_index.xlsx#d1e285796																						
84775	"Balon (Guillaume"	"Balon (Guillaume"				Guillelmus)		Paris_AN_JJ_inventaire_JJ37-50_index.xlsx#d1e148635																						
84776	Marie	Marie				"femme de Rogerin de Nogent"		Paris_AN_JJ_inventaire_JJ37-50_index.xlsx#d1e285812																						
84777	Marie	Marie				"femme de Thibaud le Maréchal"		Paris_AN_JJ_inventaire_JJ37-50_index.xlsx#d1e285827																						
84778	Marie	Marie				"fille de Baudouin de Rouy"		Paris_AN_JJ_inventaire_JJ37-50_index.xlsx#d1e285842																						
84779	Marie	Marie				"fille de Gaucher de Châtillon"		Paris_AN_JJ_inventaire_JJ37-50_index.xlsx#d1e285857																						
84780	Marie	Marie				"fille de Jean de Passy"		Paris_AN_JJ_inventaire_JJ37-50_index.xlsx#d1e285872																						
84781	Marie	Marie				"fille de Pierre Adourardi et d'Eudeline"		Paris_AN_JJ_inventaire_JJ37-50_index.xlsx#d1e285890																						
84782	Marie	Marie				"fille de Pierre le Pelletier et de Clémence"		Paris_AN_JJ_inventaire_JJ37-50_index.xlsx#d1e285906																						
84783	Marie	Marie				"fille de Renaud de Rouy"		Paris_AN_JJ_inventaire_JJ37-50_index.xlsx#d1e285921																						
84784	Marie	Marie				"fille d'Oudard Gonceaume de Villers, serve de Morienval"		Paris_AN_JJ_inventaire_JJ37-50_index.xlsx#d1e285936																						
84786	"Balu (Philippot)"	"Balu (Philippot)"						Paris_AN_JJ_inventaire_JJ37-50_index.xlsx#d1e148672																						
84787	Marie	Marie				"veuve de Simon de Melun"		Paris_AN_JJ_inventaire_JJ37-50_index.xlsx#d1e285962																						
84788	Marie	Marie				"veuve de Thierri Frétel"		Paris_AN_JJ_inventaire_JJ37-50_index.xlsx#d1e285973																						
84789	"Marie d'Artois"	"Marie d'Artois"				"femme de Jean de Flandre, comte de Namur"		Paris_AN_JJ_inventaire_JJ37-50_index.xlsx#d1e285989																						
84790	"Marie de Brabant"	"Marie de Brabant"				reine-mère		Paris_AN_JJ_inventaire_JJ37-50_index.xlsx#d1e286004																						
84791	"Marie de Brabant"	"Marie de Brabant"				"comtesse de Juliers"		Paris_AN_JJ_inventaire_JJ37-50_index.xlsx#d1e286069																						
84792	"Marie de Cerny"	"Marie de Cerny"						Paris_AN_JJ_inventaire_JJ37-50_index.xlsx#d1e286084																						
84793	"Marie de Chaintreaux"	"Marie de Chaintreaux"				"veuve de Jean de Vayres, puis femme de Jean de Rouvray"		Paris_AN_JJ_inventaire_JJ37-50_index.xlsx#d1e286099																						
84794	"Marie de Chambly"	"Marie de Chambly"				"femme d'Hugues II de Bouville"		Paris_AN_JJ_inventaire_JJ37-50_index.xlsx#d1e286114																						
84795	"Marie de Corrobert"	"Marie de Corrobert"						Paris_AN_JJ_inventaire_JJ37-50_index.xlsx#d1e286136																						
84796	"Marie de Cugny (soeur)"	"Marie de Cugny (soeur)"						Paris_AN_JJ_inventaire_JJ37-50_index.xlsx#d1e286151																						
84798	"Marie de Faverolles"	"Marie de Faverolles"				"femme de Jean de Marizy, son fils"		Paris_AN_JJ_inventaire_JJ37-50_index.xlsx#d1e286166																						
84799	"Marie de Flandre"	"Marie de Flandre"				"fiancée de Robert VII, comte d'Auvergne et de Boulogne"		Paris_AN_JJ_inventaire_JJ37-50_index.xlsx#d1e286181																						
84800	"Marie de Flandre"	"Marie de Flandre"				"mère d'Huguenin de Châteauvillain"		Paris_AN_JJ_inventaire_JJ37-50_index.xlsx#d1e286202																						
84801	"Marie de Fontaines"	"Marie de Fontaines"				"dame d'Haverskerque, femme de Jean, sire d'Haverskerque"		Paris_AN_JJ_inventaire_JJ37-50_index.xlsx#d1e286220																						
84802	"Marie de Hainaut"	"Marie de Hainaut"		Marie		"sœur de Guillaume, comte de Hainaut"		Paris_AN_JJ_inventaire_JJ37-50_index.xlsx#d1e286236|Paris_AN_JJ_inventaire_JJ37-50_index.xlsx#d1e285951																						
84803	"Marie de La Marche"	"Marie de La Marche"				"comtesse de Sancerre, femme d'Étienne II, comte de Sancerre"		Paris_AN_JJ_inventaire_JJ37-50_index.xlsx#d1e286254																						
84804	"Marie de Lanne"	"Marie de Lanne"				"héritière de Jean de Lanne"		Paris_AN_JJ_inventaire_JJ37-50_index.xlsx#d1e286278																						
84805	"Marie de Limoges"	"Marie de Limoges"				"mère du duc Jean III de Bretagne et de Gui de Bretagne"		Paris_AN_JJ_inventaire_JJ37-50_index.xlsx#d1e286293																						
84806	"Marie de Marigny"	"Marie de Marigny"				"nonne de Maubuisson"		Paris_AN_JJ_inventaire_JJ37-50_index.xlsx#d1e286308																						
84807	"Marie de Moret"	"Marie de Moret"				"femme de Mathieu de Trie"		Paris_AN_JJ_inventaire_JJ37-50_index.xlsx#d1e286323																						
84808	"Baranchin (Me Pierre)"	"Baranchin (Me Pierre)"				notaire		Paris_AN_JJ_inventaire_JJ37-50_index.xlsx#d1e148970																						
84809	"Marie de Mortagne"	"Marie de Mortagne"				"dame de Mortagne-du-Nord, châtelaine de Tournai"		Paris_AN_JJ_inventaire_JJ37-50_index.xlsx#d1e286345																						
84810	"Marie de Roucy"	"Marie de Roucy"				"veuve de Jean de Châteauvillain"		Paris_AN_JJ_inventaire_JJ37-50_index.xlsx#d1e286366																						
84811	"Marie de Sens"	"Marie de Sens"						Paris_AN_JJ_inventaire_JJ37-50_index.xlsx#d1e286384																						
84812	"Marie des Sars"	"Marie des Sars"						Paris_AN_JJ_inventaire_JJ37-50_index.xlsx#d1e286399																						
84813	"Marie de Tremblay"	"Marie de Tremblay"				"femme de Renaud Barbou"		Paris_AN_JJ_inventaire_JJ37-50_index.xlsx#d1e286417																						
84814	"Marie-Anne de La Salle"	"Marie-Anne de La Salle"				"veuve de Simon de Melun"		Paris_AN_JJ_inventaire_JJ37-50_index.xlsx#d1e286477																						
84815	Marien	Marien						Paris_AN_JJ_inventaire_JJ37-50_index.xlsx#d1e286492																						
84819	"Barasc (Arnaud)"	"Barasc (Arnaud)"				"chevalier du roi, viguier de Béziers"		Paris_AN_JJ_inventaire_JJ37-50_index.xlsx#d1e148985																						
84821	Maroie	Maroie						Paris_AN_JJ_inventaire_JJ37-50_index.xlsx#d1e287312																						
84822	Marote	Marote				"Marien ou Maroie, femme de Jean du Nuef-Markiet"		Paris_AN_JJ_inventaire_JJ37-50_index.xlsx#d1e287369																						
84823	"Marque (Jean)"	"Marque (Jean)"				"docteur ès lois, juge de Nîmes"		Paris_AN_JJ_inventaire_JJ37-50_index.xlsx#d1e287399																						
84824	"Marquès (Bernard)"	"Marquès (Bernard)"				"légiste du roi"		Paris_AN_JJ_inventaire_JJ37-50_index.xlsx#d1e287460																						
84825	"Marquès (Raimond)"	"Marquès (Raimond)"				"consul de Port-Sainte-Marie"		Paris_AN_JJ_inventaire_JJ37-50_index.xlsx#d1e287475																						
84826	Marquise	Marquise				"femme d'Arnaud de Durfort"		Paris_AN_JJ_inventaire_JJ37-50_index.xlsx#d1e287490																						
84830	"Barasc (Pierre)"	"Barasc (Pierre)"				"jadis habitant de Lalbenque"		Paris_AN_JJ_inventaire_JJ37-50_index.xlsx#d1e149007																						
84831	"Martel (Eustache)"	"Martel (Eustache)"						Paris_AN_JJ_inventaire_JJ37-50_index.xlsx#d1e287664																						
84832	"Martial (Jacques)"	"Martial (Jacques)"				"recteur de l'église paroissiale de Saint-André de Fons"		Paris_AN_JJ_inventaire_JJ37-50_index.xlsx#d1e287694																						
84834	"Martin (Bernard)"	"Martin (Bernard)"						Paris_AN_JJ_inventaire_JJ37-50_index.xlsx#d1e287745																						
84835	"Martin (Élie)"	"Martin (Élie)"						Paris_AN_JJ_inventaire_JJ37-50_index.xlsx#d1e287760																						
84836	"Martin (Guilhem)"	"Martin (Guilhem)"						Paris_AN_JJ_inventaire_JJ37-50_index.xlsx#d1e287775																						
84837	"Martin (Me Guillaume)"	"Martin (Me Guillaume)"				"chanoine de Meaux"		Paris_AN_JJ_inventaire_JJ37-50_index.xlsx#d1e287790																						
84838	"Martin (Pierre)"	"Martin (Pierre)"						Paris_AN_JJ_inventaire_JJ37-50_index.xlsx#d1e287805																						
84839	"Martin (Pierre)"	"Martin (Pierre)"				"de Carmaux, notaire public de Toulouse et de la Cour du viguier"		Paris_AN_JJ_inventaire_JJ37-50_index.xlsx#d1e287817																						
84840	"Martin IV"	"Martin IV"				pape		Paris_AN_JJ_inventaire_JJ37-50_index.xlsx#d1e287832																						
84841	"Barat (Jean)"	"Barat (Jean)"				"clerc du roi"		Paris_AN_JJ_inventaire_JJ37-50_index.xlsx#d1e149022																						
84842	Martin	Martin				"seigneur du manoir de Malou, chevalier"		Paris_AN_JJ_inventaire_JJ37-50_index.xlsx#d1e287847																						
84843	"Martin de Bachambre"	"Martin de Bachambre"						Paris_AN_JJ_inventaire_JJ37-50_index.xlsx#d1e287887																						
84844	"Martin de Crépon (Me)"	"Martin de Crépon (Me)"				"clerc du roi"		Paris_AN_JJ_inventaire_JJ37-50_index.xlsx#d1e287903																						
84845	"Martin de Grossolles (Me)"	"Martin de Grossolles (Me)"				"procureur du roi dans la sénéchaussée de Périgord et Quercy"		Paris_AN_JJ_inventaire_JJ37-50_index.xlsx#d1e288015																						
84846	"Martin des Essarts"	"Martin des Essarts"		"Martinus de Essartis"		"Martinus de Essartis, bourgeois de Rouen"		Paris_AN_JJ_inventaire_JJ37-50_index.xlsx#d1e288033																						
84847	Martine	Martine				"soeur de Guillaume de Ricarville"		Paris_AN_JJ_inventaire_JJ37-50_index.xlsx#d1e288109																						
84848	"Martino da Lucca"	"Martino da Lucca"				"procureur de la communauté des marchands de Milan, citoyen et marchand de Milan"		Paris_AN_JJ_inventaire_JJ37-50_index.xlsx#d1e288154																						
84849	"Martinus de Essartis"	"Martinus de Essartis"						Paris_AN_JJ_inventaire_JJ37-50_index.xlsx#d1e288175																						
84853	"Masier (Guilhem)"	"Masier (Guilhem)"				"sergent du roi"		Paris_AN_JJ_inventaire_JJ37-50_index.xlsx#d1e288399																						
84855	"Matfre II de Castelnau"	"Matfre II de Castelnau"				donzel		Paris_AN_JJ_inventaire_JJ37-50_index.xlsx#d1e288518																						
84857	"Matheus de Tria"	"Matheus de Tria"						Paris_AN_JJ_inventaire_JJ37-50_index.xlsx#d1e288546																						
84858	"Matheus Mauconduit"	"Matheus Mauconduit"				"corr. Michael Mauconduit et"		Paris_AN_JJ_inventaire_JJ37-50_index.xlsx#d1e288557																						
84859	"Mathias de Lamballe"	"Mathias de Lamballe"				"chanoine d'Antoing"		Paris_AN_JJ_inventaire_JJ37-50_index.xlsx#d1e288569																						
84860	"Mathie (Me)"	"Mathie (Me)"				"chantre de l'église de Beauvais"		Paris_AN_JJ_inventaire_JJ37-50_index.xlsx#d1e288584																						
84861	Mathieu	Mathieu				"abbé de Gimont"		Paris_AN_JJ_inventaire_JJ37-50_index.xlsx#d1e288599																						
84862	"Mathieu III"	"Mathieu III"				"comte de Beaumont-sur-Oise"		Paris_AN_JJ_inventaire_JJ37-50_index.xlsx#d1e288614																						
84863	"Afagim (d'en), Bonafos et Davin"	"Afagim (d'en), Bonafos et Davin"				"Davin d'en), juifs"	"surnom signifiant interprète"	Paris_AN_JJ_inventaire_JJ37-50_index.xlsx#d1e133184																						
84864	"Barbarin (Jean)"	"Barbarin (Jean)"				"bourgeois d'Issoudun"		Paris_AN_JJ_inventaire_JJ37-50_index.xlsx#d1e149069																						
84865	Mathieu	Mathieu				"frère de Baudouin de Caumont"		Paris_AN_JJ_inventaire_JJ37-50_index.xlsx#d1e288629																						
84866	"Mathieu de Caumont"	"Mathieu de Caumont"						Paris_AN_JJ_inventaire_JJ37-50_index.xlsx#d1e288671																						
84867	"Mathieu de Courjumelles (Me) juge ordinaire de Cahors"	"Mathieu de Courjumelles (Me) juge ordinaire de Cahors"						Paris_AN_JJ_inventaire_JJ37-50_index.xlsx#d1e288686																						
84868	"Mathieu de Crépon"	"Mathieu de Crépon"						Paris_AN_JJ_inventaire_JJ37-50_index.xlsx#d1e288701																						
84869	"Mathieu de Lamancine (Me)"	"Mathieu de Lamancine (Me)"				"procureur du roi dans la sénéchaussée de Beaucaire et Nîmes"		Paris_AN_JJ_inventaire_JJ37-50_index.xlsx#d1e288716																						
84870	"Mathieu de Mirobea"	"Mathieu de Mirobea"				"bourgeois de Dax"		Paris_AN_JJ_inventaire_JJ37-50_index.xlsx#d1e288743																						
84871	"Mathieu de Saint-Bavon"	"Mathieu de Saint-Bavon"				"bourgeois de Gand, sa veuve"		Paris_AN_JJ_inventaire_JJ37-50_index.xlsx#d1e288759																						
84872	"Mathieu des Essarts"	"Mathieu des Essarts"				"évêque d'Évreux"		Paris_AN_JJ_inventaire_JJ37-50_index.xlsx#d1e288774																						
84873	"Mathieu de Trie"	"Mathieu de Trie"				"Matheus de Tria, chambellan de France, chevalier du Roi, sire de Fontenay"		Paris_AN_JJ_inventaire_JJ37-50_index.xlsx#d1e288792																						
84874	"Mathieu de Varennes"	"Mathieu de Varennes"				"chevalier du roi"		Paris_AN_JJ_inventaire_JJ37-50_index.xlsx#d1e288842																						
84875	"Barbe (Jean)"	"Barbe (Jean)"						Paris_AN_JJ_inventaire_JJ37-50_index.xlsx#d1e149084																						
84876	"Mathieu du Port"	"Mathieu du Port"						Paris_AN_JJ_inventaire_JJ37-50_index.xlsx#d1e288869																						
84877	"Mathieu fils Sohier"	"Mathieu fils Sohier"						Paris_AN_JJ_inventaire_JJ37-50_index.xlsx#d1e288880																						
84878	Mathilde	Mathilde				"impératrice, mère du roi Henri II d'Angleterre"		Paris_AN_JJ_inventaire_JJ37-50_index.xlsx#d1e288947																						
84879	Mathilde	Mathilde				"reine d'Angleterre"	"femme de Guillaume le Conquérant"	Paris_AN_JJ_inventaire_JJ37-50_index.xlsx#d1e288963																						
84880	"Matifas (Simon) de Bucy"	"Matifas (Simon) de Bucy"				"évêque de Paris"		Paris_AN_JJ_inventaire_JJ37-50_index.xlsx#d1e288993																						
84883	"Mauclerc (Othelin)"	"Mauclerc (Othelin)"				"valet des étables du roi"		Paris_AN_JJ_inventaire_JJ37-50_index.xlsx#d1e289449																						
84884	"Mauconduit (Guillaume)"	"Mauconduit (Guillaume)"				"chevalier, vicomte de Blosseville-sur-Mer"		Paris_AN_JJ_inventaire_JJ37-50_index.xlsx#d1e289482																						
84886	"Barbel (Me Bernard)"	"Barbel (Me Bernard)"				"docteur ès lois"		Paris_AN_JJ_inventaire_JJ37-50_index.xlsx#d1e149124																						
84887	"Mauger (Robert)"	"Mauger (Robert)"				"jadis bailli de Touraine ou Tours"		Paris_AN_JJ_inventaire_JJ37-50_index.xlsx#d1e289577																						
84889	"Maulconduit (Michael)"	"Maulconduit (Michael)"						Paris_AN_JJ_inventaire_JJ37-50_index.xlsx#d1e289657																						
84891	"Maupoint (Nicolas)"	"Maupoint (Nicolas)"				"bourgeois de Coutances"		Paris_AN_JJ_inventaire_JJ37-50_index.xlsx#d1e289806																						
84894	"Maurice (Pierre)"	"Maurice (Pierre)"				"chevalier du roi"		Paris_AN_JJ_inventaire_JJ37-50_index.xlsx#d1e290000																						
84895	"Maurin (Arnaud)"	"Maurin (Arnaud)"				"de Montcuq, son fils"		Paris_AN_JJ_inventaire_JJ37-50_index.xlsx#d1e290016																						
84896	"Maurin (Me Guilhem)"	"Maurin (Me Guilhem)"				"notaire royal de Carcassonne"		Paris_AN_JJ_inventaire_JJ37-50_index.xlsx#d1e290031																						
84897	"Barbet (Geoffroi)"	"Barbet (Geoffroi)"						Paris_AN_JJ_inventaire_JJ37-50_index.xlsx#d1e149139																						
84898	"Maurin (Guilhem)"	"Maurin (Guilhem)"				"pareur de Béziers"		Paris_AN_JJ_inventaire_JJ37-50_index.xlsx#d1e290049																						
84899	"Mauroux (Guilhem)"	"Mauroux (Guilhem)"				"de Peyrusse-le-Roc"		Paris_AN_JJ_inventaire_JJ37-50_index.xlsx#d1e290064																						
84901	"Mauvoisin (Gui II)"	"Mauvoisin (Gui II)"				"chevalier de la comtesse Emma d'Alençon"		Paris_AN_JJ_inventaire_JJ37-50_index.xlsx#d1e290157																						
84903	"Maynade (Pons)"	"Maynade (Pons)"						Paris_AN_JJ_inventaire_JJ37-50_index.xlsx#d1e290310																						
84904	"Maynart (Guilhem)"	"Maynart (Guilhem)"				"bourgeois et régent du consulat de Narbonne"		Paris_AN_JJ_inventaire_JJ37-50_index.xlsx#d1e290325																						
84905	"Mayr Ben Bonjusas Bonisach"	"Mayr Ben Bonjusas Bonisach"						Paris_AN_JJ_inventaire_JJ37-50_index.xlsx#d1e290355																						
84906	"Mazalan (Raimond)"	"Mazalan (Raimond)"				"notaire public royal"		Paris_AN_JJ_inventaire_JJ37-50_index.xlsx#d1e290378																						
84908	"Barbette (Étienne)"	"Barbette (Étienne)"				"bourgeois de Paris"		Paris_AN_JJ_inventaire_JJ37-50_index.xlsx#d1e149154																						
84911	"Mège (Raimond)"	"Mège (Raimond)"				légiste		Paris_AN_JJ_inventaire_JJ37-50_index.xlsx#d1e290995																						
84912	"Méline (Jeanne)"	"Méline (Jeanne)"				"de Montmorillon"		Paris_AN_JJ_inventaire_JJ37-50_index.xlsx#d1e291097																						
84913	Mélissende	Mélissende				"femme de Hugues de Gournay"		Paris_AN_JJ_inventaire_JJ37-50_index.xlsx#d1e291112																						
84915	"Ménager (Me Jean)"	"Ménager (Me Jean)"				"de Corbeil"		Paris_AN_JJ_inventaire_JJ37-50_index.xlsx#d1e291775																						
84916	"Menaud de Claveta ou Clavata"	"Menaud de Claveta ou Clavata"						Paris_AN_JJ_inventaire_JJ37-50_index.xlsx#d1e291790																						
84917	"Menaud de Piis"	"Menaud de Piis"				"père de Rose, femme de Bertrand de Lamothe"		Paris_AN_JJ_inventaire_JJ37-50_index.xlsx#d1e291817																						
84918	"Menessier du Mouchel"	"Menessier du Mouchel"				écuyer		Paris_AN_JJ_inventaire_JJ37-50_index.xlsx#d1e291941																						
84919	"Barbou (Renaud)"	"Barbou (Renaud)"						Paris_AN_JJ_inventaire_JJ37-50_index.xlsx#d1e149180																						
84924	"Mercier (Jacques)"	"Mercier (Jacques)"				"de Toulouse"		Paris_AN_JJ_inventaire_JJ37-50_index.xlsx#d1e292141																						
84926	"Merooal de Nitendert"	"Merooal de Nitendert"						Paris_AN_JJ_inventaire_JJ37-50_index.xlsx#d1e292326																						
84929	"Meschin (Me Guillaume)"	"Meschin (Me Guillaume)"				"clerc du roi"		Paris_AN_JJ_inventaire_JJ37-50_index.xlsx#d1e292508																						
84930	"Barbou le jeune"	"Barbou le jeune"						Paris_AN_JJ_inventaire_JJ37-50_index.xlsx#d1e149199																						
84934	"Mestre (Me Arnaud)"	"Mestre (Me Arnaud)"				"de Toulouse"		Paris_AN_JJ_inventaire_JJ37-50_index.xlsx#d1e292781																						
84941	"Barbou (jadis)"	"Barbou (jadis)"				"prévôt de Paris (jadis)"	"le vieux"	Paris_AN_JJ_inventaire_JJ37-50_index.xlsx#d1e149226																						
84942	"Michael de Bordeneto (magister)"	"Michael de Bordeneto (magister)"				"Bourdeneto (magister)"		Paris_AN_JJ_inventaire_JJ37-50_index.xlsx#d1e293289																						
84943	"Michael de Maloconductu"	"Michael de Maloconductu"						Paris_AN_JJ_inventaire_JJ37-50_index.xlsx#d1e293300																						
84944	"Michael Mauconduit"	"Michael Mauconduit"				Maulconduit		Paris_AN_JJ_inventaire_JJ37-50_index.xlsx#d1e293311																						
84945	"Michaelis (Trifone)"	"Michaelis (Trifone)"				"citoyen de Kotor, ambassadeur d'Ourosch, roi de Serbie"		Paris_AN_JJ_inventaire_JJ37-50_index.xlsx#d1e293322																						
84946	"Michel (Barthélemi)"	"Michel (Barthélemi)"				"boucher de Saint-Antonin"		Paris_AN_JJ_inventaire_JJ37-50_index.xlsx#d1e293349																						
84947	"Michel (Gilles)"	"Michel (Gilles)"				"valet du roi"		Paris_AN_JJ_inventaire_JJ37-50_index.xlsx#d1e293364																						
84948	"Michel (Guilhem)"	"Michel (Guilhem)"				"de Cahors"		Paris_AN_JJ_inventaire_JJ37-50_index.xlsx#d1e293379																						
84949	"Michel (Pons)"	"Michel (Pons)"						Paris_AN_JJ_inventaire_JJ37-50_index.xlsx#d1e293394																						
84950	"Michel Paléologue"	"Michel Paléologue"				"empereur grec de Constantinople"		Paris_AN_JJ_inventaire_JJ37-50_index.xlsx#d1e293409																						
84951	"Michel d'Aumesnil"	"Michel d'Aumesnil"						Paris_AN_JJ_inventaire_JJ37-50_index.xlsx#d1e293450																						
84952	"Bard (Guilhem)"	"Bard (Guilhem)"				"charpentier de Négrepelisse"		Paris_AN_JJ_inventaire_JJ37-50_index.xlsx#d1e149241																						
84953	"Michel de Bourdenay (Me)"	"Michel de Bourdenay (Me)"		"Bordeneto (Michaelem de)"		"Michael de Bordeneto, Bourdeneto, clerc du roi, maître-clerc des Comptes, chanoine de Meaux"		Paris_AN_JJ_inventaire_JJ37-50_index.xlsx#d1e293465																						
84954	"Michel d'Elnes dit le Juif de Ruitz"	"Michel d'Elnes dit le Juif de Ruitz"				"ou Michel de Ruitz-Lens, chevalier, commissaire du roi"		Paris_AN_JJ_inventaire_JJ37-50_index.xlsx#d1e293505																						
84955	"Michel de Loucelles"	"Michel de Loucelles"						Paris_AN_JJ_inventaire_JJ37-50_index.xlsx#d1e293520																						
84956	"Michel de Morienval"	"Michel de Morienval"				"chanoine de Laon"		Paris_AN_JJ_inventaire_JJ37-50_index.xlsx#d1e293535																						
84957	"Michel de Ruitz-Lens"	"Michel de Ruitz-Lens"						Paris_AN_JJ_inventaire_JJ37-50_index.xlsx#d1e293551																						
84958	"Michel de Viviers"	"Michel de Viviers"				"ses héritiers"		Paris_AN_JJ_inventaire_JJ37-50_index.xlsx#d1e293562																						
84959	"Michel du Coudray"	"Michel du Coudray"				"chanoine de Noyon"		Paris_AN_JJ_inventaire_JJ37-50_index.xlsx#d1e293577																						
84960	"Michel du Mauconduit"	"Michel du Mauconduit"		"Michael de Maloconductu"				Paris_AN_JJ_inventaire_JJ37-50_index.xlsx#d1e293595																						
84961	Michelone	Michelone				"fille de Jean de Vilaine, religieuse de Fontaine-Guérard"		Paris_AN_JJ_inventaire_JJ37-50_index.xlsx#d1e293662																						
84963	"Bardilly (Jean)"	"Bardilly (Jean)"				"prévôt d'Yèvre-le-Châtel"		Paris_AN_JJ_inventaire_JJ37-50_index.xlsx#d1e149332																						
84964	"Mileçon de Menoncourt"	"Mileçon de Menoncourt"				"ses hoirs"		Paris_AN_JJ_inventaire_JJ37-50_index.xlsx#d1e293732																						
84965	"Miles X"	"Miles X"				"seigneur de Noyers, chevalier du roi"		Paris_AN_JJ_inventaire_JJ37-50_index.xlsx#d1e293747																						
84966	"Miles de Bazoches"	"Miles de Bazoches"				"évêque de Soissons"		Paris_AN_JJ_inventaire_JJ37-50_index.xlsx#d1e293768																						
84967	"Miles de Curigny"	"Miles de Curigny"				"abbé de Saint-Martin-de-Laon"		Paris_AN_JJ_inventaire_JJ37-50_index.xlsx#d1e293783																						
84968	"Miles de Léchelle"	"Miles de Léchelle"				"clerc juré du roi à Provins"		Paris_AN_JJ_inventaire_JJ37-50_index.xlsx#d1e293798																						
84969	"Miles de Valence"	"Miles de Valence"				"chevalier, sa veuve"		Paris_AN_JJ_inventaire_JJ37-50_index.xlsx#d1e293817																						
84970	"Milet (Guillaume)"	"Milet (Guillaume)"						Paris_AN_JJ_inventaire_JJ37-50_index.xlsx#d1e293832																						
84971	"Millet (Guillot)"	"Millet (Guillot)"				"sergent de la forêt royale de Brix"		Paris_AN_JJ_inventaire_JJ37-50_index.xlsx#d1e293934																						
84972	"Milon de Galata"	"Milon de Galata"				"chevalier de l'empereur Baudouin II de Courtenay"		Paris_AN_JJ_inventaire_JJ37-50_index.xlsx#d1e294077																						
84973	"Milon de Ronchaux"	"Milon de Ronchaux"						Paris_AN_JJ_inventaire_JJ37-50_index.xlsx#d1e294092																						
84974	"Abraham de Thézan"	"Abraham de Thézan"				"juif de Béziers"		Paris_AN_JJ_inventaire_JJ37-50_index.xlsx#d1e132285																						
84975	"Bertrand Agasse"	"Bertrand Agasse"		"Bertrand Agace"				Paris_AN_JJ_inventaire_JJ37-50_index.xlsx#d1e133200																						
84976	"Bardin de Rabastens ? (Me)"	"Bardin de Rabastens ? (Me)"						Paris_AN_JJ_inventaire_JJ37-50_index.xlsx#d1e149347																						
84977	"Minard (Renaud)"	"Minard (Renaud)"				"de Missy, garde local des biens du Temple"		Paris_AN_JJ_inventaire_JJ37-50_index.xlsx#d1e294107																						
84979	"Mingot du Merle"	"Mingot du Merle"				"chevalier du roi"		Paris_AN_JJ_inventaire_JJ37-50_index.xlsx#d1e294222																						
84987	"Bardins (Guillaume)"	"Bardins (Guillaume)"				"chanoine de Reims"		Paris_AN_JJ_inventaire_JJ37-50_index.xlsx#d1e149358																						
84988	"Moigne (Guillaume)"	"Moigne (Guillaume)"				"chevalier anglais"		Paris_AN_JJ_inventaire_JJ37-50_index.xlsx#d1e294578																						
84989	"Molinier (Bernard)"	"Molinier (Bernard)"				"baile royal de Narbonne"		Paris_AN_JJ_inventaire_JJ37-50_index.xlsx#d1e294747																						
84990	"Molinier (Sicard)"	"Molinier (Sicard)"				"habitant du château de Brusque"		Paris_AN_JJ_inventaire_JJ37-50_index.xlsx#d1e294762																						
84998	"Bardinus Rebastensis (magister)"	"Bardinus Rebastensis (magister)"					"Bardin de Rabastens?"	Paris_AN_JJ_inventaire_JJ37-50_index.xlsx#d1e149373																						
85016	Montana	Montana				"fille et héritière de Raimond-Arnaud de Maisonneuve"		Paris_AN_JJ_inventaire_JJ37-50_index.xlsx#d1e296024																						
85020	"Baril (Jean)"	"Baril (Jean)"						Paris_AN_JJ_inventaire_JJ37-50_index.xlsx#d1e149461																						
85031	"Bario (Guillaume)"	"Bario (Guillaume)"				justicié		Paris_AN_JJ_inventaire_JJ37-50_index.xlsx#d1e149476																						
85051	"Morati (Me Pierre)"	"Morati (Me Pierre)"				"notaire, de Ribouisse"		Paris_AN_JJ_inventaire_JJ37-50_index.xlsx#d1e299854																						
85053	"Barmond (Jean)"	"Barmond (Jean)"				"garde du sceau de la prévôté d'Issoudun"		Paris_AN_JJ_inventaire_JJ37-50_index.xlsx#d1e149527																						
85054	"Moreau (André)"	"Moreau (André)"						Paris_AN_JJ_inventaire_JJ37-50_index.xlsx#d1e299895																						
85055	"Moreau d'Eu"	"Moreau d'Eu"				"juif de la reine Marie de Brabant"		Paris_AN_JJ_inventaire_JJ37-50_index.xlsx#d1e299910																						
85056	Morel	Morel				juif		Paris_AN_JJ_inventaire_JJ37-50_index.xlsx#d1e299959																						
85062	"Morrati (Pons)"	"Morrati (Pons)"				"du château de Gignac"		Paris_AN_JJ_inventaire_JJ37-50_index.xlsx#d1e300551																						
85063	"Morsiaus (Jean)"	"Morsiaus (Jean)"				"de Nemours"		Paris_AN_JJ_inventaire_JJ37-50_index.xlsx#d1e300581																						
85064	"Barnesii (Pierre)"	"Barnesii (Pierre)"						Paris_AN_JJ_inventaire_JJ37-50_index.xlsx#d1e149566																						
85069	"Mossé de Capestang"	"Mossé de Capestang"				juif		Paris_AN_JJ_inventaire_JJ37-50_index.xlsx#d1e301010																						
85070	"Motel (Étienne)"	"Motel (Étienne)"				"clerc du roi"	"personnage différent du suivant"	Paris_AN_JJ_inventaire_JJ37-50_index.xlsx#d1e301047																						
85071	"Motel (Me Étienne)"	"Motel (Me Étienne)"				"clerc du roi, magister Stephanus Motelli, clericus regis"		Paris_AN_JJ_inventaire_JJ37-50_index.xlsx#d1e301063																						
85072	"Motel (Me Jean)"	"Motel (Me Jean)"				"héritier du précédent"		Paris_AN_JJ_inventaire_JJ37-50_index.xlsx#d1e301090																						
85073	"Motelli (magister Stephanus)"	"Motelli (magister Stephanus)"						Paris_AN_JJ_inventaire_JJ37-50_index.xlsx#d1e301105																						
85083	"Mourel (Étienne)"	"Mourel (Étienne)"				"notaire de La Roque-Vaizergue"		Paris_AN_JJ_inventaire_JJ37-50_index.xlsx#d1e301692																						
85084	"Mourgue (Bertrand)"	"Mourgue (Bertrand)"				"donzel, seigneur de Candillargues"		Paris_AN_JJ_inventaire_JJ37-50_index.xlsx#d1e301718																						
85086	"Isarn Agambaut"	"Isarn Agambaut"				"de Lavaur"		Paris_AN_JJ_inventaire_JJ37-50_index.xlsx#d1e133211																						
85087	"Barrau (Guilhem)"	"Barrau (Guilhem)"						Paris_AN_JJ_inventaire_JJ37-50_index.xlsx#d1e149647																						
85088	"Mouton (Jean)"	"Mouton (Jean)"				"l'aîné et le cadet, frères"		Paris_AN_JJ_inventaire_JJ37-50_index.xlsx#d1e301908																						
85089	"Mouton (frère Thomas)"	"Mouton (frère Thomas)"				"précepteur de la maison de Rampillon"		Paris_AN_JJ_inventaire_JJ37-50_index.xlsx#d1e301923																						
85092	"Mulet (Pierre)"	"Mulet (Pierre)"				chevalier		Paris_AN_JJ_inventaire_JJ37-50_index.xlsx#d1e302043																						
85093	"Mulet (Thibaud)"	"Mulet (Thibaud)"				"juge ordinaire de Verdun-sur-Garonne"		Paris_AN_JJ_inventaire_JJ37-50_index.xlsx#d1e302058																						
85096	"Musciatto (ser)"	"Musciatto (ser)"						Paris_AN_JJ_inventaire_JJ37-50_index.xlsx#d1e302322																						
85098	"Barrau (P.)"	"Barrau (P.)"				"moine de Fontfroide"		Paris_AN_JJ_inventaire_JJ37-50_index.xlsx#d1e149662																						
85106	Navarra	Navarra				"dame de Laheuguère"		Paris_AN_JJ_inventaire_JJ37-50_index.xlsx#d1e303735																						
85107	"Navarre (Raoul)"	"Navarre (Raoul)"				"de Fismes, prêtre établi à recevoir les convenances en la prévôté du lieu"		Paris_AN_JJ_inventaire_JJ37-50_index.xlsx#d1e304102																						
85109	"Barrelier (Pierre)"	"Barrelier (Pierre)"				"clerc du roi, notaire public du sceau royal à La Rochelle"		Paris_AN_JJ_inventaire_JJ37-50_index.xlsx#d1e149677																						
85110	"Navarres (Vidal)"	"Navarres (Vidal)"				juif		Paris_AN_JJ_inventaire_JJ37-50_index.xlsx#d1e304128																						
85111	"Nayet (Aubri)"	"Nayet (Aubri)"				"sergent royal de la forêt du Trait"		Paris_AN_JJ_inventaire_JJ37-50_index.xlsx#d1e304159																						
85112	Nazarea	Nazarea				"soror Guillelmi et Guidonis"	"fille d'Isabelle, dame de Villefargeau"	Paris_AN_JJ_inventaire_JJ37-50_index.xlsx#d1e304174																						
85114	"Néel (Philippe)"	"Néel (Philippe)"						Paris_AN_JJ_inventaire_JJ37-50_index.xlsx#d1e304282																						
85115	"Nègre (Gaillard)"	"Nègre (Gaillard)"				"sergent d'armes du roi"		Paris_AN_JJ_inventaire_JJ37-50_index.xlsx#d1e304308																						
85120	"Barrerii (P.)"	"Barrerii (P.)"						Paris_AN_JJ_inventaire_JJ37-50_index.xlsx#d1e149693																						
85124	"Neveu (Richard)"	"Neveu (Richard)"				"corr. et"		Paris_AN_JJ_inventaire_JJ37-50_index.xlsx#d1e305660																						
85125	Nicaisot	Nicaisot				"fils de Jean le Veneur le Jeune"		Paris_AN_JJ_inventaire_JJ37-50_index.xlsx#d1e305742																						
85126	"Niccoló (ser) del fú"	"Niccoló (ser) del fú"				"ser Guido de Franzesi"		Paris_AN_JJ_inventaire_JJ37-50_index.xlsx#d1e305776																						
85127	"Nicolai (Me Bernard)"	"Nicolai (Me Bernard)"				"notaire de Narbonne"		Paris_AN_JJ_inventaire_JJ37-50_index.xlsx#d1e305787																						
85128	"Nicolaï (Pons)"	"Nicolaï (Pons)"				notaire		Paris_AN_JJ_inventaire_JJ37-50_index.xlsx#d1e305802																						
85129	"Nicolas (Durand)"	"Nicolas (Durand)"				"physicien de Clermont en Auvergne"		Paris_AN_JJ_inventaire_JJ37-50_index.xlsx#d1e305817																						
85130	"Nicolas (Guillaume)"	"Nicolas (Guillaume)"				"ses héritiers"		Paris_AN_JJ_inventaire_JJ37-50_index.xlsx#d1e305835																						
85131	"Raimond Barrian (Me)"	"Raimond Barrian (Me)"				"Bernard et Me Raimond Barrian"		Paris_AN_JJ_inventaire_JJ37-50_index.xlsx#d1e149758																						
85132	"Nicolas (Jean)"	"Nicolas (Jean)"						Paris_AN_JJ_inventaire_JJ37-50_index.xlsx#d1e305850																						
85133	"Nicolas (saint)"	"Nicolas (saint)"				pape		Paris_AN_JJ_inventaire_JJ37-50_index.xlsx#d1e305866																						
85134	Nicolas	Nicolas				"fils de Jean de Marizy et Marie de Faverolles, homme de corps du roi"		Paris_AN_JJ_inventaire_JJ37-50_index.xlsx#d1e305881																						
85135	Nicolas	Nicolas				"fils du suivant"		Paris_AN_JJ_inventaire_JJ37-50_index.xlsx#d1e305896																						
85136	"Nicolas V"	"Nicolas V"				"seigneur de Rumigny et de Château-Porcien"		Paris_AN_JJ_inventaire_JJ37-50_index.xlsx#d1e305911																						
85137	"Nicolas d'Artois"	"Nicolas d'Artois"				"clerc notaire du roi au Châtelet de Paris"		Paris_AN_JJ_inventaire_JJ37-50_index.xlsx#d1e305971																						
85138	"Nicolas d'Auxelles"	"Nicolas d'Auxelles"						Paris_AN_JJ_inventaire_JJ37-50_index.xlsx#d1e305986																						
85139	"Nicolas de Brécey (Me)"	"Nicolas de Brécey (Me)"						Paris_AN_JJ_inventaire_JJ37-50_index.xlsx#d1e306001																						
85140	"Nicolas de Canon"	"Nicolas de Canon"						Paris_AN_JJ_inventaire_JJ37-50_index.xlsx#d1e306016																						
85141	"Nicolas de Cresci (Me)"	"Nicolas de Cresci (Me)"				"chanoine de Péomne"		Paris_AN_JJ_inventaire_JJ37-50_index.xlsx#d1e306032																						
85142	"Barrier (Me Pierre)"	"Barrier (Me Pierre)"				"Barrier, P. Barrer, P. Barrerii, notaire du roi, signatures et mentions diverses"		Paris_AN_JJ_inventaire_JJ37-50_index.xlsx#d1e149774																						
85143	"Nicolas de Ermenonvilla"	"Nicolas de Ermenonvilla"		"Nicolas de Hemenovilla"		"Hemenovilla, Hermeno(n)villa, receveur du roi dans la sénéchaussée de Rouergue"		Paris_AN_JJ_inventaire_JJ37-50_index.xlsx#d1e306047																						
85144	"Nicolas de Janville"	"Nicolas de Janville"				"chevalier du roi"		Paris_AN_JJ_inventaire_JJ37-50_index.xlsx#d1e306092																						
85145	"Nicolas de La Vente"	"Nicolas de La Vente"				"fils aîné d'Hubert de La Vente"		Paris_AN_JJ_inventaire_JJ37-50_index.xlsx#d1e306107																						
85146	"Nicolas de Luzarches"	"Nicolas de Luzarches"				"prévôt d'Auvers, clerc du roi, commissaire aux francs-fiefs et nouveaux acquêts, enquêteur-réformateur"		Paris_AN_JJ_inventaire_JJ37-50_index.xlsx#d1e306122																						
85147	"Nicolas de Malassise"	"Nicolas de Malassise"				"jardinier royal de Fontainebleau"		Paris_AN_JJ_inventaire_JJ37-50_index.xlsx#d1e306184																						
85148	"Nicolas de Mez"	"Nicolas de Mez"				"chevalier du roi"		Paris_AN_JJ_inventaire_JJ37-50_index.xlsx#d1e306200																						
85149	"Nicolas de Pacy"	"Nicolas de Pacy"						Paris_AN_JJ_inventaire_JJ37-50_index.xlsx#d1e306215																						
85150	"Nicolas de Pont-Audemer"	"Nicolas de Pont-Audemer"				"Nicolaus de Ponte Audomari ou Audemali"		Paris_AN_JJ_inventaire_JJ37-50_index.xlsx#d1e306230																						
85151	"Nicolas de Rosay notaire au Châtelet"	"Nicolas de Rosay  notaire au Châtelet"						Paris_AN_JJ_inventaire_JJ37-50_index.xlsx#d1e306275																						
85152	"Nicolas de Tour"	"Nicolas de Tour"						Paris_AN_JJ_inventaire_JJ37-50_index.xlsx#d1e306290																						
85153	"Barrière (Guillaume)"	"Barrière (Guillaume)"				chevalier		Paris_AN_JJ_inventaire_JJ37-50_index.xlsx#d1e149982																						
85154	"Nicolas de Tournai"	"Nicolas de Tournai"				"juge du grand sceau royal de la sénéchaussée de Toulouse"		Paris_AN_JJ_inventaire_JJ37-50_index.xlsx#d1e306308																						
85155	"Nicolas de Villers"	"Nicolas de Villers"				"ses hoirs"		Paris_AN_JJ_inventaire_JJ37-50_index.xlsx#d1e306324																						
85156	"Nicolas de Villers"	"Nicolas de Villers"				"bailli de Cotentin, commissaire aux nouveaux acquêts dans le bailliage"		Paris_AN_JJ_inventaire_JJ37-50_index.xlsx#d1e306342																						
85157	"Nicolas d'Hautot"	"Nicolas d'Hautot"				chevalier		Paris_AN_JJ_inventaire_JJ37-50_index.xlsx#d1e306357																						
85158	"Nicolas d'Orléans"	"Nicolas d'Orléans"				"valet du roi et bourgeois de Paris"		Paris_AN_JJ_inventaire_JJ37-50_index.xlsx#d1e306372																						
85159	"Nicolaus de Ponte Audemali ou Audomari"	"Nicolaus de Ponte Audemali ou Audomari"						Paris_AN_JJ_inventaire_JJ37-50_index.xlsx#d1e306510																						
85160	"Nicolaus dictus la Fille"	"Nicolaus dictus la Fille"						Paris_AN_JJ_inventaire_JJ37-50_index.xlsx#d1e306521																						
85161	Nicole	Nicole				"femme de Guillaume d'Évreux"		Paris_AN_JJ_inventaire_JJ37-50_index.xlsx#d1e306548																						
85162	Nicole	Nicole				"fille de Baudouin de Rouy"		Paris_AN_JJ_inventaire_JJ37-50_index.xlsx#d1e306563																						
85163	"Nicole de Noisy (Me)"	"Nicole de Noisy (Me)"				"clerc du comte Robert de Clermont"		Paris_AN_JJ_inventaire_JJ37-50_index.xlsx#d1e306578																						
85170	"Noël (Jean)"	"Noël (Jean)"				"ses fils"		Paris_AN_JJ_inventaire_JJ37-50_index.xlsx#d1e307251																						
85171	"Noël (Jean)"	"Noël (Jean)"				"garde du sceau de la prévôté de Moret"		Paris_AN_JJ_inventaire_JJ37-50_index.xlsx#d1e307266																						
85172	"Noël (Richard)"	"Noël (Richard)"				"sommelier de l'Échansonnerie"		Paris_AN_JJ_inventaire_JJ37-50_index.xlsx#d1e307281																						
85173	"Noël (Robert)"	"Noël (Robert)"				"du Val-Gilles"		Paris_AN_JJ_inventaire_JJ37-50_index.xlsx#d1e307296																						
85174	"Noël d'Orly"	"Noël d'Orly"				"Orli, sergent à verge du Châtelet de Paris"		Paris_AN_JJ_inventaire_JJ37-50_index.xlsx#d1e307314																						
85175	"Barrière (Me Pierre)"	"Barrière (Me Pierre)"				"clerc du roi"		Paris_AN_JJ_inventaire_JJ37-50_index.xlsx#d1e150014																						
85181	"Nogrel (Astruc)"	"Nogrel (Astruc)"				juif		Paris_AN_JJ_inventaire_JJ37-50_index.xlsx#d1e307662																						
85186	"Barrois (Guillaume)"	"Barrois (Guillaume)"				"fils de Bertrand Barrois, de Vézelay"		Paris_AN_JJ_inventaire_JJ37-50_index.xlsx#d1e150068																						
85188	"Norman (Jean)"	"Norman (Jean)"						Paris_AN_JJ_inventaire_JJ37-50_index.xlsx#d1e307930																						
85189	"Normand (Perrot)"	"Normand (Perrot)"				"sergent de Carcassonne"		Paris_AN_JJ_inventaire_JJ37-50_index.xlsx#d1e307957																						
85190	"Nouvel (Arnaud)"	"Nouvel (Arnaud)"				"abbé de Fontfroide, vice-chancelier de l'Église romaine"		Paris_AN_JJ_inventaire_JJ37-50_index.xlsx#d1e308507																						
85191	"Nouvel (Laurent)"	"Nouvel (Laurent)"						Paris_AN_JJ_inventaire_JJ37-50_index.xlsx#d1e308543																						
85195	"Odoinus de Berbezillo"	"Odoinus de Berbezillo"				"Oduinus de Brebezallo, miles, procurator plurium nobilium"	"Audouin de Barbezieux"	Paris_AN_JJ_inventaire_JJ37-50_index.xlsx#d1e309159																						
85196	"Odon (Bernard)"	"Odon (Bernard)"				"notaire de la Cour du viguier de Toulouse"		Paris_AN_JJ_inventaire_JJ37-50_index.xlsx#d1e309174																						
85197	"Bertrand Agasse"	"Bertrand Agasse"		"Bertrand Agace"		"Agace (Bertrand), chevalier du roi"		Paris_AN_JJ_inventaire_JJ37-50_index.xlsx#d1e133241																						
85198	"Barrot (Me Germain)"	"Barrot (Me Germain)"				"notaire à la Cour de Carcassonne"		Paris_AN_JJ_inventaire_JJ37-50_index.xlsx#d1e150084																						
85199	"Odon (Philippe)"	"Odon (Philippe)"				"procureur de diverses communautés"		Paris_AN_JJ_inventaire_JJ37-50_index.xlsx#d1e309189																						
85200	Odon	Odon				"seigneur de Miossens, donzel"		Paris_AN_JJ_inventaire_JJ37-50_index.xlsx#d1e309200																						
85201	Odon	Odon				"seigneur de Montaut"		Paris_AN_JJ_inventaire_JJ37-50_index.xlsx#d1e309216																						
85202	"Odon d'Aure"	"Odon d'Aure"				chevalier		Paris_AN_JJ_inventaire_JJ37-50_index.xlsx#d1e309227																						
85203	"Odon de Fouvent"	"Odon de Fouvent"						Paris_AN_JJ_inventaire_JJ37-50_index.xlsx#d1e309242																						
85204	"Odon de Montaut"	"Odon de Montaut"				"seigneur du lieu, chevalier ou chevalier du roi"		Paris_AN_JJ_inventaire_JJ37-50_index.xlsx#d1e309257																						
85205	"Odonis (Philippus)"	"Odonis (Philippus)"				procurator	"Philippe Odon"	Paris_AN_JJ_inventaire_JJ37-50_index.xlsx#d1e309278																						
85206	"Oduinus de Brebezallo"	"Oduinus de Brebezallo"						Paris_AN_JJ_inventaire_JJ37-50_index.xlsx#d1e309293																						
85207	Oger	Oger				"seigneur d'Anglure"		Paris_AN_JJ_inventaire_JJ37-50_index.xlsx#d1e309323																						
85208	"Oger d'Anglure"	"Oger d'Anglure"						Paris_AN_JJ_inventaire_JJ37-50_index.xlsx#d1e309334																						
85209	Barthélemi	Barthélemi				"fils de Barthélemi Michel et boucher de Saint-Antonin"		Paris_AN_JJ_inventaire_JJ37-50_index.xlsx#d1e150138																						
85210	"Oger II de Saint-Chéron"	"Oger II de Saint-Chéron"				"seigneur d'Anglure, chevalier de Louis, roi de Navarre"		Paris_AN_JJ_inventaire_JJ37-50_index.xlsx#d1e309345																						
85211	"Oger d'Olibon"	"Oger d'Olibon"						Paris_AN_JJ_inventaire_JJ37-50_index.xlsx#d1e309363																						
85212	Oisile	Oisile				"femme de Gilles de Laon"		Paris_AN_JJ_inventaire_JJ37-50_index.xlsx#d1e309466																						
85215	"Olier (Bernard)"	"Olier (Bernard)"				"messager des consuls de Toulouse"		Paris_AN_JJ_inventaire_JJ37-50_index.xlsx#d1e309615																						
85216	"Olier (Jean)"	"Olier (Jean)"				"de Lavaur"		Paris_AN_JJ_inventaire_JJ37-50_index.xlsx#d1e309630																						
85217	"Olier (Raimond)"	"Olier (Raimond)"				"fils naturel de Jean Olier"		Paris_AN_JJ_inventaire_JJ37-50_index.xlsx#d1e309645																						
85218	"Olivier (Michel)"	"Olivier (Michel)"				"frère de l'hôpital de Sainte-Catherine de Paris"		Paris_AN_JJ_inventaire_JJ37-50_index.xlsx#d1e309698																						
85219	Olivier	Olivier				"abbé de Saint-Rémi de Sens"		Paris_AN_JJ_inventaire_JJ37-50_index.xlsx#d1e309713																						
85220	"Barthélemi d'Ambeyrac (Me)"	"Barthélemi d'Ambeyrac (Me)"				"notaire du roi"		Paris_AN_JJ_inventaire_JJ37-50_index.xlsx#d1e150187																						
85221	"Olivier d'Aramon"	"Olivier d'Aramon"				légiste		Paris_AN_JJ_inventaire_JJ37-50_index.xlsx#d1e309728																						
85222	"Olivier de La Chapelle"	"Olivier de La Chapelle"				"bachelier du duc Jean III de Bretagne"		Paris_AN_JJ_inventaire_JJ37-50_index.xlsx#d1e309743																						
85223	"Olivier de Termes"	"Olivier de Termes"						Paris_AN_JJ_inventaire_JJ37-50_index.xlsx#d1e309759																						
85224	"Olric de Corbarieu"	"Olric de Corbarieu"				"jadis donzel"		Paris_AN_JJ_inventaire_JJ37-50_index.xlsx#d1e309845																						
85225	"Onfroi de Bohon"	"Onfroi de Bohon"						Paris_AN_JJ_inventaire_JJ37-50_index.xlsx#d1e309957																						
85228	"Orées (Jean aux)"	"Orées (Jean aux)"						Paris_AN_JJ_inventaire_JJ37-50_index.xlsx#d1e310202																						
85229	"Orgier (Salomon)"	"Orgier (Salomon)"				"juif de Béziers"		Paris_AN_JJ_inventaire_JJ37-50_index.xlsx#d1e310224																						
85231	"Barthélemi de Cluséllo"	"Barthélemi de Cluséllo"		"Barthélemi de Clusellis"		"docteur ou professeur ès lois, juge d'Aigues-mortes"		Paris_AN_JJ_inventaire_JJ37-50_index.xlsx#d1e150202																						
85233	"Orouard (Eudes)"	"Orouard (Eudes)"				"commissaire royal"		Paris_AN_JJ_inventaire_JJ37-50_index.xlsx#d1e311350																						
85235	"Orson (Me Bernard)"	"Orson (Me Bernard)"				"notaire de la Cour royale de Nîmes"		Paris_AN_JJ_inventaire_JJ37-50_index.xlsx#d1e311406																						
85237	"Osbern de Crépon (?)"	"Osbern de Crépon (?)"				"sa veuve et son fils"		Paris_AN_JJ_inventaire_JJ37-50_index.xlsx#d1e311566																						
85238	Othe	Othe				"comte palatin de Bourgogne"		Paris_AN_JJ_inventaire_JJ37-50_index.xlsx#d1e311696																						
85239	"Othon IV"	"Othon IV"				"comte de Bourgogne et seigneur de Salins"		Paris_AN_JJ_inventaire_JJ37-50_index.xlsx#d1e311718																						
85240	"Othon de Grandson"	"Othon de Grandson"				"chevalier ou chevalier du roi"		Paris_AN_JJ_inventaire_JJ37-50_index.xlsx#d1e311750																						
85241	"Ottobono da Barga"	"Ottobono da Barga"				"professeur ès lois"		Paris_AN_JJ_inventaire_JJ37-50_index.xlsx#d1e311771																						
85242	"Barthélemi de Petra (Me)"	"Barthélemi de Petra (Me)"				"de Carcassonne, notaire public royal de la Cour de Carcassonne"		Paris_AN_JJ_inventaire_JJ37-50_index.xlsx#d1e150235																						
85243	Otton	Otton				"fils du comte Albert Ier de Vermandois"		Paris_AN_JJ_inventaire_JJ37-50_index.xlsx#d1e311786																						
85244	Oudard	Oudard				"Eudes de Montaigu, seigneur du lieu"		Paris_AN_JJ_inventaire_JJ37-50_index.xlsx#d1e311862																						
85245	"Oudard de Chambly"	"Oudard de Chambly"				"châtelain de Gisors"		Paris_AN_JJ_inventaire_JJ37-50_index.xlsx#d1e311880																						
85246	"Oudard de Jouy"	"Oudard de Jouy"				chevalier		Paris_AN_JJ_inventaire_JJ37-50_index.xlsx#d1e311895																						
85247	"Oudard de Larbroye"	"Oudard de Larbroye"						Paris_AN_JJ_inventaire_JJ37-50_index.xlsx#d1e311910																						
85248	"Oudard de Maubuisson"	"Oudard de Maubuisson"				"seigneur d'Hauterive, chevalier du roi"		Paris_AN_JJ_inventaire_JJ37-50_index.xlsx#d1e311925																						
85249	"Oudard de Poincy"	"Oudard de Poincy"				"jadis chanoine de Meaux"		Paris_AN_JJ_inventaire_JJ37-50_index.xlsx#d1e311944																						
85250	"Oudard de Saint-Martin"	"Oudard de Saint-Martin"				écuyer		Paris_AN_JJ_inventaire_JJ37-50_index.xlsx#d1e311959																						
85251	"Oudard de Villers"	"Oudard de Villers"				"(feu), ses enfants"		Paris_AN_JJ_inventaire_JJ37-50_index.xlsx#d1e311974																						
85253	"Barthélemi de Urbione"	"Barthélemi de Urbione"				"baile royal d'Alet"		Paris_AN_JJ_inventaire_JJ37-50_index.xlsx#d1e150250																						
85254	"Oudin de Prégrimaut"	"Oudin de Prégrimaut"				vavasseur		Paris_AN_JJ_inventaire_JJ37-50_index.xlsx#d1e312020																						
85255	Oudinet	Oudinet				"verdier d'Anet, sergent de la Reine Marie"		Paris_AN_JJ_inventaire_JJ37-50_index.xlsx#d1e312036																						
85256	"Oudinet de Courpalay"	"Oudinet de Courpalay"						Paris_AN_JJ_inventaire_JJ37-50_index.xlsx#d1e312051																						
85259	"Ourosch II Miloutine"	"Ourosch II Miloutine"				"roi de Serbie"		Paris_AN_JJ_inventaire_JJ37-50_index.xlsx#d1e312239																						
85260	"Ouvrier (Hugues)"	"Ouvrier (Hugues)"				"notaire royal dans toute la sénéchaussée de Périgord et Quercy"		Paris_AN_JJ_inventaire_JJ37-50_index.xlsx#d1e312337																						
85261	"Ozil d'Autéjac"	"Ozil d'Autéjac"				donzel		Paris_AN_JJ_inventaire_JJ37-50_index.xlsx#d1e312436																						
85262	"P. Barrerii"	"P. Barrerii"						Paris_AN_JJ_inventaire_JJ37-50_index.xlsx#d1e312477																						
85263	"P. d'Aubigni"	"P. d'Aubigni"		"Aubigni (P. d')"		"de Albigniaco, signatures"	"Pierre d'Aubigny, notaire du roi"	Paris_AN_JJ_inventaire_JJ37-50_index.xlsx#d1e312489																						
85265	"P. de Belmont"	"P. de Belmont"				"notaire royal"		Paris_AN_JJ_inventaire_JJ37-50_index.xlsx#d1e312656																						
85266	"P. de Bituris"	"P. de Bituris"						Paris_AN_JJ_inventaire_JJ37-50_index.xlsx#d1e312671																						
85267	"P. de Coiran"	"P. de Coiran"				"pelletier de Narbonne"		Paris_AN_JJ_inventaire_JJ37-50_index.xlsx#d1e312682																						
85268	"P. de Dyon"	"P. de Dyon"						Paris_AN_JJ_inventaire_JJ37-50_index.xlsx#d1e312705																						
85269	"P. de Pruneto"	"P. de Pruneto"						Paris_AN_JJ_inventaire_JJ37-50_index.xlsx#d1e312720																						
85270	"P. de Raissac"	"P. de Raissac"				"moine et syndic, puis grand cellérier de Fontfroide"		Paris_AN_JJ_inventaire_JJ37-50_index.xlsx#d1e312732																						
85271	"P. de Stampis"	"P. de Stampis"						Paris_AN_JJ_inventaire_JJ37-50_index.xlsx#d1e312747																						
85272	"P. de Villario"	"P. de Villario"				"jadis chevalier"		Paris_AN_JJ_inventaire_JJ37-50_index.xlsx#d1e312758																						
85273	"P. du Carme"	"P. du Carme"				"boucher de Saint-Antonin"		Paris_AN_JJ_inventaire_JJ37-50_index.xlsx#d1e312773																						
85274	"P. le Feron"	"P. le Feron"						Paris_AN_JJ_inventaire_JJ37-50_index.xlsx#d1e312799																						
85275	"Basile de Saumerie"	"Basile de Saumerie"						Paris_AN_JJ_inventaire_JJ37-50_index.xlsx#d1e150353																						
85276	"P. Raimond de Jonquières"	"P. Raimond de Jonquières"				"chevalier, sa fille"		Paris_AN_JJ_inventaire_JJ37-50_index.xlsx#d1e312822																						
85278	"Pagesa (Durand)"	"Pagesa (Durand)"				"notaire public de Toulouse"		Paris_AN_JJ_inventaire_JJ37-50_index.xlsx#d1e312895																						
85279	"Païen (Gautier)"	"Païen (Gautier)"				"sa fiefferme"		Paris_AN_JJ_inventaire_JJ37-50_index.xlsx#d1e312926																						
85280	"Païen (Geoffroi)"	"Païen (Geoffroi)"				"chevalier du roi, seigneur de Montpipeau"		Paris_AN_JJ_inventaire_JJ37-50_index.xlsx#d1e312944																						
85281	"Païen (Me Guillaume)"	"Païen (Me Guillaume)"				"sa fiefferme"		Paris_AN_JJ_inventaire_JJ37-50_index.xlsx#d1e312959																						
85282	"Païen (Guillaume)"	"Païen (Guillaume)"				"de Beaugency, sa femme"		Paris_AN_JJ_inventaire_JJ37-50_index.xlsx#d1e312977																						
85283	"Païen (Simon)"	"Païen (Simon)"				"clerc, commissaire du Roi aux nouveaux acquêts dans la prévôté de Paris"		Paris_AN_JJ_inventaire_JJ37-50_index.xlsx#d1e312992																						
85284	"Païen de Torigni"	"Païen de Torigni"				chevalier		Paris_AN_JJ_inventaire_JJ37-50_index.xlsx#d1e313023																						
85287	"Palenque ou Balenque"	"Palenque ou Balenque"						Paris_AN_JJ_inventaire_JJ37-50_index.xlsx#d1e313101																						
85288	"Palesteau (Roger)"	"Palesteau (Roger)"					"seigneur de Sainte-Sévère"	Paris_AN_JJ_inventaire_JJ37-50_index.xlsx#d1e313144																						
85289	"Palisse (Bérenger)"	"Palisse (Bérenger)"				"consul de Gignac"		Paris_AN_JJ_inventaire_JJ37-50_index.xlsx#d1e313180																						
85290	"Panoche (Jacques)"	"Panoche (Jacques)"				"bourgeois royal de Paris"		Paris_AN_JJ_inventaire_JJ37-50_index.xlsx#d1e313389																						
85292	"Rampnon Papalhon"	"Rampnon Papalhon"						Paris_AN_JJ_inventaire_JJ37-50_index.xlsx#d1e313434																						
85293	"Paradis (Guillaume)"	"Paradis (Guillaume)"				"sergent à cheval du Châtelet de Paris, jadis délégué à l'affaire des juifs dans le bailliage d'Orléans"		Paris_AN_JJ_inventaire_JJ37-50_index.xlsx#d1e313475																						
85294	"Paraire (Sicard)"	"Paraire (Sicard)"				"sergent de Carcassonne"		Paris_AN_JJ_inventaire_JJ37-50_index.xlsx#d1e313490																						
85297	"Baston (Guillaume)"	"Baston (Guillaume)"				"clerc, chancelier royal dans la prévôté de Châteauneuf-les-Bains"		Paris_AN_JJ_inventaire_JJ37-50_index.xlsx#d1e150534																						
85299	"Parquerii (R.)"	"Parquerii (R.)"				Parquerius		Paris_AN_JJ_inventaire_JJ37-50_index.xlsx#d1e322109																						
85300	"Parquier (Renaud)"	"Parquier (Renaud)"				"R. Parquerii, Parquerius, Parquier, notaire du roi, signatures"		Paris_AN_JJ_inventaire_JJ37-50_index.xlsx#d1e322120																						
85301	"Pascal (Raimond)"	"Pascal (Raimond)"				"de Mauguio"		Paris_AN_JJ_inventaire_JJ37-50_index.xlsx#d1e322189																						
85302	"Pascaud (André)"	"Pascaud (André)"				"beau-frère de Colin le Claveurier"		Paris_AN_JJ_inventaire_JJ37-50_index.xlsx#d1e322219																						
85303	"Passavant (Simon)"	"Passavant (Simon)"						Paris_AN_JJ_inventaire_JJ37-50_index.xlsx#d1e322280																						
85309	"Bataille (Richard)"	"Bataille (Richard)"				"bourgeois de La Rochelle"		Paris_AN_JJ_inventaire_JJ37-50_index.xlsx#d1e150549																						
85310	"Pasté (Ferri)"	"Pasté (Ferri)"				chevalier		Paris_AN_JJ_inventaire_JJ37-50_index.xlsx#d1e322391																						
85311	"Pasté (Geoffroi)"	"Pasté (Geoffroi)"				"écuyer du roi"		Paris_AN_JJ_inventaire_JJ37-50_index.xlsx#d1e322406																						
85313	"Patri (Guillaume)"	"Patri (Guillaume)"				"seigneur de Montmartin-en-Graignes"		Paris_AN_JJ_inventaire_JJ37-50_index.xlsx#d1e322454																						
85314	"Paucin de Saint-Myon"	"Paucin de Saint-Myon"						Paris_AN_JJ_inventaire_JJ37-50_index.xlsx#d1e322484																						
85316	"Paumet (Jean)"	"Paumet (Jean)"						Paris_AN_JJ_inventaire_JJ37-50_index.xlsx#d1e322708																						
85317	"Paumier (Guillaume)"	"Paumier (Guillaume)"				"écuyer, valet du roi et chambellan de Louis, fils aîné du roi"		Paris_AN_JJ_inventaire_JJ37-50_index.xlsx#d1e322723																						
85318	"Paumier (Jean)"	"Paumier (Jean)"				"héritier de Paumier d'Acre"		Paris_AN_JJ_inventaire_JJ37-50_index.xlsx#d1e322746																						
85319	"Paumier (Pierre)"	"Paumier (Pierre)"				"épicier (apothicaire), et valet de chambre du roi"		Paris_AN_JJ_inventaire_JJ37-50_index.xlsx#d1e322762																						
85320	"Bateste (Guillaume)"	"Bateste (Guillaume)"				"chevalier de Philippe Auguste"		Paris_AN_JJ_inventaire_JJ37-50_index.xlsx#d1e150564																						
85321	"Paumier d'Acre"	"Paumier d'Acre"				"marchand de Bayonne"		Paris_AN_JJ_inventaire_JJ37-50_index.xlsx#d1e322789																						
85322	"Paute (Guillaume)"	"Paute (Guillaume)"				"marchand à Limoux"		Paris_AN_JJ_inventaire_JJ37-50_index.xlsx#d1e322819																						
85323	"Pavie (Jean)"	"Pavie (Jean)"				"bourgeois de Saint-Benoît-sur-Loire"		Paris_AN_JJ_inventaire_JJ37-50_index.xlsx#d1e322876																						
85325	"Peau-de-Chien (Jean)"	"Peau-de-Chien (Jean)"						Paris_AN_JJ_inventaire_JJ37-50_index.xlsx#d1e323008																						
85326	"Peche (Gilbert)"	"Peche (Gilbert)"				"chevalier anglais, envoyé du roi Édouard II"		Paris_AN_JJ_inventaire_JJ37-50_index.xlsx#d1e323038																						
85329	"Peitavi (Michel)"	"Peitavi (Michel)"						Paris_AN_JJ_inventaire_JJ37-50_index.xlsx#d1e323114																						
85330	"Peitavi (Pierre)"	"Peitavi (Pierre)"				"docteur ès lois , — juge mage de la sénéchaussée de Carcassonne"		Paris_AN_JJ_inventaire_JJ37-50_index.xlsx#d1e323125																						
85331	"Bateste (Pierre)"	"Bateste (Pierre)"				"chevalier du Roi"		Paris_AN_JJ_inventaire_JJ37-50_index.xlsx#d1e150579																						
85332	"Peix (Pierre)"	"Peix (Pierre)"				"official de Maguelonne"		Paris_AN_JJ_inventaire_JJ37-50_index.xlsx#d1e323161																						
85333	"Pelegri de Saint-Paul"	"Pelegri de Saint-Paul"				"bourgeois de Moissac"		Paris_AN_JJ_inventaire_JJ37-50_index.xlsx#d1e323207																						
85334	"Pèlerin (Me Jean)"	"Pèlerin (Me Jean)"				"prêtre, maître et gouverneur de la maison de Saint-Lazare d'Orléans"		Paris_AN_JJ_inventaire_JJ37-50_index.xlsx#d1e323222																						
85335	"Pelet (Jean)"	"Pelet (Jean)"				"garde exécuteur du sceau royal de Caylus"		Paris_AN_JJ_inventaire_JJ37-50_index.xlsx#d1e323237																						
85336	"Pelet (Pierre)"	"Pelet (Pierre)"				"fils de Raimond Pelet"		Paris_AN_JJ_inventaire_JJ37-50_index.xlsx#d1e323260																						
85337	"Pelfort de Rabastens"	"Pelfort de Rabastens"				"abbé de Lombez au diocèse de Toulouse"		Paris_AN_JJ_inventaire_JJ37-50_index.xlsx#d1e323293																						
85338	"Pélicier (Gérard)"	"Pélicier (Gérard)"				"de Pavie"		Paris_AN_JJ_inventaire_JJ37-50_index.xlsx#d1e323308																						
85339	"Pelletier (Me Pierre)"	"Pelletier (Me Pierre)"						Paris_AN_JJ_inventaire_JJ37-50_index.xlsx#d1e323324																						
85340	"Penart (Robin)"	"Penart (Robin)"				"de Treilles"		Paris_AN_JJ_inventaire_JJ37-50_index.xlsx#d1e323372																						
85343	"Penon (Jean)"	"Penon (Jean)"				"d'Échilleuses, écuyer"		Paris_AN_JJ_inventaire_JJ37-50_index.xlsx#d1e323461																						
85351	Pernelle	Pernelle				"comtesse de Bigorre"		Paris_AN_JJ_inventaire_JJ37-50_index.xlsx#d1e324346																						
85352	Pernelle	Pernelle				"femme d'Estevenot de Valenciennes"		Paris_AN_JJ_inventaire_JJ37-50_index.xlsx#d1e324361																						
85353	Baudouin	Baudouin				"comte de Hainaut"	"bienfaiteur de l'abbaye de Foigny"	Paris_AN_JJ_inventaire_JJ37-50_index.xlsx#d1e150729																						
85354	Pernelle	Pernelle				"femme de Galeran le Breton"		Paris_AN_JJ_inventaire_JJ37-50_index.xlsx#d1e324376																						
85355	Pernelle	Pernelle				"femme de Jean de Chelles"		Paris_AN_JJ_inventaire_JJ37-50_index.xlsx#d1e324394																						
85356	Pernelle	Pernelle				"femme de Jean Pierre"		Paris_AN_JJ_inventaire_JJ37-50_index.xlsx#d1e324409																						
85357	Pernelle	Pernelle				"fille de feu Raoul Agombaud"		Paris_AN_JJ_inventaire_JJ37-50_index.xlsx#d1e324424																						
85358	Pernelle	Pernelle				"veuve de Guillaume le Flamenc"		Paris_AN_JJ_inventaire_JJ37-50_index.xlsx#d1e324440																						
85359	Pernelle	Pernelle				"veuve de Jean de Grignon"		Paris_AN_JJ_inventaire_JJ37-50_index.xlsx#d1e324455																						
85360	"Pernelle de Dampont"	"Pernelle de Dampont"				"veuve de Trenchet, de Jouy"		Paris_AN_JJ_inventaire_JJ37-50_index.xlsx#d1e324470																						
85361	"Pernelle de Gisy"	"Pernelle de Gisy"				demoiselle		Paris_AN_JJ_inventaire_JJ37-50_index.xlsx#d1e324485																						
85362	"Pernelle de Jouy"	"Pernelle de Jouy"				"veuve de Jean de Jouy, orfèvre"		Paris_AN_JJ_inventaire_JJ37-50_index.xlsx#d1e324500																						
85363	"Pernelle de Rueil"	"Pernelle de Rueil"						Paris_AN_JJ_inventaire_JJ37-50_index.xlsx#d1e324515																						
85365	"Pernelle de Sully"	"Pernelle de Sully"				"veuve de Geoffroi de Lusignan"		Paris_AN_JJ_inventaire_JJ37-50_index.xlsx#d1e324534																						
85366	"Perrard de Luquy"	"Perrard de Luquy"				"fils de feu Adam"		Paris_AN_JJ_inventaire_JJ37-50_index.xlsx#d1e324693																						
85367	"Perrard du Hazoy"	"Perrard du Hazoy"				écuyer		Paris_AN_JJ_inventaire_JJ37-50_index.xlsx#d1e324708																						
85370	"Perrette de Bois-Gencelin"	"Perrette de Bois-Gencelin"						Paris_AN_JJ_inventaire_JJ37-50_index.xlsx#d1e324779																						
85371	Perrin	Perrin				"fils de feu Guillaume de Dicy et de Marie"		Paris_AN_JJ_inventaire_JJ37-50_index.xlsx#d1e324861																						
85372	"Perrin de L'Ile"	"Perrin de L'Ile"				donzel		Paris_AN_JJ_inventaire_JJ37-50_index.xlsx#d1e324876																						
85373	"Perrin de Monte Jovis"	"Perrin de Monte Jovis"				écuyer		Paris_AN_JJ_inventaire_JJ37-50_index.xlsx#d1e324891																						
85374	"Perrinet de Chambly"	"Perrinet de Chambly"				"valet de la Cuisine"		Paris_AN_JJ_inventaire_JJ37-50_index.xlsx#d1e324917																						
85375	"Baudouin de Caumont"	"Baudouin de Caumont"				"chevalier du roi, seigneur de Plumoison"		Paris_AN_JJ_inventaire_JJ37-50_index.xlsx#d1e150778																						
85376	"Perrinet de Cherelles"	"Perrinet de Cherelles"						Paris_AN_JJ_inventaire_JJ37-50_index.xlsx#d1e324933																						
85377	"Perrinet de Sainte-Solange"	"Perrinet de Sainte-Solange"				"clerc, notaire juré du sceau de la prévôté d'Issoudun"		Paris_AN_JJ_inventaire_JJ37-50_index.xlsx#d1e324948																						
85378	"Perron de Sainghin"	"Perron de Sainghin"						Paris_AN_JJ_inventaire_JJ37-50_index.xlsx#d1e324963																						
85379	"Perrone d'Angresse"	"Perrone d'Angresse"				"héritière d'Amat d'Angresse"		Paris_AN_JJ_inventaire_JJ37-50_index.xlsx#d1e324978																						
85380	"Perronnelle (Roger)"	"Perronnelle (Roger)"				"du Val-Gilles"		Paris_AN_JJ_inventaire_JJ37-50_index.xlsx#d1e324993																						
85381	"Perrot de Chambly"	"Perrot de Chambly"				"fils de Pierre VI de Chambly"		Paris_AN_JJ_inventaire_JJ37-50_index.xlsx#d1e325011																						
85382	"Perrot de Puissy"	"Perrot de Puissy"						Paris_AN_JJ_inventaire_JJ37-50_index.xlsx#d1e325027																						
85383	"Perrot de Tumbrel"	"Perrot de Tumbrel"						Paris_AN_JJ_inventaire_JJ37-50_index.xlsx#d1e325042																						
85384	"Perrot de Valenciennes"	"Perrot de Valenciennes"						Paris_AN_JJ_inventaire_JJ37-50_index.xlsx#d1e325057																						
85386	"Baudouin II de Courtenay"	"Baudouin II de Courtenay"				"empereur de Constantinople"		Paris_AN_JJ_inventaire_JJ37-50_index.xlsx#d1e150793																						
85388	"Pesnel (Olivier)"	"Pesnel (Olivier)"				"seigneur de La Haye-Pesnel"		Paris_AN_JJ_inventaire_JJ37-50_index.xlsx#d1e325218																						
85389	"Petit (Me Jean)"	"Petit (Me Jean)"				"de Moret, clerc de Me Philippe le Convers"		Paris_AN_JJ_inventaire_JJ37-50_index.xlsx#d1e325263																						
85390	"Petit (Pierre)"	"Petit (Pierre)"				"jadis prévôt de Janville"		Paris_AN_JJ_inventaire_JJ37-50_index.xlsx#d1e325278																						
85391	"Petit-Clerc (Jean)"	"Petit-Clerc (Jean)"				"sergent du roi"		Paris_AN_JJ_inventaire_JJ37-50_index.xlsx#d1e325379																						
85392	Petit-Perrot	Petit-Perrot				"établi par Sallebœuf à Salles-sur-Mer"		Paris_AN_JJ_inventaire_JJ37-50_index.xlsx#d1e325470																						
85397	"Baudouin de Insula"	"Baudouin de Insula"				"fils de Bernard Amblard"		Paris_AN_JJ_inventaire_JJ37-50_index.xlsx#d1e150839																						
85398	Petrus	Petrus				elemosinarius		Paris_AN_JJ_inventaire_JJ37-50_index.xlsx#d1e325597																						
85399	Petrus	Petrus				"episcopus Penestrinus"		Paris_AN_JJ_inventaire_JJ37-50_index.xlsx#d1e325612																						
85400	"Petrus de Belvaco"	"Petrus de Belvaco"				"serviens Castelleti"	"Pierre de Beauvais, sergent du Châtelet"	Paris_AN_JJ_inventaire_JJ37-50_index.xlsx#d1e325623																						
85401	"Petrus de Blanosco"	"Petrus de Blanosco"						Paris_AN_JJ_inventaire_JJ37-50_index.xlsx#d1e325638																						
85402	"Petrus de Cabilone (magister)"	"Petrus de Cabilone (magister)"						Paris_AN_JJ_inventaire_JJ37-50_index.xlsx#d1e325649																						
85403	"Petrus de Cainni"	"Petrus de Cainni"				"serviens Castelleti"		Paris_AN_JJ_inventaire_JJ37-50_index.xlsx#d1e325660																						
85405	"Petrus de Grilliaco"	"Petrus de Grilliaco"				armiger	"Pierre de Grilly, écuyer"	Paris_AN_JJ_inventaire_JJ37-50_index.xlsx#d1e325687																						
85406	"Petrus de Latilli"	"Petrus de Latilli"				Latilliaco		Paris_AN_JJ_inventaire_JJ37-50_index.xlsx#d1e325702																						
85407	"Petrus de Lauduno (dominus)"	"Petrus de Lauduno (dominus)"						Paris_AN_JJ_inventaire_JJ37-50_index.xlsx#d1e325713																						
85408	"Baudouin de La Cour"	"Baudouin de La Cour"				"bourgeois de Gand, son fils"		Paris_AN_JJ_inventaire_JJ37-50_index.xlsx#d1e150854																						
85409	"Petrus de Pruinet (magister)"	"Petrus de Pruinet (magister)"						Paris_AN_JJ_inventaire_JJ37-50_index.xlsx#d1e325724																						
85410	"Petrus de Sancta Cruce"	"Petrus de Sancta Cruce"						Paris_AN_JJ_inventaire_JJ37-50_index.xlsx#d1e325735																						
85411	"Petrus de Sioraco"	"Petrus de Sioraco"						Paris_AN_JJ_inventaire_JJ37-50_index.xlsx#d1e325747																						
85413	"Peyre (Vidal)"	"Peyre (Vidal)"				"consul de Port-Sainte-Marie"		Paris_AN_JJ_inventaire_JJ37-50_index.xlsx#d1e325846																						
85414	"Peyre (Me Garnier)"	"Peyre (Me Garnier)"				"de Merville, notaire de Toulouse et de la Cour du sceau des sénéchaussée et viguerie de Toulouse"		Paris_AN_JJ_inventaire_JJ37-50_index.xlsx#d1e325861																						
85419	Agnès	Agnès				"dame de Coucy"		Paris_AN_JJ_inventaire_JJ37-50_index.xlsx#d1e133530																						
85420	"Baudouin de La Croix"	"Baudouin de La Croix"				"de Liancourt"		Paris_AN_JJ_inventaire_JJ37-50_index.xlsx#d1e150869																						
85421	"Philippa de Ballainvilliers (demoiselle)"	"Philippa de Ballainvilliers (demoiselle)"						Paris_AN_JJ_inventaire_JJ37-50_index.xlsx#d1e326068																						
85422	"Philippa de Croix-Mare"	"Philippa de Croix-Mare"				"femme de Jean Récusson"		Paris_AN_JJ_inventaire_JJ37-50_index.xlsx#d1e326083																						
85423	"Philippa de Vitré (sceur)"	"Philippa de Vitré (sceur)"				"fille de feu André III de Vitré"		Paris_AN_JJ_inventaire_JJ37-50_index.xlsx#d1e326098																						
85424	"Philippe (Jean) dit le Petit"	"Philippe (Jean) dit le Petit"				"bourgeois de Gand"		Paris_AN_JJ_inventaire_JJ37-50_index.xlsx#d1e326113																						
85425	"Philippe (Raimond)"	"Philippe (Raimond)"				"de Montsec"		Paris_AN_JJ_inventaire_JJ37-50_index.xlsx#d1e326128																						
85426	"Philippe Ier"	"Philippe Ier"				"roi de France"		Paris_AN_JJ_inventaire_JJ37-50_index.xlsx#d1e326143																						
85427	"Philippe II Auguste"	"Philippe II Auguste"				"roi de France"		Paris_AN_JJ_inventaire_JJ37-50_index.xlsx#d1e326159																						
85428	"Philippe III le Hardi"	"Philippe III le Hardi"				"roi de France"		Paris_AN_JJ_inventaire_JJ37-50_index.xlsx#d1e326255																						
85429	"Philippe IV le Bel"	"Philippe IV le Bel"				"qualifié de roi de France et de Navarre"		Paris_AN_JJ_inventaire_JJ37-50_index.xlsx#d1e326355																						
85430	"Philippe V le Long"	"Philippe V le Long"				"roi de France"		Paris_AN_JJ_inventaire_JJ37-50_index.xlsx#d1e326370																						
85431	"Baudouin de Laon"	"Baudouin de Laon"				"jadis bailli de Troyes"		Paris_AN_JJ_inventaire_JJ37-50_index.xlsx#d1e150884																						
85432	"Philippe VI de Valois"	"Philippe VI de Valois"				"roi de France"		Paris_AN_JJ_inventaire_JJ37-50_index.xlsx#d1e326381																						
85433	Philippe	Philippe				"abbé de Saint-Médard de Soissons"		Paris_AN_JJ_inventaire_JJ37-50_index.xlsx#d1e326392																						
85434	Philippe	Philippe				"châtelain de Bar, chevalier"	-le-Duc	Paris_AN_JJ_inventaire_JJ37-50_index.xlsx#d1e326408																						
85435	Philippe	Philippe				"comte de Bourgogne"		Paris_AN_JJ_inventaire_JJ37-50_index.xlsx#d1e326423																						
85436	Philippe	Philippe				"comte de Flandre et de Vermandois"	"Philippe d'Alsace"	Paris_AN_JJ_inventaire_JJ37-50_index.xlsx#d1e326434																						
85437	Philippe	Philippe				"second fils du roi"		Paris_AN_JJ_inventaire_JJ37-50_index.xlsx#d1e326449																						
85438	Philippe	Philippe				"fils aîné de Charles de Valois et de Marguerite d'Anjou"		Paris_AN_JJ_inventaire_JJ37-50_index.xlsx#d1e326560																						
85440	Philippe	Philippe				"frère de Me Jean et Simon de Melun"		Paris_AN_JJ_inventaire_JJ37-50_index.xlsx#d1e326583																						
85441	Philippe	Philippe				"juif converti"		Paris_AN_JJ_inventaire_JJ37-50_index.xlsx#d1e326594																						
85442	"Baudouin de Meulles"	"Baudouin de Meulles"		Baudouin		"fils de Gilbert, comte"	"de Brionne"	Paris_AN_JJ_inventaire_JJ37-50_index.xlsx#d1e150900|Paris_AN_JJ_inventaire_JJ37-50_index.xlsx#d1e150744																						
85443	Philippe	Philippe				"prince de Tarente, fils du roi Charles II de Sicile"		Paris_AN_JJ_inventaire_JJ37-50_index.xlsx#d1e326609																						
85444	"Philippe d'Alsace"	"Philippe d'Alsace"				"comte de Flandre"		Paris_AN_JJ_inventaire_JJ37-50_index.xlsx#d1e326729																						
85445	"Philippe d'Artois"	"Philippe d'Artois"		Philippe		"fils aîné de Robert II, comte d'Artois"		Paris_AN_JJ_inventaire_JJ37-50_index.xlsx#d1e326740|Paris_AN_JJ_inventaire_JJ37-50_index.xlsx#d1e326571																						
85446	"Philippe de Beaumanoir"	"Philippe de Beaumanoir"				"jadis chevalier"		Paris_AN_JJ_inventaire_JJ37-50_index.xlsx#d1e326759																						
85447	"Philippe de Brunoy"	"Philippe de Brunoy"						Paris_AN_JJ_inventaire_JJ37-50_index.xlsx#d1e326777																						
85448	"Philippe de Champbaudon (Me)"	"Philippe de Champbaudon (Me)"				chirurgien		Paris_AN_JJ_inventaire_JJ37-50_index.xlsx#d1e326792																						
85449	"Philippe de Chauvirey"	"Philippe de Chauvirey"				"Philippus de Chauverio, chevalier"		Paris_AN_JJ_inventaire_JJ37-50_index.xlsx#d1e326807																						
85450	"Philippe de Chevillon"	"Philippe de Chevillon"				"garde de la forêt de Vitry-aux-Loges"		Paris_AN_JJ_inventaire_JJ37-50_index.xlsx#d1e326828																						
85451	"Philippe de Cornoult (ou Courmont?)"	"Philippe de Cornoult (ou Courmont?)"				décédé		Paris_AN_JJ_inventaire_JJ37-50_index.xlsx#d1e326843																						
85452	"Philippe de Courtenay"	"Philippe de Courtenay"				"empereur latin de Constantinople"		Paris_AN_JJ_inventaire_JJ37-50_index.xlsx#d1e326859																						
85453	"Baudouin de Mortagne"	"Baudouin de Mortagne"				chevalier		Paris_AN_JJ_inventaire_JJ37-50_index.xlsx#d1e150915																						
85454	"Philippe de Courtenay"	"Philippe de Courtenay"				"notaire public du roi"		Paris_AN_JJ_inventaire_JJ37-50_index.xlsx#d1e326902																						
85455	"Philippe de Fontaines"	"Philippe de Fontaines"				"valet du roi"		Paris_AN_JJ_inventaire_JJ37-50_index.xlsx#d1e326920																						
85456	"Philippe de Grandouet"	"Philippe de Grandouet"						Paris_AN_JJ_inventaire_JJ37-50_index.xlsx#d1e326935																						
85457	"Philippe de La Mouche"	"Philippe de La Mouche"				"recteur de l'église de Vergoncey"		Paris_AN_JJ_inventaire_JJ37-50_index.xlsx#d1e326953																						
85458	"Philippe de La Périne"	"Philippe de La Périne"				damoiseau		Paris_AN_JJ_inventaire_JJ37-50_index.xlsx#d1e326968																						
85459	"Philippe de Lattre"	"Philippe de Lattre"						Paris_AN_JJ_inventaire_JJ37-50_index.xlsx#d1e326984																						
85460	"Philippe de Laveno"	"Philippe de Laveno"				"seigneur de Serres, chevalier, conseiller et familier du roi Charles Ier de Sicile"		Paris_AN_JJ_inventaire_JJ37-50_index.xlsx#d1e326999																						
85461	"Philippe de Majorque"	"Philippe de Majorque"				"fils de feu Jaime Ier, roi de Majorque, trésorier de Saint-Martin de Tours"		Paris_AN_JJ_inventaire_JJ37-50_index.xlsx#d1e327017																						
85462	"Philippe de Marigny"	"Philippe de Marigny"				"clerc du Roi, commissaire aux nouveaux-acquêts dans la prévôté de Paris"		Paris_AN_JJ_inventaire_JJ37-50_index.xlsx#d1e327032																						
85463	"Philippe de Melun"	"Philippe de Melun"		Philippe		"fils de feu Adam, vicomte de Melun"		Paris_AN_JJ_inventaire_JJ37-50_index.xlsx#d1e327083																						
85464	"Baudouin d'Erny"	"Baudouin d'Erny"						Paris_AN_JJ_inventaire_JJ37-50_index.xlsx#d1e150933																						
85465	"Philippe de Melun"	"Philippe de Melun"				"frère de Jean et Simon de Melun"		Paris_AN_JJ_inventaire_JJ37-50_index.xlsx#d1e327098																						
85466	"Philippe de Merollis"	"Philippe de Merollis"				"chevalier du roi, viguier du Minervois"		Paris_AN_JJ_inventaire_JJ37-50_index.xlsx#d1e327122																						
85467	"Philippe de Mirbel (Me)"	"Philippe de Mirbel (Me)"						Paris_AN_JJ_inventaire_JJ37-50_index.xlsx#d1e327137																						
85468	"Philippe de Moncellis"	"Philippe de Moncellis"				"témoin français"		Paris_AN_JJ_inventaire_JJ37-50_index.xlsx#d1e327152																						
85469	"Philippe de Mornay"	"Philippe de Mornay"				"clerc du roi"		Paris_AN_JJ_inventaire_JJ37-50_index.xlsx#d1e327167																						
85470	"Philippe II de Nemours"	"Philippe II de Nemours"				"chambellan du roi"		Paris_AN_JJ_inventaire_JJ37-50_index.xlsx#d1e327178																						
85471	"Philippe de Ricarville"	"Philippe de Ricarville"				"écuyer, valet du roi"		Paris_AN_JJ_inventaire_JJ37-50_index.xlsx#d1e327193																						
85472	"Philippe de Saint-Bonnet"	"Philippe de Saint-Bonnet"				légiste		Paris_AN_JJ_inventaire_JJ37-50_index.xlsx#d1e327209																						
85473	"Philippe de Saint-Verain"	"Philippe de Saint-Verain"				"seigneur de Bléneau, chevalier du roi, Philippus de Blanello seu de Sancto Verano, miles regis"		Paris_AN_JJ_inventaire_JJ37-50_index.xlsx#d1e327224																						
85474	"Philippe de Saint-Yon"	"Philippe de Saint-Yon"				damoiseau		Paris_AN_JJ_inventaire_JJ37-50_index.xlsx#d1e327263																						
85475	"Baudouin de Rouy"	"Baudouin de Rouy"						Paris_AN_JJ_inventaire_JJ37-50_index.xlsx#d1e150948																						
85476	"Philippe des Ponts"	"Philippe des Ponts"				"sergent d'armes du roi"		Paris_AN_JJ_inventaire_JJ37-50_index.xlsx#d1e327281																						
85477	"Philippe de Valois"	"Philippe de Valois"				"fils aîné de Charles de Valois"	"le futur roi Philippe VI de Valois"	Paris_AN_JJ_inventaire_JJ37-50_index.xlsx#d1e327296																						
85479	"Philippe d'Évry"	"Philippe d'Évry"				"prévôt de Corbeil"		Paris_AN_JJ_inventaire_JJ37-50_index.xlsx#d1e327345																						
85480	"Philippe d'Haversqerque"	"Philippe d'Haversqerque"				chevalier		Paris_AN_JJ_inventaire_JJ37-50_index.xlsx#d1e327360																						
85481	"Philippe d'Houdancourt"	"Philippe d'Houdancourt"				"son neveu et héritier"		Paris_AN_JJ_inventaire_JJ37-50_index.xlsx#d1e327371																						
85482	"Philippe du Breucq"	"Philippe du Breucq"						Paris_AN_JJ_inventaire_JJ37-50_index.xlsx#d1e327386																						
85483	"Philippe du Pont"	"Philippe du Pont"						Paris_AN_JJ_inventaire_JJ37-50_index.xlsx#d1e327401																						
85484	"Philippe du Val"	"Philippe du Val"				"le jeune, bourgeois de Gand"		Paris_AN_JJ_inventaire_JJ37-50_index.xlsx#d1e327416																						
85485	Philippot	Philippot				"fils de Jean le Veneur le jeune"		Paris_AN_JJ_inventaire_JJ37-50_index.xlsx#d1e327524																						
85486	"Baudous (frère Guilhem)"	"Baudous (frère Guilhem)"				"moine de Fontfroide"		Paris_AN_JJ_inventaire_JJ37-50_index.xlsx#d1e151023																						
85487	"Philippot de Créquy"	"Philippot de Créquy"				"curateur de Perrot de Chambly"		Paris_AN_JJ_inventaire_JJ37-50_index.xlsx#d1e327546																						
85488	"Philippot de Denisy"	"Philippot de Denisy"						Paris_AN_JJ_inventaire_JJ37-50_index.xlsx#d1e327561																						
85489	"Philippot du Mesnil"	"Philippot du Mesnil"						Paris_AN_JJ_inventaire_JJ37-50_index.xlsx#d1e327577																						
85492	"Philippus de Blanello seu de Sancto Verano"	"Philippus de Blanello seu de Sancto Verano"		"Blanello (Philippus de)"				Paris_AN_JJ_inventaire_JJ37-50_index.xlsx#d1e327648																						
85493	"Philippus de Chauverio"	"Philippus de Chauverio"						Paris_AN_JJ_inventaire_JJ37-50_index.xlsx#d1e327659																						
85494	"Philippus de Havesquerke"	"Philippus de Havesquerke"				miles	"Philippe d'Haverskerque"	Paris_AN_JJ_inventaire_JJ37-50_index.xlsx#d1e327670																						
85495	"Philippus de Mornayo"	"Philippus de Mornayo"				clericus	"Philippe de Mornay, clerc du roi, commissaire à la levée de l'aide au mariage de la reine d'Angleterre"	Paris_AN_JJ_inventaire_JJ37-50_index.xlsx#d1e327685																						
85496	"Phily (Éven)"	"Phily (Éven)"				"de Saint-Nicaise, clerc, notaire apostolique du diocèse de Cambrai"		Paris_AN_JJ_inventaire_JJ37-50_index.xlsx#d1e327711																						
85497	Baudri	Baudri						Paris_AN_JJ_inventaire_JJ37-50_index.xlsx#d1e151038																						
85501	"Pieri da Certaldo ou de Montedominico (Jacopo)"	"Pieri da Certaldo ou de Montedominico (Jacopo)"						Paris_AN_JJ_inventaire_JJ37-50_index.xlsx#d1e327889																						
85502	"Pierre (Jean)"	"Pierre (Jean)"				"bourgeois de Nemours"		Paris_AN_JJ_inventaire_JJ37-50_index.xlsx#d1e327918																						
85503	"Pierre (Jean)"	"Pierre (Jean)"				"de Péré, dit de Charcogné, valet"		Paris_AN_JJ_inventaire_JJ37-50_index.xlsx#d1e327933																						
85504	"Pierre III"	"Pierre III"				"roi d'Aragon, père de Jaime II"		Paris_AN_JJ_inventaire_JJ37-50_index.xlsx#d1e327948																						
85505	Pierre	Pierre				"abbé d'Anchin"		Paris_AN_JJ_inventaire_JJ37-50_index.xlsx#d1e327966																						
85506	Pierre	Pierre				"abbé de Notre-Dame de La Grâce-Dieu"		Paris_AN_JJ_inventaire_JJ37-50_index.xlsx#d1e327982																						
85507	Pierre	Pierre				"abbé de Notre-Dame de Quarante"		Paris_AN_JJ_inventaire_JJ37-50_index.xlsx#d1e327997																						
85509	Pierre	Pierre				"abbé de Saint-Médard de Soissons"		Paris_AN_JJ_inventaire_JJ37-50_index.xlsx#d1e328012																						
85510	Pierre	Pierre				"aumônier du roi"		Paris_AN_JJ_inventaire_JJ37-50_index.xlsx#d1e328030																						
85511	Pierre	Pierre				"comte d'Alençon"		Paris_AN_JJ_inventaire_JJ37-50_index.xlsx#d1e328041																						
85512	Pierre	Pierre				"fils de Barthélemi Michel et boucher de Saint-Antonin"		Paris_AN_JJ_inventaire_JJ37-50_index.xlsx#d1e328056																						
85513	Pierre	Pierre				"frère de Robert, roi de Sicile"		Paris_AN_JJ_inventaire_JJ37-50_index.xlsx#d1e328072																						
85514	Pierre	Pierre				"prieur d'Anchin"		Paris_AN_JJ_inventaire_JJ37-50_index.xlsx#d1e328087																						
85516	Pierre	Pierre				"sire de Hodenc-en-Bray, chevalier du roi"		Paris_AN_JJ_inventaire_JJ37-50_index.xlsx#d1e328113																						
85517	"Pierre d'Annet"	"Pierre d'Annet"				"notaire juré au Châtelet de Paris"		Paris_AN_JJ_inventaire_JJ37-50_index.xlsx#d1e328620																						
85518	"Pierre d'Aragon"	"Pierre d'Aragon"				"de Mantes, valet de chambre du roi"		Paris_AN_JJ_inventaire_JJ37-50_index.xlsx#d1e328635																						
85519	"Bayer (Me Hugues)"	"Bayer (Me Hugues)"						Paris_AN_JJ_inventaire_JJ37-50_index.xlsx#d1e151149																						
85520	"Pierre d'Aramon"	"Pierre d'Aramon"				chevalier		Paris_AN_JJ_inventaire_JJ37-50_index.xlsx#d1e328650																						
85521	"Pierre d'Argent"	"Pierre d'Argent"				"clerc du roi, garde du sceau de la prévôté de Melun"		Paris_AN_JJ_inventaire_JJ37-50_index.xlsx#d1e328665																						
85522	"Pierre d'Aubigny"	"Pierre d'Aubigny"				"notaire du roi"		Paris_AN_JJ_inventaire_JJ37-50_index.xlsx#d1e328669																						
85523	"Pierre d'Autheuil"	"Pierre d'Autheuil"				"sénéchal de Carcassonne"		Paris_AN_JJ_inventaire_JJ37-50_index.xlsx#d1e328703																						
85524	"Pierre de Abbate"	"Pierre de Abbate"				clerc		Paris_AN_JJ_inventaire_JJ37-50_index.xlsx#d1e328718																						
85525	"Pierre de Bachambre"	"Pierre de Bachambre"						Paris_AN_JJ_inventaire_JJ37-50_index.xlsx#d1e328733																						
85526	"Pierre de Bailleul"	"Pierre de Bailleul"				"chevalier du roi"		Paris_AN_JJ_inventaire_JJ37-50_index.xlsx#d1e328748																						
85527	"Pierre de Bannes (Me)"	"Pierre de Bannes (Me)"				"clerc, syndic des consuls et de la communauté de Fons"		Paris_AN_JJ_inventaire_JJ37-50_index.xlsx#d1e328784																						
85528	"Pierre de Bar"	"Pierre de Bar"				"oncle d'Édouard, comte de Bar"		Paris_AN_JJ_inventaire_JJ37-50_index.xlsx#d1e328799																						
85529	"Pierre de Barege"	"Pierre de Barege"				"de Pavie"		Paris_AN_JJ_inventaire_JJ37-50_index.xlsx#d1e328815																						
85530	Agnès	Agnès				"dame de Tercillat"		Paris_AN_JJ_inventaire_JJ37-50_index.xlsx#d1e133545																						
85532	"Pierre de Beaumont"	"Pierre de Beaumont"				"comte de Montescaglioso, chambrier du roi de Sicile"		Paris_AN_JJ_inventaire_JJ37-50_index.xlsx#d1e328830																						
85533	"Pierre de Beaumont"	"Pierre de Beaumont"				"vicaire perpétuel de Saint-Maur-des-Fossés en l'église de Paris"		Paris_AN_JJ_inventaire_JJ37-50_index.xlsx#d1e328845																						
85534	"Pierre de Beaune"	"Pierre de Beaune"				"sergent du roi"		Paris_AN_JJ_inventaire_JJ37-50_index.xlsx#d1e328860																						
85535	"Pierre de Beauvais"	"Pierre de Beauvais"				"sergent du Châtelet"		Paris_AN_JJ_inventaire_JJ37-50_index.xlsx#d1e328875																						
85536	"Pierre de Belleperche"	"Pierre de Belleperche"				"jadis évêque d'Auxerre"		Paris_AN_JJ_inventaire_JJ37-50_index.xlsx#d1e328886																						
85537	"Pierre de Béziers (Me)"	"Pierre de Béziers (Me)"				"procureur du roi dans la sénéchaussée de Beaucaire et Nîmes"		Paris_AN_JJ_inventaire_JJ37-50_index.xlsx#d1e328905																						
85538	"Pierre de Biaudraper"	"Pierre de Biaudraper"				d'Orléans		Paris_AN_JJ_inventaire_JJ37-50_index.xlsx#d1e328920																						
85539	"Pierre de Binanville"	"Pierre de Binanville"				"chevalier ou chevalier du roi"		Paris_AN_JJ_inventaire_JJ37-50_index.xlsx#d1e328935																						
85540	"Pierre de Blanot"	"Pierre de Blanot"				"chevalier du roi, Petrus de Blanosco, miles regis, seigneur d'Uxelles"		Paris_AN_JJ_inventaire_JJ37-50_index.xlsx#d1e328953																						
85541	"Pierre de Boos"	"Pierre de Boos"						Paris_AN_JJ_inventaire_JJ37-50_index.xlsx#d1e328992																						
85543	"Pierre de Bordes"	"Pierre de Bordes"				"valet du roi, seigneur de Launac"		Paris_AN_JJ_inventaire_JJ37-50_index.xlsx#d1e329007																						
85544	"Pierre de Bourges (Me)"	"Pierre de Bourges (Me)"		"Bituris (P. de)"		"P. de Bituris, sous-chantre d'Orléans, clerc du roi"		Paris_AN_JJ_inventaire_JJ37-50_index.xlsx#d1e329029																						
85545	"Pierre de Bourgneuf (Me)"	"Pierre de Bourgneuf (Me)"						Paris_AN_JJ_inventaire_JJ37-50_index.xlsx#d1e329071																						
85546	"Pierre de Boussac (Me)"	"Pierre de Boussac (Me)"				légiste		Paris_AN_JJ_inventaire_JJ37-50_index.xlsx#d1e329086																						
85547	"Pierre de Boussac (Me)"	"Pierre de Boussac (Me)"				"notaire, de Lapenne"		Paris_AN_JJ_inventaire_JJ37-50_index.xlsx#d1e329101																						
85548	"Pierre de Bretagne"	"Pierre de Bretagne"					"contemporain du duc Jean Ier de Bretagne"	Paris_AN_JJ_inventaire_JJ37-50_index.xlsx#d1e329116																						
85549	"Pierre de Bretagne"	"Pierre de Bretagne"				"frère de Jean de Bretagne, comte de Richmond"		Paris_AN_JJ_inventaire_JJ37-50_index.xlsx#d1e329131																						
85550	"Pierre de Briis"	"Pierre de Briis"						Paris_AN_JJ_inventaire_JJ37-50_index.xlsx#d1e329147																						
85551	"Pierre de Broc"	"Pierre de Broc"				"chevalier du roi, sénéchal de Beaucaire et Nîmes"		Paris_AN_JJ_inventaire_JJ37-50_index.xlsx#d1e329162																						
85552	"Pierre de Brosse (ou La Brosse par erreur)"	"Pierre de Brosse (ou La Brosse par erreur)"				"chevalier, seigneur de Sainte-Sévère (ou La Brosse par erreur)"		Paris_AN_JJ_inventaire_JJ37-50_index.xlsx#d1e329201																						
85554	"Pierre de Bulhon"	"Pierre de Bulhon"				"écuyer, seigneur pour partie du château de Bulhon"		Paris_AN_JJ_inventaire_JJ37-50_index.xlsx#d1e329219																						
85555	"Pierre de Busco"	"Pierre de Busco"						Paris_AN_JJ_inventaire_JJ37-50_index.xlsx#d1e329234																						
85556	"Pierre de Cainni"	"Pierre de Cainni"				"sergent du Châtelet"		Paris_AN_JJ_inventaire_JJ37-50_index.xlsx#d1e329249																						
85557	"Pierre de Cajarc"	"Pierre de Cajarc"				"jadis donzel"		Paris_AN_JJ_inventaire_JJ37-50_index.xlsx#d1e329261																						
85558	"Pierre de Campagne"	"Pierre de Campagne"						Paris_AN_JJ_inventaire_JJ37-50_index.xlsx#d1e329284																						
85559	"Pierre de Carcassonne"	"Pierre de Carcassonne"				"notaire royal dans ladite cité"		Paris_AN_JJ_inventaire_JJ37-50_index.xlsx#d1e329299																						
85560	"Pierre de Carville (Me)"	"Pierre de Carville (Me)"				"ses hoirs"		Paris_AN_JJ_inventaire_JJ37-50_index.xlsx#d1e329314																						
85561	"Pierre de Chalon (Me)"	"Pierre de Chalon (Me)"		"Petrus de Cabilone (magister)|Cabilone (magister Petrus de)"		"magister Petrus de Cabilone, clerc du roi, chanoine d'Autun, doyen d'Aigueperse"		Paris_AN_JJ_inventaire_JJ37-50_index.xlsx#d1e329329																						
85562	"Pierre V de Chambly"	"Pierre V de Chambly"		Pierre		"seigneur du lieu, chevalier et chambellan du roi"		Paris_AN_JJ_inventaire_JJ37-50_index.xlsx#d1e329405|Paris_AN_JJ_inventaire_JJ37-50_index.xlsx#d1e328102																						
85563	"Pierre VI de Chambly"	"Pierre VI de Chambly"				"seigneur de Viarmes, dominus de Wirmes, chevalier et chambellan du roi"		Paris_AN_JJ_inventaire_JJ37-50_index.xlsx#d1e329459																						
85564	Béatrice	Béatrice				"comtesse de Blois et dame d'Avesnes"		Paris_AN_JJ_inventaire_JJ37-50_index.xlsx#d1e151722																						
85565	"Pierre VII de Chambly"	"Pierre VII de Chambly"				"seigneur de Viarmes, dominus Chambliaci ou de Virmis, signeur ou monsigneur de Chambli, chevalier et chambellan du roi, fils du précédent"		Paris_AN_JJ_inventaire_JJ37-50_index.xlsx#d1e329515																						
85566	"Pierre XI de Chambly"	"Pierre XI de Chambly"				"dit Grismouton"		Paris_AN_JJ_inventaire_JJ37-50_index.xlsx#d1e329580																						
85567	"Pierre de Chaource"	"Pierre de Chaource"				"de Troyes"		Paris_AN_JJ_inventaire_JJ37-50_index.xlsx#d1e329595																						
85568	"Pierre d'Échou"	"Pierre d'Échou"				"garde du seau de la prévôté de Corbeil"		Paris_AN_JJ_inventaire_JJ37-50_index.xlsx#d1e329610																						
85569	"Pierre de Cocherel"	"Pierre de Cocherel"				"chevalier du roi de Sicile et huissier de son Hôtel"		Paris_AN_JJ_inventaire_JJ37-50_index.xlsx#d1e329625																						
85570	"Pierre de Condé"	"Pierre de Condé"				"O. P., de Paris"		Paris_AN_JJ_inventaire_JJ37-50_index.xlsx#d1e329641																						
85571	"Pierre de Contault"	"Pierre de Contault"				"sergent du roi"		Paris_AN_JJ_inventaire_JJ37-50_index.xlsx#d1e329662																						
85572	"Pierre de Courpalay"	"Pierre de Courpalay"				"abbé de Saint-Jean de Laon"		Paris_AN_JJ_inventaire_JJ37-50_index.xlsx#d1e329677																						
85573	"Pierre de Cussy"	"Pierre de Cussy"						Paris_AN_JJ_inventaire_JJ37-50_index.xlsx#d1e329692																						
85574	"Pierre de Cuxac"	"Pierre de Cuxac"				"donzel, habitant à Béziers"		Paris_AN_JJ_inventaire_JJ37-50_index.xlsx#d1e329755																						
85576	"Pierre de Cuxac"	"Pierre de Cuxac"				"fustier de Narbonne"		Paris_AN_JJ_inventaire_JJ37-50_index.xlsx#d1e329770																						
85577	"Pierre de Denestanville"	"Pierre de Denestanville"						Paris_AN_JJ_inventaire_JJ37-50_index.xlsx#d1e329786																						
85578	"Pierre de Dicy"	"Pierre de Dicy"		"Petrus de Diciaco|Petrus de Dissi|P."		"P., Petrus de Diciaco, de Dissi"		Paris_AN_JJ_inventaire_JJ37-50_index.xlsx#d1e329801|Paris_AN_JJ_inventaire_JJ37-50_index.xlsx#d1e325676																						
85579	"Pierre de Falaise"	"Pierre de Falaise"						Paris_AN_JJ_inventaire_JJ37-50_index.xlsx#d1e329849																						
85580	"Pierre de Falgaribus"	"Pierre de Falgaribus"				"châtelain du Dunois pour le seigneur de Mirepoix"		Paris_AN_JJ_inventaire_JJ37-50_index.xlsx#d1e329864																						
85581	"Pierre de Fenilxis (Me)"	"Pierre de Fenilxis (Me)"				"notaire public de Toulouse"		Paris_AN_JJ_inventaire_JJ37-50_index.xlsx#d1e329879																						
85582	"Pierre de Fenouillet"	"Pierre de Fenouillet"				"fils d'Ave"		Paris_AN_JJ_inventaire_JJ37-50_index.xlsx#d1e329894																						
85583	"Pierre de Ferrières"	"Pierre de Ferrières"				bâtard		Paris_AN_JJ_inventaire_JJ37-50_index.xlsx#d1e329910																						
85584	"Pierre de Ferrières"	"Pierre de Ferrières"				"chevalier du roi"		Paris_AN_JJ_inventaire_JJ37-50_index.xlsx#d1e329925																						
85585	"Pierre de Flavigny (Me)"	"Pierre de Flavigny (Me)"						Paris_AN_JJ_inventaire_JJ37-50_index.xlsx#d1e329999																						
85586	Béatrice	Béatrice				"comtesse de Montfort-l'Amaury"		Paris_AN_JJ_inventaire_JJ37-50_index.xlsx#d1e151744																						
85587	"Pierre de Fontenay"	"Pierre de Fontenay"				chevalier		Paris_AN_JJ_inventaire_JJ37-50_index.xlsx#d1e330014																						
85588	"Pierre de Galard"	"Pierre de Galard"				"chevalier et maître des arbalétriers du roi, capitaine ou député en Flandre"		Paris_AN_JJ_inventaire_JJ37-50_index.xlsx#d1e330029																						
85589	"Pierre de Galeissac"	"Pierre de Galeissac"						Paris_AN_JJ_inventaire_JJ37-50_index.xlsx#d1e330056																						
85590	"Pierre de Galiciano"	"Pierre de Galiciano"				"chanoine d'Agen"		Paris_AN_JJ_inventaire_JJ37-50_index.xlsx#d1e330072																						
85591	"Pierre de Gannes"	"Pierre de Gannes"				écuyer		Paris_AN_JJ_inventaire_JJ37-50_index.xlsx#d1e330087																						
85592	"Pierre de Genevrières"	"Pierre de Genevrières"				"baile de Peyrusse"		Paris_AN_JJ_inventaire_JJ37-50_index.xlsx#d1e330102																						
85593	"Pierre de Gonesse (Me)"	"Pierre de Gonesse (Me)"				"procureur du Roi dans la sénéchaussée de Périgord et Quercy"		Paris_AN_JJ_inventaire_JJ37-50_index.xlsx#d1e330117																						
85594	"Pierre de Grez (Me)"	"Pierre de Grez (Me)"				"chancelier du roi Louis de Navarre"		Paris_AN_JJ_inventaire_JJ37-50_index.xlsx#d1e330132																						
85595	"Pierre de Grilly"	"Pierre de Grilly"				écuyer		Paris_AN_JJ_inventaire_JJ37-50_index.xlsx#d1e330174																						
85596	"Pierre II de Grilly"	"Pierre II de Grilly"				"vicomte de Bénauges et de Castillon-sur-Dordogne"		Paris_AN_JJ_inventaire_JJ37-50_index.xlsx#d1e330186																						
85597	Béatrice	Béatrice				"dame de Cysoing"		Paris_AN_JJ_inventaire_JJ37-50_index.xlsx#d1e151759																						
85598	"Pierre de Guigneville"	"Pierre de Guigneville"				chevalier		Paris_AN_JJ_inventaire_JJ37-50_index.xlsx#d1e330201																						
85599	"Pierre de Hangest"	"Pierre de Hangest"				"bailli de Rouen"		Paris_AN_JJ_inventaire_JJ37-50_index.xlsx#d1e330219																						
85600	"Pierre de Insula"	"Pierre de Insula"						Paris_AN_JJ_inventaire_JJ37-50_index.xlsx#d1e330275																						
85601	"Pierre de Jambville"	"Pierre de Jambville"				"écuyer du roi"		Paris_AN_JJ_inventaire_JJ37-50_index.xlsx#d1e330290																						
85602	"Pierre de Juniaco"	"Pierre de Juniaco"						Paris_AN_JJ_inventaire_JJ37-50_index.xlsx#d1e330305																						
85603	"Pierre de La Brosse"	"Pierre de La Brosse"					"sans doute le chambellan de Philippe III le Hardi"	Paris_AN_JJ_inventaire_JJ37-50_index.xlsx#d1e330321																						
85604	"Pierre de La Brosse"	"Pierre de La Brosse"				"jadis huissier d'armes du roi"		Paris_AN_JJ_inventaire_JJ37-50_index.xlsx#d1e330336																						
85605	"Pierre de La Chapelle-Taillefert"	"Pierre de La Chapelle-Taillefert"				"ami du roi, cardinal-évêque de Palestrina, Petrus episcopus Penestrinus"		Paris_AN_JJ_inventaire_JJ37-50_index.xlsx#d1e330351																						
85606	"Pierre de La Charmoye"	"Pierre de La Charmoye"						Paris_AN_JJ_inventaire_JJ37-50_index.xlsx#d1e330372																						
85607	"Pierre de La Clotte"	"Pierre de La Clotte"				"juge royal d'Albi et d'Albigeois"		Paris_AN_JJ_inventaire_JJ37-50_index.xlsx#d1e330387																						
85608	Béatrice	Béatrice				"femme de Chatard de Ravel"		Paris_AN_JJ_inventaire_JJ37-50_index.xlsx#d1e151770																						
85609	"Pierre de Lacourt"	"Pierre de Lacourt"				"marchand de Mirabel"		Paris_AN_JJ_inventaire_JJ37-50_index.xlsx#d1e330405																						
85610	"Pierre de La Crique"	"Pierre de La Crique"						Paris_AN_JJ_inventaire_JJ37-50_index.xlsx#d1e330421																						
85611	"Pierre de La Glaue"	"Pierre de La Glaue"						Paris_AN_JJ_inventaire_JJ37-50_index.xlsx#d1e330436																						
85612	"Pierre de La Haye"	"Pierre de La Haye"				écuyer		Paris_AN_JJ_inventaire_JJ37-50_index.xlsx#d1e330451																						
85613	"Pierre de La Marche"	"Pierre de La Marche"				chevalier		Paris_AN_JJ_inventaire_JJ37-50_index.xlsx#d1e330469																						
85614	"Pierre de La Motte"	"Pierre de La Motte"						Paris_AN_JJ_inventaire_JJ37-50_index.xlsx#d1e330484																						
85615	"Pierre de Laon"	"Pierre de Laon"		"Petrus de Lauduno"		"dominus Petrus de Lauduno, chanoine de Paris, clerc du roi"		Paris_AN_JJ_inventaire_JJ37-50_index.xlsx#d1e330499																						
85616	"Pierre de La Prade (Me)"	"Pierre de La Prade (Me)"				"dit Vidal, notaire royal de Narbonne"		Paris_AN_JJ_inventaire_JJ37-50_index.xlsx#d1e330537																						
85617	"Pierre de Latilly (Me)"	"Pierre de Latilly (Me)"				"Petrus de Latilli, de Latilliaco, clerc du roi"		Paris_AN_JJ_inventaire_JJ37-50_index.xlsx#d1e330555																						
85618	"Pierre de Lavaur"	"Pierre de Lavaur"				"frère de Sicard de Lavaur"		Paris_AN_JJ_inventaire_JJ37-50_index.xlsx#d1e330737																						
85619	Béatrice	Béatrice				"femme de Jean de Falvy"		Paris_AN_JJ_inventaire_JJ37-50_index.xlsx#d1e151785																						
85620	"Pierre de Lévis"	"Pierre de Lévis"				"évêque de Maguelonne"	-Mirepoix	Paris_AN_JJ_inventaire_JJ37-50_index.xlsx#d1e330752																						
85621	"Pierre de Lias"	"Pierre de Lias"				"notaire public royal de Franqueville"		Paris_AN_JJ_inventaire_JJ37-50_index.xlsx#d1e330788																						
85622	"Pierre de Lieucamp"	"Pierre de Lieucamp"				"habitant du bas château de Peyrusse-le-Roc"		Paris_AN_JJ_inventaire_JJ37-50_index.xlsx#d1e330803																						
85623	"Pierre de Litz"	"Pierre de Litz"				"moine de Saint-Lucien-de-Beauvais"		Paris_AN_JJ_inventaire_JJ37-50_index.xlsx#d1e330819																						
85624	"Pierre de Machau"	"Pierre de Machau"				"chevalier et chambellan du roi"		Paris_AN_JJ_inventaire_JJ37-50_index.xlsx#d1e330834																						
85625	"Pierre de Machau"	"Pierre de Machau"				"écuyer du roi"		Paris_AN_JJ_inventaire_JJ37-50_index.xlsx#d1e330849																						
85626	"Pierre de Machery"	"Pierre de Machery"				"chevalier du roi, et viguier de Béziers"		Paris_AN_JJ_inventaire_JJ37-50_index.xlsx#d1e330867																						
85627	"Pierre de Madolo"	"Pierre de Madolo"				"clerc, notaire public royal"		Paris_AN_JJ_inventaire_JJ37-50_index.xlsx#d1e330894																						
85628	"Pierre de Mantes"	"Pierre de Mantes"				"bourgeois royal de Paris"		Paris_AN_JJ_inventaire_JJ37-50_index.xlsx#d1e330909																						
85629	"Pierre de Matigny"	"Pierre de Matigny"				"queux du roi"		Paris_AN_JJ_inventaire_JJ37-50_index.xlsx#d1e330925																						
85630	Béatrice	Béatrice				"femme de Jean le Comte"		Paris_AN_JJ_inventaire_JJ37-50_index.xlsx#d1e151801																						
85631	"Pierre de Maumont"	"Pierre de Maumont"				"chevalier du roi, seigneur de Tournoël et de Châteauneuf-sur-Sioule"		Paris_AN_JJ_inventaire_JJ37-50_index.xlsx#d1e330943																						
85632	"Pierre de Melleville"	"Pierre de Melleville"				"seigneur de Bully, chevalier"		Paris_AN_JJ_inventaire_JJ37-50_index.xlsx#d1e330970																						
85633	"Pierre de Mons (Me)"	"Pierre de Mons (Me)"				"clerc du roi, commissaire d'Hugues de La Celle"		Paris_AN_JJ_inventaire_JJ37-50_index.xlsx#d1e330985																						
85634	"Pierre de Montedulci"	"Pierre de Montedulci"				notaire		Paris_AN_JJ_inventaire_JJ37-50_index.xlsx#d1e331000																						
85635	"Pierre de Montigny"	"Pierre de Montigny"				"garde du sceau de la prévôté de Beaumont-sur-Oise"		Paris_AN_JJ_inventaire_JJ37-50_index.xlsx#d1e331018																						
85636	"Pierre de Montreuil"	"Pierre de Montreuil"				"clerc notaire du roi au Châtelet"		Paris_AN_JJ_inventaire_JJ37-50_index.xlsx#d1e331034																						
85637	"Pierre de Mornay"	"Pierre de Mornay"				"évêque d'Auxerre"		Paris_AN_JJ_inventaire_JJ37-50_index.xlsx#d1e331049																						
85638	"Pierre de Moyaux"	"Pierre de Moyaux"				"chevalier, sa femme"		Paris_AN_JJ_inventaire_JJ37-50_index.xlsx#d1e331064																						
85639	"Pierre de Naillac"	"Pierre de Naillac"				"chevalier du roi"		Paris_AN_JJ_inventaire_JJ37-50_index.xlsx#d1e331079																						
85640	"Pierre de Nantes"	"Pierre de Nantes"				"doyen de l'église Saint-Thomas-du-Louvre"		Paris_AN_JJ_inventaire_JJ37-50_index.xlsx#d1e331094																						
85642	Béatrice	Béatrice				"femme de Renaud de Saint-Martin"		Paris_AN_JJ_inventaire_JJ37-50_index.xlsx#d1e151816																						
85643	"Pierre de Narbonne"	"Pierre de Narbonne"				"archidiacre de Dunois en l'église de Chartres"		Paris_AN_JJ_inventaire_JJ37-50_index.xlsx#d1e331109																						
85644	"Pierre de Nogarello ou Negarollo"	"Pierre de Nogarello ou Negarollo"				"donzel, sénéchal de la terre du seigneur de Mirepoix"		Paris_AN_JJ_inventaire_JJ37-50_index.xlsx#d1e331125																						
85645	"Pierre de Paratge (Me)"	"Pierre de Paratge (Me)"				"notaire royal public de Carcassonne et dans toute la sénéchaussée de Carcassonne, et de Béziers"		Paris_AN_JJ_inventaire_JJ37-50_index.xlsx#d1e331140																						
85646	"Pierre de Paray (frère)"	"Pierre de Paray (frère)"				"seigneur de Chesa et prieur de Menillo, dit aussi prieur de Chesa, clerc du roi"		Paris_AN_JJ_inventaire_JJ37-50_index.xlsx#d1e331174																						
85647	"Pierre de Parçon"	"Pierre de Parçon"				"notaire du sceau de la prévôté de Nevers"		Paris_AN_JJ_inventaire_JJ37-50_index.xlsx#d1e331192																						
85648	"Pierre Ier de Passy"	"Pierre Ier de Passy"				"chevalier du roi"		Paris_AN_JJ_inventaire_JJ37-50_index.xlsx#d1e331207																						
85649	"Pierre de Plottes"	"Pierre de Plottes"				"valet du roi, damoiseau, visiteur général du transit"		Paris_AN_JJ_inventaire_JJ37-50_index.xlsx#d1e331222																						
85650	"Pierre de Poissy"	"Pierre de Poissy"						Paris_AN_JJ_inventaire_JJ37-50_index.xlsx#d1e331238																						
85651	"Pierre d'Épône"	"Pierre d'Épône"				"chanoine de Nevers, garde du sceau de la prévôté de Nevers"		Paris_AN_JJ_inventaire_JJ37-50_index.xlsx#d1e331253																						
85652	"Pierre de Portu"	"Pierre de Portu"				"bourgeois de Narbonne"		Paris_AN_JJ_inventaire_JJ37-50_index.xlsx#d1e331268																						
85654	"Pierre de Pradines"	"Pierre de Pradines"				"chapelain majeur ou archichapelain de l'église Saint-Étienne de Toulouse, clerc du roi et receveur ou procureur royal des encours"		Paris_AN_JJ_inventaire_JJ37-50_index.xlsx#d1e331283																						
85655	"Pierre de Préaux"	"Pierre de Préaux"						Paris_AN_JJ_inventaire_JJ37-50_index.xlsx#d1e331304																						
85656	"Pierre de Prisio"	"Pierre de Prisio"				"ses héritiers"		Paris_AN_JJ_inventaire_JJ37-50_index.xlsx#d1e331319																						
85657	"Pierre de Prunay (Me)"	"Pierre de Prunay (Me)"				"P. de Pruneto, magister Petrus de Pruinet, Prunetus, clerc du roi, chanoine de Bourges"		Paris_AN_JJ_inventaire_JJ37-50_index.xlsx#d1e331335																						
85658	"Pierre de Remies"	"Pierre de Remies"						Paris_AN_JJ_inventaire_JJ37-50_index.xlsx#d1e331418																						
85660	"Pierre de Rougé"	"Pierre de Rougé"		"Pierre de Rogieu"		"de Rogieu (Me), receveur de l'exécution de la reine Jeanne en Champagne"		Paris_AN_JJ_inventaire_JJ37-50_index.xlsx#d1e331444|Paris_AN_JJ_inventaire_JJ37-50_index.xlsx#d1e331433																						
85661	"Pierre de Saint-Denis (Me)"	"Pierre de Saint-Denis (Me)"				"archidiacre en l'église de Rouen, clerc du roi"		Paris_AN_JJ_inventaire_JJ37-50_index.xlsx#d1e331474																						
85662	"Pierre de Sainte-Croix"	"Pierre de Sainte-Croix"				"chevalier du roi, Petrus de Sancta Cruce, miles regis"		Paris_AN_JJ_inventaire_JJ37-50_index.xlsx#d1e331492																						
85663	"Pierre de Saint-Germain"	"Pierre de Saint-Germain"				"queux du roi"		Paris_AN_JJ_inventaire_JJ37-50_index.xlsx#d1e331538																						
85664	Béatrice	Béatrice				"femme d'Huet, seigneur de la Ferté-Bernard"		Paris_AN_JJ_inventaire_JJ37-50_index.xlsx#d1e151842																						
85665	"Pierre de Samonac"	"Pierre de Samonac"						Paris_AN_JJ_inventaire_JJ37-50_index.xlsx#d1e331553																						
85666	"Pierre de Sarnois"	"Pierre de Sarnois"				"abbé de Saint-Lucien de Beauvais"		Paris_AN_JJ_inventaire_JJ37-50_index.xlsx#d1e331568																						
85667	"Pierre de Sauchoy"	"Pierre de Sauchoy"						Paris_AN_JJ_inventaire_JJ37-50_index.xlsx#d1e331583																						
85668	"Pierre des Cours"	"Pierre des Cours"						Paris_AN_JJ_inventaire_JJ37-50_index.xlsx#d1e331598																						
85669	"Pierre de Semur (Me)"	"Pierre de Semur (Me)"				"chanoine de Langres, conseiller de la duchesse et du duc de Bourgogne"		Paris_AN_JJ_inventaire_JJ37-50_index.xlsx#d1e331613																						
85670	"Pierre de Siorac (Me)"	"Pierre de Siorac (Me)"				"Petrus de Sioraco"		Paris_AN_JJ_inventaire_JJ37-50_index.xlsx#d1e331629																						
85671	"Pierre d'Espagne"	"Pierre d'Espagne"				"de Bazas"		Paris_AN_JJ_inventaire_JJ37-50_index.xlsx#d1e331664																						
85672	"Pierre d'Étampes"	"Pierre d'Étampes"				"Stampis, P. de Stampis, clerc du roi"		Paris_AN_JJ_inventaire_JJ37-50_index.xlsx#d1e331691																						
85673	"Pierre de Tarnesque"	"Pierre de Tarnesque"						Paris_AN_JJ_inventaire_JJ37-50_index.xlsx#d1e331765																						
85674	"Pierre de Toulouse"	"Pierre de Toulouse"				"bourgeois de Dax"		Paris_AN_JJ_inventaire_JJ37-50_index.xlsx#d1e331780																						
85675	Béatrice	Béatrice				"fille de feu Jean de Bourbon"		Paris_AN_JJ_inventaire_JJ37-50_index.xlsx#d1e151857																						
85676	"Pierre de Vatan"	"Pierre de Vatan"				"chevalier, fils de Luce"		Paris_AN_JJ_inventaire_JJ37-50_index.xlsx#d1e331795																						
85677	"Pierre de Vendôme"	"Pierre de Vendôme"				"jadis chanoine de Tours"		Paris_AN_JJ_inventaire_JJ37-50_index.xlsx#d1e331811																						
85678	"Pierre de Ver"	"Pierre de Ver"				"sergent royal du plaid de l'épée de Pont-l'Abbé"		Paris_AN_JJ_inventaire_JJ37-50_index.xlsx#d1e331826																						
85679	"Pierre de Vésigneul"	"Pierre de Vésigneul"				"dit Grosse Tête"		Paris_AN_JJ_inventaire_JJ37-50_index.xlsx#d1e331841																						
85680	"Pierre de Vilaine"	"Pierre de Vilaine"				chevalier		Paris_AN_JJ_inventaire_JJ37-50_index.xlsx#d1e331856																						
85681	"Pierre de Ville"	"Pierre de Ville"				écuyer		Paris_AN_JJ_inventaire_JJ37-50_index.xlsx#d1e331883																						
85682	"Pierre de Ville"	"Pierre de Ville"				"prévôt de Grez-sur-Loing"		Paris_AN_JJ_inventaire_JJ37-50_index.xlsx#d1e331898																						
85683	"Pierre de Villeblevin"	"Pierre de Villeblevin"				"sénéchal de Poitou et de Limousin"		Paris_AN_JJ_inventaire_JJ37-50_index.xlsx#d1e331914																						
85684	"Pierre de Vitry"	"Pierre de Vitry"				"fils de Geoffroi de Vitry"		Paris_AN_JJ_inventaire_JJ37-50_index.xlsx#d1e331941																						
85685	"Pierre de Vougon"	"Pierre de Vougon"				"marchand de porcs"		Paris_AN_JJ_inventaire_JJ37-50_index.xlsx#d1e331956																						
85686	Béatrice	Béatrice				"veuve de Jean Brasseau"		Paris_AN_JJ_inventaire_JJ37-50_index.xlsx#d1e151868																						
85687	"Pierre d'Exideuil"	"Pierre d'Exideuil"				"clerc du roi"		Paris_AN_JJ_inventaire_JJ37-50_index.xlsx#d1e331971																						
85688	"Pierre d'Heilly"	"Pierre d'Heilly"				"chevalier du roi"		Paris_AN_JJ_inventaire_JJ37-50_index.xlsx#d1e331986																						
85689	"Pierre d'Hérouville"	"Pierre d'Hérouville"				"clerc du roi"		Paris_AN_JJ_inventaire_JJ37-50_index.xlsx#d1e332001																						
85690	"Pierre d'Orgemont (Me)"	"Pierre d'Orgemont (Me)"				clerc		Paris_AN_JJ_inventaire_JJ37-50_index.xlsx#d1e332039																						
85691	"Pierre du Bois ou Dubois"	"Pierre du Bois ou Dubois"				"avocat du roi au bailliage de Coutances"		Paris_AN_JJ_inventaire_JJ37-50_index.xlsx#d1e332054																						
85692	"Pierre du Bois-Hibout"	"Pierre du Bois-Hibout"						Paris_AN_JJ_inventaire_JJ37-50_index.xlsx#d1e332069																						
85693	"Pierre du Chanoy"	"Pierre du Chanoy"				"écuyer, valet du roi"		Paris_AN_JJ_inventaire_JJ37-50_index.xlsx#d1e332084																						
85694	"Pierre du Chastel"	"Pierre du Chastel"				"de Nemours, clerc du roi"		Paris_AN_JJ_inventaire_JJ37-50_index.xlsx#d1e332100																						
85695	"Pierre du Greffe"	"Pierre du Greffe"				"d'Ambleny, clerc et commissaire du roi"		Paris_AN_JJ_inventaire_JJ37-50_index.xlsx#d1e332115																						
85696	"Pierre du Hamel"	"Pierre du Hamel"				écuyer		Paris_AN_JJ_inventaire_JJ37-50_index.xlsx#d1e332130																						
85697	"Béatrice de Bourgogne"	"Béatrice de Bourgogne"		"Bourgogne (Béatrice de)|Béatrice"		"comtesse de Clermont et dame de Bourbon, femme de Robert de France"		Paris_AN_JJ_inventaire_JJ37-50_index.xlsx#d1e151884|Paris_AN_JJ_inventaire_JJ37-50_index.xlsx#d1e151831|Paris_AN_JJ_inventaire_JJ37-50_index.xlsx#d1e151733																						
85698	"Pierre du Sirech (Me)"	"Pierre du Sirech (Me)"				"baile royal d'Almont"		Paris_AN_JJ_inventaire_JJ37-50_index.xlsx#d1e332145																						
85699	"Pierre Grosse Tête"	"Pierre Grosse Tête"						Paris_AN_JJ_inventaire_JJ37-50_index.xlsx#d1e332384																						
85700	"Pierre le Couard"	"Pierre le Couard"						Paris_AN_JJ_inventaire_JJ37-50_index.xlsx#d1e332506																						
85701	"Pierre-Arnaud de Ferbeaux"	"Pierre-Arnaud de Ferbeaux"				"habitant de Mont-de-Marsan"		Paris_AN_JJ_inventaire_JJ37-50_index.xlsx#d1e333121																						
85702	"Pierre-Arnaud de Lanne"	"Pierre-Arnaud de Lanne"				"marchand de Bayonne"		Paris_AN_JJ_inventaire_JJ37-50_index.xlsx#d1e333136																						
85703	"Pierre-Arnaud de Resenso"	"Pierre-Arnaud de Resenso"				"de Pavie"		Paris_AN_JJ_inventaire_JJ37-50_index.xlsx#d1e333151																						
85704	"Pierre-Arnaud de Saubagnac"	"Pierre-Arnaud de Saubagnac"				"bourgeois de Bayonne"		Paris_AN_JJ_inventaire_JJ37-50_index.xlsx#d1e333166																						
85705	"Pierre-Arnaud de Vielle"	"Pierre-Arnaud de Vielle"				"bourgeois de Bayonne"		Paris_AN_JJ_inventaire_JJ37-50_index.xlsx#d1e333181																						
85706	"Pierre-Bernard de Caragoudes"	"Pierre-Bernard de Caragoudes"						Paris_AN_JJ_inventaire_JJ37-50_index.xlsx#d1e333208																						
85707	"Pierre-Guilhem de Menta"	"Pierre-Guilhem de Menta"				"héritier du suivant"		Paris_AN_JJ_inventaire_JJ37-50_index.xlsx#d1e333393																						
85708	"Béatrice de Bourgogne"	"Béatrice de Bourgogne"				"comtesse de La Marche et d'Angoulême, veuve d'Hugues XIII le Brun"		Paris_AN_JJ_inventaire_JJ37-50_index.xlsx#d1e151905																						
85709	"Pierre-Guilhem de Menta"	"Pierre-Guilhem de Menta"				"marchand de Bayonne"		Paris_AN_JJ_inventaire_JJ37-50_index.xlsx#d1e333408																						
85710	"Pierre-Raimond de Saint-Paul"	"Pierre-Raimond de Saint-Paul"				donzel		Paris_AN_JJ_inventaire_JJ37-50_index.xlsx#d1e333487																						
85711	"Pierre-Raimond Vallergue"	"Pierre-Raimond Vallergue"				"de Roquemaure, donzel"		Paris_AN_JJ_inventaire_JJ37-50_index.xlsx#d1e333508																						
85712	"Pierre-Sanche de Jatxou"	"Pierre-Sanche de Jatxou"				"maire de Bayonne"		Paris_AN_JJ_inventaire_JJ37-50_index.xlsx#d1e333523																						
85713	Pierrot	Pierrot				"v. en général Perrot"		Paris_AN_JJ_inventaire_JJ37-50_index.xlsx#d1e333554																						
85715	"Pile (Guilhem)"	"Pile (Guilhem)"						Paris_AN_JJ_inventaire_JJ37-50_index.xlsx#d1e333619																						
85716	"Pilet (Jean)"	"Pilet (Jean)"				"châtelain de Caylus et maître des forêts du Languedoc"		Paris_AN_JJ_inventaire_JJ37-50_index.xlsx#d1e333634																						
85717	Pin	Pin				clerc		Paris_AN_JJ_inventaire_JJ37-50_index.xlsx#d1e333675																						
85718	"Pinel (Adam)"	"Pinel (Adam)"				"bourgeois de Corbeil"		Paris_AN_JJ_inventaire_JJ37-50_index.xlsx#d1e333756																						
85719	"Béatrice de Cysoing"	"Béatrice de Cysoing"				"dame du lieu, femme de Jean de Walincourt"		Paris_AN_JJ_inventaire_JJ37-50_index.xlsx#d1e151929																						
85720	"Pinel (Jean) archer du Roi"	"Pinel (Jean) archer du Roi"						Paris_AN_JJ_inventaire_JJ37-50_index.xlsx#d1e333771																						
85722	"Piquard (Gautier)"	"Piquard (Gautier)"				"tabellion du roi à Neufchâtel-on-Bray"		Paris_AN_JJ_inventaire_JJ37-50_index.xlsx#d1e333849																						
85723	"Piquois (Simon)"	"Piquois (Simon)"						Paris_AN_JJ_inventaire_JJ37-50_index.xlsx#d1e333875																						
85725	"Pituaire (Bertrand)"	"Pituaire (Bertrand)"				"chambrier du monastère de Fons"		Paris_AN_JJ_inventaire_JJ37-50_index.xlsx#d1e333966																						
85726	Plaisance	Plaisance				"femme de Raimond de Malras"		Paris_AN_JJ_inventaire_JJ37-50_index.xlsx#d1e333996																						
85730	"Béatrice de Flandre"	"Béatrice de Flandre"				"comtesse de Blois et dame d'Avesnes, femme de Hugues de Châtillon"		Paris_AN_JJ_inventaire_JJ37-50_index.xlsx#d1e151947																						
85733	"Plégade (Jean)"	"Plégade (Jean)"				"syndic des consuls et de la communauté de Fons"		Paris_AN_JJ_inventaire_JJ37-50_index.xlsx#d1e334267																						
85734	"Plichon (André)"	"Plichon (André)"				"clerc tabellion royal à Gournay-en-Bray"		Paris_AN_JJ_inventaire_JJ37-50_index.xlsx#d1e334544																						
85735	"Ploiebauch (Jean)"	"Ploiebauch (Jean)"				"garde de la prévôté de Paris"		Paris_AN_JJ_inventaire_JJ37-50_index.xlsx#d1e334574																						
85738	"Pocheron (André)"	"Pocheron (André)"				"chanoine d'Arras"		Paris_AN_JJ_inventaire_JJ37-50_index.xlsx#d1e334765																						
85741	"Béatrice de Frévillers"	"Béatrice de Frévillers"				"demoiselle de feue la reine Jeanne"		Paris_AN_JJ_inventaire_JJ37-50_index.xlsx#d1e151962																						
85744	"Poignart (Renaud)"	"Poignart (Renaud)"				"prêtre, chapelain dans l'église Notre-Dame de Loches"		Paris_AN_JJ_inventaire_JJ37-50_index.xlsx#d1e334967																						
85745	"Poillevé (Thomas)"	"Poillevé (Thomas)"				"sa fille"		Paris_AN_JJ_inventaire_JJ37-50_index.xlsx#d1e334998																						
85747	"Poinsard de Rans"	"Poinsard de Rans"				"sénéchal de Bourgogne"		Paris_AN_JJ_inventaire_JJ37-50_index.xlsx#d1e335033																						
85749	"Poitevin (Michel)"	"Poitevin (Michel)"					"francisation de Peitavi"	Paris_AN_JJ_inventaire_JJ37-50_index.xlsx#d1e336005																						
85751	"Poli de Fleury"	"Poli de Fleury"						Paris_AN_JJ_inventaire_JJ37-50_index.xlsx#d1e336809																						
85752	Agnès	Agnès				"femme de Guillaume d'Arbourse"		Paris_AN_JJ_inventaire_JJ37-50_index.xlsx#d1e133571																						
85753	"Béatrice de Montgâcon"	"Béatrice de Montgâcon"				"femme de Robert VI, comte d'Auvergne et de Boulogne"		Paris_AN_JJ_inventaire_JJ37-50_index.xlsx#d1e151977																						
85754	"Polin (Richard)"	"Polin (Richard)"						Paris_AN_JJ_inventaire_JJ37-50_index.xlsx#d1e336857																						
85755	"Pommier (Jean)"	"Pommier (Jean)"				"valet du comte Charles de Valois"		Paris_AN_JJ_inventaire_JJ37-50_index.xlsx#d1e336944																						
85757	"Pons (Bernard)"	"Pons (Bernard)"				"bourgeois de Capestang"		Paris_AN_JJ_inventaire_JJ37-50_index.xlsx#d1e337165																						
85758	"Pons (Bernard)"	"Pons (Bernard)"				"notaire de Narbonne"		Paris_AN_JJ_inventaire_JJ37-50_index.xlsx#d1e337181																						
85759	"Pons (Géraud)"	"Pons (Géraud)"				"clerc juré, coadjuteur du notaire Rigaud de Béduer"		Paris_AN_JJ_inventaire_JJ37-50_index.xlsx#d1e337196																						
85760	Pons	Pons				"abbé de Bonnecombe"		Paris_AN_JJ_inventaire_JJ37-50_index.xlsx#d1e337211																						
85761	Pons	Pons				"frère de Bernard de Castillous, de Cambiac"		Paris_AN_JJ_inventaire_JJ37-50_index.xlsx#d1e337226																						
85762	"Pons d'Aumelas"	"Pons d'Aumelas"				"juge mage de Rouergue"		Paris_AN_JJ_inventaire_JJ37-50_index.xlsx#d1e337286																						
85763	"Pons d'Auriao"	"Pons d'Auriao"				"sous-viguier de la Cour royale de Nîmes, commissaire de l'affaire des juifs à Nîmes"		Paris_AN_JJ_inventaire_JJ37-50_index.xlsx#d1e337316																						
85764	"Béatrice de Montreuil"	"Béatrice de Montreuil"				"demoiselle de la reine Marie de Brabant"		Paris_AN_JJ_inventaire_JJ37-50_index.xlsx#d1e151993																						
85765	"Pons de Cannes (Me)"	"Pons de Cannes (Me)"				notaire		Paris_AN_JJ_inventaire_JJ37-50_index.xlsx#d1e337331																						
85766	"Pons de Caramany"	"Pons de Caramany"				"chevalier du roi"		Paris_AN_JJ_inventaire_JJ37-50_index.xlsx#d1e337346																						
85767	"Pons de Castanet"	"Pons de Castanet"						Paris_AN_JJ_inventaire_JJ37-50_index.xlsx#d1e337362																						
85768	"Pons de Heraudeto"	"Pons de Heraudeto"				"notaire du roi"		Paris_AN_JJ_inventaire_JJ37-50_index.xlsx#d1e337377																						
85769	"Pons de La Tour"	"Pons de La Tour"						Paris_AN_JJ_inventaire_JJ37-50_index.xlsx#d1e337392																						
85770	"Pons de La Tour"	"Pons de La Tour"				"chevalier de Laurac, co-seigneur de Montaurioi"		Paris_AN_JJ_inventaire_JJ37-50_index.xlsx#d1e337404																						
85771	"Pons de Prinhaco"	"Pons de Prinhaco"				donzel		Paris_AN_JJ_inventaire_JJ37-50_index.xlsx#d1e337419																						
85772	"Pons de Suris"	"Pons de Suris"				"baile de Molières"		Paris_AN_JJ_inventaire_JJ37-50_index.xlsx#d1e337440																						
85773	"Pons de Toirodes"	"Pons de Toirodes"				"arbalétrier du roi"		Paris_AN_JJ_inventaire_JJ37-50_index.xlsx#d1e337455																						
85774	"Pons de Villemur"	"Pons de Villemur"						Paris_AN_JJ_inventaire_JJ37-50_index.xlsx#d1e337471																						
85776	"Pons-Pierre de Sauvian"	"Pons-Pierre de Sauvian"				donzel		Paris_AN_JJ_inventaire_JJ37-50_index.xlsx#d1e337664																						
85783	"Popin (Bertelot)"	"Popin (Bertelot)"					"de Paris"	Paris_AN_JJ_inventaire_JJ37-50_index.xlsx#d1e339233																						
85784	"Porcel (Guilhem)"	"Porcel (Guilhem)"				"bourgeois de Narbonne"		Paris_AN_JJ_inventaire_JJ37-50_index.xlsx#d1e339248																						
85790	"Portechape (Mahaut)"	"Portechape (Mahaut)"				"de Gournay-en-Bray"		Paris_AN_JJ_inventaire_JJ37-50_index.xlsx#d1e339654																						
85792	"Portier (Thomas)"	"Portier (Thomas)"						Paris_AN_JJ_inventaire_JJ37-50_index.xlsx#d1e339759																						
85794	"Potier (Clair)"	"Potier (Clair)"				"sa veuve"		Paris_AN_JJ_inventaire_JJ37-50_index.xlsx#d1e339935																						
85795	"Potier (Jean)"	"Potier (Jean)"						Paris_AN_JJ_inventaire_JJ37-50_index.xlsx#d1e339950																						
85796	"Potin (Jean)"	"Potin (Jean)"				"bourgeois de Saint-Jean-d'Angély"		Paris_AN_JJ_inventaire_JJ37-50_index.xlsx#d1e339965																						
85801	"Poulain (Richard)"	"Poulain (Richard)"				"Polin (Richard)"		Paris_AN_JJ_inventaire_JJ37-50_index.xlsx#d1e340089																						
85802	"Poupart (Aimeri)"	"Poupart (Aimeri)"				"chevalier du roi"		Paris_AN_JJ_inventaire_JJ37-50_index.xlsx#d1e340107																						
85803	"Pourrigal (Guillaume)"	"Pourrigal (Guillaume)"				"talemelier et bourgeois de Paris"		Paris_AN_JJ_inventaire_JJ37-50_index.xlsx#d1e340138																						
85804	"Poussart (Me Laurent)"	"Poussart (Me Laurent)"				"de La Rochelle, clerc du roi"		Paris_AN_JJ_inventaire_JJ37-50_index.xlsx#d1e340168																						
85810	"Pradier (Pierre)"	"Pradier (Pierre)"						Paris_AN_JJ_inventaire_JJ37-50_index.xlsx#d1e340312																						
85819	"Beaumarchand (Raoul dit)"	"Beaumarchand (Raoul dit)"						Paris_AN_JJ_inventaire_JJ37-50_index.xlsx#d1e153107																						
85824	"Prévost (Pierre)"	"Prévost (Pierre)"				"de Montargis, commissaire du bailli d'Orléans"		Paris_AN_JJ_inventaire_JJ37-50_index.xlsx#d1e341201																						
85833	"Pruinet (magister Petrus de)"	"Pruinet (magister Petrus de)"						Paris_AN_JJ_inventaire_JJ37-50_index.xlsx#d1e341720																						
85838	"Puelle d'Armagnac"	"Puelle d'Armagnac"				"1re femme de Bernard VII, comte de Comminges"		Paris_AN_JJ_inventaire_JJ37-50_index.xlsx#d1e342045																						
85845	"Puy (Pierre)"	"Puy (Pierre)"				"notaire de la cour du viguier de Toulouse et du sceau de la sénéchaussée et viguerie de Toulouse"		Paris_AN_JJ_inventaire_JJ37-50_index.xlsx#d1e342398																						
85853	"Quirino (Matteo)"	"Quirino (Matteo)"				"ambassadeur de Venise"		Paris_AN_JJ_inventaire_JJ37-50_index.xlsx#d1e343297																						
85854	R.	R.				"sous-doyen de l'église d'Orléans"		Paris_AN_JJ_inventaire_JJ37-50_index.xlsx#d1e343328																						
85855	"R. de Albigniaco"	"R. de Albigniaco"				signatures	"Renaud d'Aubigny, notaire du roi"	Paris_AN_JJ_inventaire_JJ37-50_index.xlsx#d1e343343																						
85856	"R. de Joiaco"	"R. de Joiaco"						Paris_AN_JJ_inventaire_JJ37-50_index.xlsx#d1e343378																						
85857	"R. de Perellis"	"R. de Perellis"						Paris_AN_JJ_inventaire_JJ37-50_index.xlsx#d1e343389																						
85858	"R. Parquerii"	"R. Parquerii"						Paris_AN_JJ_inventaire_JJ37-50_index.xlsx#d1e343400																						
85859	"R. Thibotout"	"R. Thibotout"				"Thiboutot, Thibotot"		Paris_AN_JJ_inventaire_JJ37-50_index.xlsx#d1e343412																						
85862	"Radulphus de Joyaco"	"Radulphus de Joyaco"						Paris_AN_JJ_inventaire_JJ37-50_index.xlsx#d1e343553																						
85863	Agnès	Agnès				"femme de Guillaume Païen"		Paris_AN_JJ_inventaire_JJ37-50_index.xlsx#d1e133587																						
85865	"Radulphus Rosseleti (magister)"	"Radulphus Rosseleti (magister)"						Paris_AN_JJ_inventaire_JJ37-50_index.xlsx#d1e343564																						
85866	"Rahier (Jean)"	"Rahier (Jean)"						Paris_AN_JJ_inventaire_JJ37-50_index.xlsx#d1e343621																						
85867	"Raille (Jean)"	"Raille (Jean)"				"barbier et valet de chambre du roi"		Paris_AN_JJ_inventaire_JJ37-50_index.xlsx#d1e343651																						
85868	"Raimbaut (Bernard)"	"Raimbaut (Bernard)"				"bourgeois et régent du consulat de Narbonne"		Paris_AN_JJ_inventaire_JJ37-50_index.xlsx#d1e343666																						
85869	Raimond	Raimond				clerc		Paris_AN_JJ_inventaire_JJ37-50_index.xlsx#d1e343693																						
85870	"Raimond VII"	"Raimond VII"				"comte de Toulouse"		Paris_AN_JJ_inventaire_JJ37-50_index.xlsx#d1e343708																						
85871	Raimond	Raimond				"fils de Raimond Pelet"		Paris_AN_JJ_inventaire_JJ37-50_index.xlsx#d1e343723																						
85872	Raimond	Raimond				"vicomte de Fronsac"		Paris_AN_JJ_inventaire_JJ37-50_index.xlsx#d1e343741																						
85873	"Raimond d'Alvergne"	"Raimond d'Alvergne"				"consul de Fons"		Paris_AN_JJ_inventaire_JJ37-50_index.xlsx#d1e343901																						
85874	"Raimond d'Aramon"	"Raimond d'Aramon"				"chevalier, lieutenant de Galban Bon-et-Bel"		Paris_AN_JJ_inventaire_JJ37-50_index.xlsx#d1e343917																						
85876	"Raimond d'Auterive"	"Raimond d'Auterive"				"chevalier, père du suivant"		Paris_AN_JJ_inventaire_JJ37-50_index.xlsx#d1e343943																						
85877	"Raimond d'Auterive"	"Raimond d'Auterive"				"donzel, fils du précédent, seigneur de Préserville"		Paris_AN_JJ_inventaire_JJ37-50_index.xlsx#d1e343958																						
85878	"Raimond de Bages"	"Raimond de Bages"				"moine et syndic de Fontfroide"		Paris_AN_JJ_inventaire_JJ37-50_index.xlsx#d1e343973																						
85879	"Raimond de Barjac"	"Raimond de Barjac"				donzel		Paris_AN_JJ_inventaire_JJ37-50_index.xlsx#d1e343988																						
85880	"Raimond de Belvès"	"Raimond de Belvès"				"consul de Port-Sainte-Marie"		Paris_AN_JJ_inventaire_JJ37-50_index.xlsx#d1e344004																						
85881	"Raimond de Bernadou (Me)"	"Raimond de Bernadou (Me)"				"avocat du roi"	"dans la sénéchaussée d'Agenais"	Paris_AN_JJ_inventaire_JJ37-50_index.xlsx#d1e344019																						
85882	"Raimond de Bornazello"	"Raimond de Bornazello"				"correcteur de Tudela"		Paris_AN_JJ_inventaire_JJ37-50_index.xlsx#d1e344034																						
85883	"Raimond de Canet"	"Raimond de Canet"				"chevalier du roi"		Paris_AN_JJ_inventaire_JJ37-50_index.xlsx#d1e344049																						
85884	"Raimond de Cassino"	"Raimond de Cassino"				"procureur des consuls de Lapenne"		Paris_AN_JJ_inventaire_JJ37-50_index.xlsx#d1e344064																						
85885	"Raimond de Châteauneuf"	"Raimond de Châteauneuf"				"abbé de Charroux"		Paris_AN_JJ_inventaire_JJ37-50_index.xlsx#d1e344079																						
85887	"Raimond de Durban"	"Raimond de Durban"				"co-seigneur du château de Leucate"		Paris_AN_JJ_inventaire_JJ37-50_index.xlsx#d1e344098																						
85888	"Raimond de Ecclesia (frère)"	"Raimond de Ecclesia (frère)"				"prieur de Fontfroide"		Paris_AN_JJ_inventaire_JJ37-50_index.xlsx#d1e344116																						
85889	"Raimond de Gaudiès"	"Raimond de Gaudiès"				"procureur royal dans toute la sénéchaussée et viguerie de Toulouse"		Paris_AN_JJ_inventaire_JJ37-50_index.xlsx#d1e344131																						
85890	"Raimond de Got"	"Raimond de Got"				"Raimundus de Goto, cardinal-diacre de Sainte-Marie-Nouvelle"		Paris_AN_JJ_inventaire_JJ37-50_index.xlsx#d1e344158																						
85891	"Raimond de Lesparte"	"Raimond de Lesparte"				"clerc, procureur de Charroux"		Paris_AN_JJ_inventaire_JJ37-50_index.xlsx#d1e344176																						
85892	"Raimond de Limoges"	"Raimond de Limoges"				"de Bordeaux"		Paris_AN_JJ_inventaire_JJ37-50_index.xlsx#d1e344191																						
85893	"Raimond de Lobet (Me)"	"Raimond de Lobet (Me)"				"jadis bourgeois de Saint-Jean-d'Angély, son fils et héritier"		Paris_AN_JJ_inventaire_JJ37-50_index.xlsx#d1e344207																						
85894	"Raimond de Malras"	"Raimond de Malras"				"épicier de Narbonne, sa femme"		Paris_AN_JJ_inventaire_JJ37-50_index.xlsx#d1e344222																						
85895	"Raimond de Marquefave"	"Raimond de Marquefave"				chevalier		Paris_AN_JJ_inventaire_JJ37-50_index.xlsx#d1e344237																						
85896	"Raimond de Martiel"	"Raimond de Martiel"						Paris_AN_JJ_inventaire_JJ37-50_index.xlsx#d1e344255																						
85897	"Bécard de Pénil (Étienne)"	"Bécard de Pénil (Étienne)"				"jadis archevêque de Sens"		Paris_AN_JJ_inventaire_JJ37-50_index.xlsx#d1e154270																						
85898	"Raimond de Mauguio"	"Raimond de Mauguio"				chevalier		Paris_AN_JJ_inventaire_JJ37-50_index.xlsx#d1e344266																						
85899	"Raimond de Montanceix"	"Raimond de Montanceix"				chevalier		Paris_AN_JJ_inventaire_JJ37-50_index.xlsx#d1e344281																						
85900	"Raimond de Montolieu"	"Raimond de Montolieu"				"procureur royal dans la jugerie de Lauragais"		Paris_AN_JJ_inventaire_JJ37-50_index.xlsx#d1e344297																						
85901	"Raimond de Peilhan"	"Raimond de Peilhan"				"archidiacre de Fenouillet"		Paris_AN_JJ_inventaire_JJ37-50_index.xlsx#d1e344315																						
85902	"Raimond de Peyrusse (Me)"	"Raimond de Peyrusse (Me)"				"clerc du Roi et juge de Millau"		Paris_AN_JJ_inventaire_JJ37-50_index.xlsx#d1e344330																						
85903	"Raimond de Podio (Me)"	"Raimond de Podio (Me)"				"notaire royal du château de Pézenas"		Paris_AN_JJ_inventaire_JJ37-50_index.xlsx#d1e344345																						
85904	"Raimond de Pradines"	"Raimond de Pradines"						Paris_AN_JJ_inventaire_JJ37-50_index.xlsx#d1e344360																						
85905	"Raimond de Pruines"	"Raimond de Pruines"				donzel		Paris_AN_JJ_inventaire_JJ37-50_index.xlsx#d1e344375																						
85906	"Raimond de Rèdes (Me)"	"Raimond de Rèdes (Me)"				"notaire de Pézenas"		Paris_AN_JJ_inventaire_JJ37-50_index.xlsx#d1e344391																						
85907	"Raimond de Saint-Maurice"	"Raimond de Saint-Maurice"						Paris_AN_JJ_inventaire_JJ37-50_index.xlsx#d1e344406																						
85908	"Becquet (Enjorrand) ou du Becquet"	"Becquet (Enjorrand) ou du Becquet"				"écuyer, seigneur du Plouy"		Paris_AN_JJ_inventaire_JJ37-50_index.xlsx#d1e154437																						
85909	"Raimond de Sauve (Me)"	"Raimond de Sauve (Me)"				"prévôt de l'église d'Uzès"		Paris_AN_JJ_inventaire_JJ37-50_index.xlsx#d1e344421																						
85910	"Raimond d'Escondissant"	"Raimond d'Escondissant"						Paris_AN_JJ_inventaire_JJ37-50_index.xlsx#d1e344436																						
85911	"Raimond de Toirodes"	"Raimond de Toirodes"						Paris_AN_JJ_inventaire_JJ37-50_index.xlsx#d1e344451																						
85912	"Raimond de Villar"	"Raimond de Villar"				"professeur ès lois, résidant à Carcassonne"		Paris_AN_JJ_inventaire_JJ37-50_index.xlsx#d1e344466																						
85913	"Raimond de Vindran (corr. du Vintrou)"	"Raimond de Vindran (corr. du Vintrou)"				donzel		Paris_AN_JJ_inventaire_JJ37-50_index.xlsx#d1e344482																						
85914	"Raimond du Pradal"	"Raimond du Pradal"				"procureur du roi, dans l'Albigeois"		Paris_AN_JJ_inventaire_JJ37-50_index.xlsx#d1e344497																						
85915	"Raimond du Pradel"	"Raimond du Pradel"				"notaire du roi au château neuf de Rouaix"		Paris_AN_JJ_inventaire_JJ37-50_index.xlsx#d1e344524																						
85916	"Raimond du Pradel (Me)"	"Raimond du Pradel (Me)"				notaire	"dans le Vivarais"	Paris_AN_JJ_inventaire_JJ37-50_index.xlsx#d1e344539																						
85917	"Raimond du Vintrou"	"Raimond du Vintrou"						Paris_AN_JJ_inventaire_JJ37-50_index.xlsx#d1e344565																						
85918	Raimond-Arnaud	Raimond-Arnaud				"seigneur de Gerderest, donzel"		Paris_AN_JJ_inventaire_JJ37-50_index.xlsx#d1e344945																						
85920	"Raimond-Arnaud de Maisonneuve"	"Raimond-Arnaud de Maisonneuve"				"sa fille et héritière"		Paris_AN_JJ_inventaire_JJ37-50_index.xlsx#d1e344960																						
85921	"Raimond-Arnaud de Vindran (corr. du Vintrou)"	"Raimond-Arnaud de Vindran (corr. du Vintrou)"				donzel		Paris_AN_JJ_inventaire_JJ37-50_index.xlsx#d1e344975																						
85922	"Raimond-Bernard de Durfort"	"Raimond-Bernard de Durfort"				"chevalier du Roi"		Paris_AN_JJ_inventaire_JJ37-50_index.xlsx#d1e344991																						
85923	"Raimond-Brun III"	"Raimond-Brun III"				"seigneur de Gramont, chevalier du roi"		Paris_AN_JJ_inventaire_JJ37-50_index.xlsx#d1e345018																						
85924	"Raimond-Guilhem de Budos"	"Raimond-Guilhem de Budos"		"Raymundus Guillelmi, dominus de Bedolio"		"Raymundus Guillelmi, dominus de Bedolio, neveu du pape Clément V, chevalier ou chevalier du roi"		Paris_AN_JJ_inventaire_JJ37-50_index.xlsx#d1e345033|Paris_AN_JJ_inventaire_JJ37-50_index.xlsx#d1e346860																						
85925	"Raimond Guilhem de Clermont"	"Raimond Guilhem de Clermont"				"fils de Bérenger IV Guilhem"		Paris_AN_JJ_inventaire_JJ37-50_index.xlsx#d1e345051																						
85926	"Raimonde (Isambard)"	"Raimonde (Isambard)"				"de Saint-Antonin"		Paris_AN_JJ_inventaire_JJ37-50_index.xlsx#d1e345066																						
85927	Raimonde	Raimonde				"fille de Blanche de Minerve"		Paris_AN_JJ_inventaire_JJ37-50_index.xlsx#d1e345081																						
85928	"Raimonde (sœur)"	"Raimonde (sœur)"				"maîtresse de l'Hôpital de Miélan"		Paris_AN_JJ_inventaire_JJ37-50_index.xlsx#d1e345097																						
85929	"Raimundus de Goto"	"Raimundus de Goto"						Paris_AN_JJ_inventaire_JJ37-50_index.xlsx#d1e345112																						
85931	"Rainard de Mezet"	"Rainard de Mezet"				"doyen de Clermont"		Paris_AN_JJ_inventaire_JJ37-50_index.xlsx#d1e345123																						
85932	"Rainaud de Béduer"	"Rainaud de Béduer"				"corr. et"		Paris_AN_JJ_inventaire_JJ37-50_index.xlsx#d1e345138																						
85933	"Rainaud de La Porte"	"Rainaud de La Porte"				"évêque de Limoges"		Paris_AN_JJ_inventaire_JJ37-50_index.xlsx#d1e345149																						
85934	"Rainaud de La Ville Nueve"	"Rainaud de La Ville Nueve"		"Rainaud de Villanova"		"de Villanova, archidiacre de Kalamata, chancelier de l'empire de Constantinople"		Paris_AN_JJ_inventaire_JJ37-50_index.xlsx#d1e345164|Paris_AN_JJ_inventaire_JJ37-50_index.xlsx#d1e345186																						
85936	"Rainfroi de Montpezat"	"Rainfroi de Montpezat"				"chevalier, co-seigneur du château de Lunac-d'Aiguillon"		Paris_AN_JJ_inventaire_JJ37-50_index.xlsx#d1e345197																						
85937	"Rainsende de Maudétour et ses fils"	"Rainsende de Maudétour et ses fils"						Paris_AN_JJ_inventaire_JJ37-50_index.xlsx#d1e345223																						
85942	"Ranch (Jacob)"	"Ranch (Jacob)"				"juif de Béziers"		Paris_AN_JJ_inventaire_JJ37-50_index.xlsx#d1e345370																						
85944	Ranieri	Ranieri				"notaire public de Sienne, fils de feu Accorso"		Paris_AN_JJ_inventaire_JJ37-50_index.xlsx#d1e345432																						
85945	"Rannoux de Brie"	"Rannoux de Brie"		"Brie (Rannoux de)"		"procureur de l'archevêque de Bordeaux"		Paris_AN_JJ_inventaire_JJ37-50_index.xlsx#d1e345459																						
85947	"Ranulphus de Brya"	"Ranulphus de Brya"				"procurator archiepiscopi Burdegalensis"	"Rannoux de Brie, procureur de l'archevêque de Bordeaux"	Paris_AN_JJ_inventaire_JJ37-50_index.xlsx#d1e345487																						
85948	"Ranuncius de Mureo"	"Ranuncius de Mureo"				"chanoine de Cambrai"		Paris_AN_JJ_inventaire_JJ37-50_index.xlsx#d1e345502																						
85949	"Raoul (jadis) chapelain de l'hôtel royal de Compiègne"	"Raoul (jadis) chapelain de l'hôtel royal de Compiègne"				"(jadis) chapelain de l'hôtel royal de Compiègne"		Paris_AN_JJ_inventaire_JJ37-50_index.xlsx#d1e345532																						
85950	Raoul	Raoul				"fils de Pierre Adounart le jeune et d'Eudeline"		Paris_AN_JJ_inventaire_JJ37-50_index.xlsx#d1e345548																						
85951	Raoul	Raoul				"seigneur de Château-Porcien"		Paris_AN_JJ_inventaire_JJ37-50_index.xlsx#d1e345563																						
85952	"Bégaud (Jean)"	"Bégaud (Jean)"				"de Ruffec"		Paris_AN_JJ_inventaire_JJ37-50_index.xlsx#d1e154560																						
85953	"Raoul de Beaumont"	"Raoul de Beaumont"		"Beaumont (Raoul de)"		"queux du roi"		Paris_AN_JJ_inventaire_JJ37-50_index.xlsx#d1e345611																						
85954	"Raoul de Braie"	"Raoul de Braie"						Paris_AN_JJ_inventaire_JJ37-50_index.xlsx#d1e345630																						
85955	"Raoul II de Clermont"	"Raoul II de Clermont"				"sire de Nesle, connétable de France"		Paris_AN_JJ_inventaire_JJ37-50_index.xlsx#d1e345645																						
85956	"Raoul de Clermont"	"Raoul de Clermont"				"sire de Terny et de Montgobert, chevalier du roi"		Paris_AN_JJ_inventaire_JJ37-50_index.xlsx#d1e345688																						
85957	"Raoul de Courjumelles"	"Raoul de Courjumelles"				"clerc du roi, juge mage de la sénéch. de Beaucaire et Nîmes"		Paris_AN_JJ_inventaire_JJ37-50_index.xlsx#d1e345703																						
85958	"Raoul de Gandelu"	"Raoul de Gandelu"				"ses enfants"		Paris_AN_JJ_inventaire_JJ37-50_index.xlsx#d1e345727																						
85959	"Raoul de Gisy (frère)"	"Raoul de Gisy (frère)"				"receveur du Roi en Champagne"		Paris_AN_JJ_inventaire_JJ37-50_index.xlsx#d1e345742																						
85960	"Raoul de Jonquières"	"Raoul de Jonquières"				"sergent d'armes du roi"		Paris_AN_JJ_inventaire_JJ37-50_index.xlsx#d1e345779																						
85961	"Raoul de Jouy (Me)"	"Raoul de Jouy (Me)"		"Radulphus de Joyaco|R. de Joiaco"		"clerc du roi"		Paris_AN_JJ_inventaire_JJ37-50_index.xlsx#d1e345794																						
85962	"Raoul de Limésy"	"Raoul de Limésy"						Paris_AN_JJ_inventaire_JJ37-50_index.xlsx#d1e345893																						
85963	"Bégonde de Sévérac"	"Bégonde de Sévérac"						Paris_AN_JJ_inventaire_JJ37-50_index.xlsx#d1e154575																						
85964	"Raoul de Meulan (Me)"	"Raoul de Meulan (Me)"				"clerc du roi, chanoine de Paris"		Paris_AN_JJ_inventaire_JJ37-50_index.xlsx#d1e345919																						
85965	"Raoul de Moulins (Me)"	"Raoul de Moulins (Me)"				clerc		Paris_AN_JJ_inventaire_JJ37-50_index.xlsx#d1e345934																						
85966	"Raoul de Paray (Me)"	"Raoul de Paray (Me)"				"chantre de Meaux"		Paris_AN_JJ_inventaire_JJ37-50_index.xlsx#d1e345950																						
85967	"Raoul de Préaux"	"Raoul de Préaux"		"R. de Perellis"		"clerc du roi"		Paris_AN_JJ_inventaire_JJ37-50_index.xlsx#d1e345965																						
85968	"Raoul de Presles (Me)"	"Raoul de Presles (Me)"				"Radulphus de Praellis, clerc, sire de Lizy-sur-Ourcq"		Paris_AN_JJ_inventaire_JJ37-50_index.xlsx#d1e346102																						
85969	"Raoul de Remy (Me)"	"Raoul de Remy (Me)"						Paris_AN_JJ_inventaire_JJ37-50_index.xlsx#d1e346222																						
85970	"Raoul de Renneval"	"Raoul de Renneval"				chevalier		Paris_AN_JJ_inventaire_JJ37-50_index.xlsx#d1e346237																						
85971	"Raoul des Fossés"	"Raoul des Fossés"				"chanoine d'Amiens, clerc du roi"		Paris_AN_JJ_inventaire_JJ37-50_index.xlsx#d1e346252																						
85972	"Raoul de Soissons"	"Raoul de Soissons"				"chevalier, sire d'Ostel"		Paris_AN_JJ_inventaire_JJ37-50_index.xlsx#d1e346280																						
85973	"Raoul de Thevray"	"Raoul de Thevray"				écuyer		Paris_AN_JJ_inventaire_JJ37-50_index.xlsx#d1e346298																						
85974	Agnès	Agnès				"femme de Hugues, sire des Granges et de Lames, dame desdits lieux"		Paris_AN_JJ_inventaire_JJ37-50_index.xlsx#d1e133602																						
85975	"Béguer (Pierre)"	"Béguer (Pierre)"				"de La Rousselle"		Paris_AN_JJ_inventaire_JJ37-50_index.xlsx#d1e154590																						
85976	"Raoul de Vennecy"	"Raoul de Vennecy"				"jadis chevalier, son fils"		Paris_AN_JJ_inventaire_JJ37-50_index.xlsx#d1e346313																						
85977	"Raoul de Vermelles"	"Raoul de Vermelles"						Paris_AN_JJ_inventaire_JJ37-50_index.xlsx#d1e346328																						
85978	"Raoul de Vichy"	"Raoul de Vichy"				damoiseau		Paris_AN_JJ_inventaire_JJ37-50_index.xlsx#d1e346343																						
85979	"Raoul d'Harcourt (Me)"	"Raoul d'Harcourt (Me)"						Paris_AN_JJ_inventaire_JJ37-50_index.xlsx#d1e346358																						
85980	"Raoulin de Vennecy"	"Raoulin de Vennecy"				"fils de feu Raoul de Vennecy"		Paris_AN_JJ_inventaire_JJ37-50_index.xlsx#d1e346519																						
85981	"Rase (Jean)"	"Rase (Jean)"				"barbier et valet de chambre du roi"		Paris_AN_JJ_inventaire_JJ37-50_index.xlsx#d1e346556																						
85982	"Rasor (Bernard Sanche le jeune"	"Rasor (Bernard Sanche le jeune"				"dit) , — marchand de Narbonne"		Paris_AN_JJ_inventaire_JJ37-50_index.xlsx#d1e346582																						
85984	"Raymond (Bertrand)"	"Raymond (Bertrand)"				"teinturier et habitant du Bourg de Narbonne"		Paris_AN_JJ_inventaire_JJ37-50_index.xlsx#d1e346724																						
85985	"Raymond (G.)"	"Raymond (G.)"				"de Montpellier, bourgeois de Narbonne"		Paris_AN_JJ_inventaire_JJ37-50_index.xlsx#d1e346739																						
85986	"Bélengier (Jean)"	"Bélengier (Jean)"				clerc		Paris_AN_JJ_inventaire_JJ37-50_index.xlsx#d1e154691																						
85987	"Raymond (Geoffroi)"	"Raymond (Geoffroi)"				"procureur des évêque, doyen et chapitre d'Angoulême"		Paris_AN_JJ_inventaire_JJ37-50_index.xlsx#d1e346754																						
85988	"Raymond (Guilhem)"	"Raymond (Guilhem)"						Paris_AN_JJ_inventaire_JJ37-50_index.xlsx#d1e346766																						
85989	"Raymond (Guilhem)"	"Raymond (Guilhem)"				"procureur-syndic du monastère de Fons"		Paris_AN_JJ_inventaire_JJ37-50_index.xlsx#d1e346781																						
85990	"Raymond (Jacques)"	"Raymond (Jacques)"				"procureur des consuls et hommes de Saint-Félix-de-Toumégat"		Paris_AN_JJ_inventaire_JJ37-50_index.xlsx#d1e346796																						
85991	"Raymond (Me Pons)"	"Raymond (Me Pons)"				"chanoine de Chartres, commissaire du roi aux monnaies"		Paris_AN_JJ_inventaire_JJ37-50_index.xlsx#d1e346811																						
85992	"Raymondi (Gaufridus)"	"Raymondi (Gaufridus)"				"clericus, procurator episcopi, decani et capituli Engolisme"	"Geoffroi Raymond, clerc, procureur des évêque, doyen et chapitre d'Angoulême"	Paris_AN_JJ_inventaire_JJ37-50_index.xlsx#d1e346844																						
85994	"Raynart (Bernard) de Cépie"	"Raynart (Bernard) de Cépie"				"bourgeois de Narbonne"		Paris_AN_JJ_inventaire_JJ37-50_index.xlsx#d1e346871																						
85995	"Raynes ou Rayres (Jean et Pons)"	"Raynes ou Rayres (Jean et Pons)"				"frères, de Saint-Sulpice-de-la-Pointe"		Paris_AN_JJ_inventaire_JJ37-50_index.xlsx#d1e346912																						
85999	"Rebelle (Me Bernard) notaire public du roi à la Cour de Lautrec et dans la sénéchaussée de Carcassonne et Béziers"	"Rebelle (Me Bernard) notaire public du roi à la Cour de Lautrec et dans la sénéchaussée de Carcassonne et Béziers"						Paris_AN_JJ_inventaire_JJ37-50_index.xlsx#d1e347053																						
86000	"Récusson (Jean)"	"Récusson (Jean)"				"chevalier du roi, seigneur de la Londe-Récusson"		Paris_AN_JJ_inventaire_JJ37-50_index.xlsx#d1e347147																						
86003	"Reginaldus du Kavech"	"Reginaldus du Kavech"						Paris_AN_JJ_inventaire_JJ37-50_index.xlsx#d1e347217																						
86005	Regnaudus	Regnaudus				"signature de notaire du roi"	"Renaud d'Aubigny ou Renaud Parquier?"	Paris_AN_JJ_inventaire_JJ37-50_index.xlsx#d1e347240																						
86007	"Reine de Brienne"	"Reine de Brienne"						Paris_AN_JJ_inventaire_JJ37-50_index.xlsx#d1e347437																						
86008	"Belin (Jacques)"	"Belin (Jacques)"				veuve		Paris_AN_JJ_inventaire_JJ37-50_index.xlsx#d1e154765																						
86009	"Relet (Jourdain)"	"Relet (Jourdain)"						Paris_AN_JJ_inventaire_JJ37-50_index.xlsx#d1e347453																						
86010	Rely	Rely				"juif de Toulouse"		Paris_AN_JJ_inventaire_JJ37-50_index.xlsx#d1e347479																						
86011	"Rémi (Jean)"	"Rémi (Jean)"				"de Crécy-en-Brie"		Paris_AN_JJ_inventaire_JJ37-50_index.xlsx#d1e347520																						
86012	Rémi	Rémi				"fils de Jean Noël"		Paris_AN_JJ_inventaire_JJ37-50_index.xlsx#d1e347536																						
86015	"Renaud (frère)"	"Renaud (frère)"				"doyen de Bezornay"		Paris_AN_JJ_inventaire_JJ37-50_index.xlsx#d1e347681																						
86016	Renaud	Renaud				"doyen de Notre-Dame de Cléry"		Paris_AN_JJ_inventaire_JJ37-50_index.xlsx#d1e347696																						
86017	Renaud	Renaud				"frère de Gautier de Chârost"		Paris_AN_JJ_inventaire_JJ37-50_index.xlsx#d1e347715																						
86018	Renaud	Renaud				"seigneur de Chaumont-Porcien et de Rozoy-sur-Serre"		Paris_AN_JJ_inventaire_JJ37-50_index.xlsx#d1e347730																						
86020	Renaud	Renaud				"seigneur de Montpaon"		Paris_AN_JJ_inventaire_JJ37-50_index.xlsx#d1e347745																						
86021	Renaud	Renaud				"seigneur de Picquigny"		Paris_AN_JJ_inventaire_JJ37-50_index.xlsx#d1e347760																						
86022	Renaud	Renaud				"vidame d'Amiens, seigneur de Picquigny, chevalier"		Paris_AN_JJ_inventaire_JJ37-50_index.xlsx#d1e347771																						
86023	"Renaud d'Aubigny"	"Renaud d'Aubigny"				"notaire du roi"		Paris_AN_JJ_inventaire_JJ37-50_index.xlsx#d1e347826																						
86024	"Renaud d'Aubigny (frère)"	"Renaud d'Aubigny (frère)"				"prieur des Dominicaines de Poissy"		Paris_AN_JJ_inventaire_JJ37-50_index.xlsx#d1e347837																						
86025	"Renaud de Bar"	"Renaud de Bar"				"évêque de Metz"		Paris_AN_JJ_inventaire_JJ37-50_index.xlsx#d1e347852																						
86026	"Renaud de Bray"	"Renaud de Bray"				écuyer		Paris_AN_JJ_inventaire_JJ37-50_index.xlsx#d1e347867																						
86027	"Renaud de Champlitte"	"Renaud de Champlitte"				"prêtre, tabellion juré de l'official de Langres"		Paris_AN_JJ_inventaire_JJ37-50_index.xlsx#d1e347886																						
86028	"Renaud de La Périne"	"Renaud de La Périne"						Paris_AN_JJ_inventaire_JJ37-50_index.xlsx#d1e347901																						
86029	"Renaud de Lesme"	"Renaud de Lesme"				"valet du roi, échanson du comte Charles de Valois"		Paris_AN_JJ_inventaire_JJ37-50_index.xlsx#d1e347916																						
86031	"Renaud de Limoges"	"Renaud de Limoges"				chevalier		Paris_AN_JJ_inventaire_JJ37-50_index.xlsx#d1e347931																						
86032	"Renaud de Maigny"	"Renaud de Maigny"				"chevalier, familier de l'empereur Philippe de Courtenay"		Paris_AN_JJ_inventaire_JJ37-50_index.xlsx#d1e347949																						
86033	"Renaud de Marseille"	"Renaud de Marseille"				"moine et procureur de l'abbaye de Lannoy"		Paris_AN_JJ_inventaire_JJ37-50_index.xlsx#d1e347964																						
86034	"Renaud de Nantouillet"	"Renaud de Nantouillet"				"chevalier du roi"		Paris_AN_JJ_inventaire_JJ37-50_index.xlsx#d1e347980																						
86035	"Renaud de Nogent"	"Renaud de Nogent"				"chapelain, curé de Salles-sur-Mer"		Paris_AN_JJ_inventaire_JJ37-50_index.xlsx#d1e347995																						
86036	"Renaud de Noisy"	"Renaud de Noisy"				"recteur de la vicomté de Lautrec et viguier d'Albi et d'Albigeois"		Paris_AN_JJ_inventaire_JJ37-50_index.xlsx#d1e348010																						
86037	"Renaud IV de Pons"	"Renaud IV de Pons"				"mari d'Isabelle de Lévis"		Paris_AN_JJ_inventaire_JJ37-50_index.xlsx#d1e348028																						
86038	"Renaud de Rouy"	"Renaud de Rouy"				"familier et trésorier du roi"		Paris_AN_JJ_inventaire_JJ37-50_index.xlsx#d1e348043																						
86039	"Renaud de Saint-Martin"	"Renaud de Saint-Martin"						Paris_AN_JJ_inventaire_JJ37-50_index.xlsx#d1e348089																						
86040	"Renaud de Sépeaux"	"Renaud de Sépeaux"				damoiseau		Paris_AN_JJ_inventaire_JJ37-50_index.xlsx#d1e348105																						
86042	"Renaud des Murs"	"Renaud des Murs"				écuyer		Paris_AN_JJ_inventaire_JJ37-50_index.xlsx#d1e348120																						
86043	"Renaud de Soisy"	"Renaud de Soisy"				chevalier		Paris_AN_JJ_inventaire_JJ37-50_index.xlsx#d1e348135																						
86044	"Renaud de Trie"	"Renaud de Trie"				"chevalier, seigneur d'Omerville"		Paris_AN_JJ_inventaire_JJ37-50_index.xlsx#d1e348150																						
86045	"Renaud de Varanval"	"Renaud de Varanval"				"chapelain de la chapelle Notre-Dame-et-Saint-Jean dans l'église de Rémy"		Paris_AN_JJ_inventaire_JJ37-50_index.xlsx#d1e348165																						
86046	"Renaud de Vendresse (Me)"	"Renaud de Vendresse (Me)"				clerc		Paris_AN_JJ_inventaire_JJ37-50_index.xlsx#d1e348180																						
86047	"Renaud d'Haverskerque"	"Renaud d'Haverskerque"						Paris_AN_JJ_inventaire_JJ37-50_index.xlsx#d1e348196																						
86048	"Renaud d'Orléans"	"Renaud d'Orléans"						Paris_AN_JJ_inventaire_JJ37-50_index.xlsx#d1e348211																						
86049	"Renaud d'Ozereau"	"Renaud d'Ozereau"						Paris_AN_JJ_inventaire_JJ37-50_index.xlsx#d1e348226																						
86050	"Renaud du Cavech"	"Renaud du Cavech"		"Reginaldus du Kavech"		"Reginaldus du Kavech, garde du sceau du bailliage du Vermandois"		Paris_AN_JJ_inventaire_JJ37-50_index.xlsx#d1e348241																						
86051	"Renier de Moret"	"Renier de Moret"				"demeurant à Compiègne"		Paris_AN_JJ_inventaire_JJ37-50_index.xlsx#d1e348378																						
86053	"Renier de Senlis"	"Renier de Senlis"				"dit de la Porte, échanson du Roi"		Paris_AN_JJ_inventaire_JJ37-50_index.xlsx#d1e348393																						
86054	"Renoul du Bois (Me)"	"Renoul du Bois (Me)"				"clerc du roi"		Paris_AN_JJ_inventaire_JJ37-50_index.xlsx#d1e348567																						
86056	"Rey (Raimond)"	"Rey (Raimond)"				"procureur des consuls et hommes de Manses"		Paris_AN_JJ_inventaire_JJ37-50_index.xlsx#d1e348814																						
86057	"Reynolds (Walter)"	"Reynolds (Walter)"				"évêque de Worcester"		Paris_AN_JJ_inventaire_JJ37-50_index.xlsx#d1e348830																						
86058	"Ribayrol (Guillot)"	"Ribayrol (Guillot)"						Paris_AN_JJ_inventaire_JJ37-50_index.xlsx#d1e348923																						
86059	"Riboteau (Aimeri)"	"Riboteau (Aimeri)"				"de La Ribotelière"		Paris_AN_JJ_inventaire_JJ37-50_index.xlsx#d1e348984																						
86061	Richa	Richa				"prieure des Dominicaines de Limoux"		Paris_AN_JJ_inventaire_JJ37-50_index.xlsx#d1e349081																						
86062	"Richard Ier Cœur de Lion"	"Richard Ier Cœur de Lion"				"roi d'Angleterre et duc de Normandie"		Paris_AN_JJ_inventaire_JJ37-50_index.xlsx#d1e349096																						
86063	"Belois (Simon)"	"Belois (Simon)"				"de Moret"		Paris_AN_JJ_inventaire_JJ37-50_index.xlsx#d1e155354																						
86064	"Richard de Beaufour"	"Richard de Beaufour"						Paris_AN_JJ_inventaire_JJ37-50_index.xlsx#d1e349133																						
86065	"Richard de Chiffrevast"	"Richard de Chiffrevast"				chevalier		Paris_AN_JJ_inventaire_JJ37-50_index.xlsx#d1e349164																						
86066	"Richard de Lecques"	"Richard de Lecques"				légiste		Paris_AN_JJ_inventaire_JJ37-50_index.xlsx#d1e349179																						
86067	"Richard de Senlis"	"Richard de Senlis"						Paris_AN_JJ_inventaire_JJ37-50_index.xlsx#d1e349194																						
86068	"Richard de Thiboutot (Me)"	"Richard de Thiboutot (Me)"				"dominus ou magister R. Thibotout, Thiboutot, Thibotot, Richardus de Tibetot, Tibotot, clerc et commissaire du roi"		Paris_AN_JJ_inventaire_JJ37-50_index.xlsx#d1e349209																						
86069	"Richard de Verberie"	"Richard de Verberie"				"chanoine de Noyon, clerc du Roi"		Paris_AN_JJ_inventaire_JJ37-50_index.xlsx#d1e349246																						
86070	"Richard du Framboisier (Me)"	"Richard du Framboisier (Me)"						Paris_AN_JJ_inventaire_JJ37-50_index.xlsx#d1e349262																						
86071	"Richard Neveu"	"Richard Neveu"						Paris_AN_JJ_inventaire_JJ37-50_index.xlsx#d1e349388																						
86072	"Richarde d'Auvergny"	"Richarde d'Auvergny"						Paris_AN_JJ_inventaire_JJ37-50_index.xlsx#d1e349433																						
86073	"Richardus de Tibetot"	"Richardus de Tibetot"				Tibotot		Paris_AN_JJ_inventaire_JJ37-50_index.xlsx#d1e349448																						
86074	Belone	Belone				"fille de Jean de Beaune"		Paris_AN_JJ_inventaire_JJ37-50_index.xlsx#d1e155370																						
86076	"Richaud d'Autun"	"Richaud d'Autun"						Paris_AN_JJ_inventaire_JJ37-50_index.xlsx#d1e349477																						
86078	"Assé (Richer d')"	"Assé (Richer d')"		"Assé (Richer d')"		"baile d'Anglès-du-Tarn"		Paris_AN_JJ_inventaire_JJ37-50_index.xlsx#d1e349551|Paris_AN_JJ_inventaire_JJ37-50_index.xlsx#d1e144017																						
86079	"Ricomanni (Frisco)"	"Ricomanni (Frisco)"				"docteur ès lois"		Paris_AN_JJ_inventaire_JJ37-50_index.xlsx#d1e349609																						
86083	"Rigaud (Me Raimond)"	"Rigaud (Me Raimond)"				"clerc du roi et juge de Millau et de Roquecezière"		Paris_AN_JJ_inventaire_JJ37-50_index.xlsx#d1e349788																						
86084	"Rigaud de Béduer (ou Rainaud par erreur)"	"Rigaud de Béduer (ou Rainaud par erreur)"				"notaire public royal de toute la sénéchaussée de Rouergue (ou Rainaud par erreur)"		Paris_AN_JJ_inventaire_JJ37-50_index.xlsx#d1e349803																						
86085	"Accorso (feu)"	"Accorso (feu)"				"notaire de Sienne, son fils"		Paris_AN_JJ_inventaire_JJ37-50_index.xlsx#d1e132313																						
86086	Agnès	Agnès				"femme de Jean de Digny"		Paris_AN_JJ_inventaire_JJ37-50_index.xlsx#d1e133617																						
86087	"Belsent (M° Pierre)"	"Belsent (M° Pierre)"				"jadis notaire du roi et commissaire aux francs-fiefs dans la sénéchaussée de Rouergue"		Paris_AN_JJ_inventaire_JJ37-50_index.xlsx#d1e155400																						
86088	"Riques (Jean)"	"Riques (Jean)"				légiste		Paris_AN_JJ_inventaire_JJ37-50_index.xlsx#d1e349964																						
86095	"Roard (Me Guilhem)"	"Roard (Me Guilhem)"				"légiste, notaire, commissaire député aux nouveaux acquêts à Narbonne et dans le Narbonnais"		Paris_AN_JJ_inventaire_JJ37-50_index.xlsx#d1e350284																						
86096	"Robaud (Pierre)"	"Robaud (Pierre)"				légiste		Paris_AN_JJ_inventaire_JJ37-50_index.xlsx#d1e350299																						
86097	"Robert (Auger)"	"Robert (Auger)"						Paris_AN_JJ_inventaire_JJ37-50_index.xlsx#d1e350314																						
86098	"Benchaveni (Me Tancrède) ou Bencivene (messer Tancredo)"	"Benchaveni (Me Tancrède) ou Bencivene (messer Tancredo)"				"notaire, trésorier royal de Carcassonne"		Paris_AN_JJ_inventaire_JJ37-50_index.xlsx#d1e155525																						
86099	"Robert (Guilhem)"	"Robert (Guilhem)"				"moine clunisien de Figeac"		Paris_AN_JJ_inventaire_JJ37-50_index.xlsx#d1e350329																						
86100	"Robert (Me Guilhem)"	"Robert (Me Guilhem)"				notaire		Paris_AN_JJ_inventaire_JJ37-50_index.xlsx#d1e350345																						
86101	"Robert (Jean)"	"Robert (Jean)"				"chevalier du roi, enquêteur-réformateur dans la sénéchaussée de Périgord et Quercy"		Paris_AN_JJ_inventaire_JJ37-50_index.xlsx#d1e350360																						
86102	"Robert (Pierre-Arnaud)"	"Robert (Pierre-Arnaud)"						Paris_AN_JJ_inventaire_JJ37-50_index.xlsx#d1e350375																						
86103	"Robert II le Pieux"	"Robert II le Pieux"				"roi de France"		Paris_AN_JJ_inventaire_JJ37-50_index.xlsx#d1e350390																						
86104	Robert	Robert				"roi de Sicile, fils de Charles II"		Paris_AN_JJ_inventaire_JJ37-50_index.xlsx#d1e350405																						
86105	Robert	Robert				"abbé de Marchiennes"		Paris_AN_JJ_inventaire_JJ37-50_index.xlsx#d1e350446																						
86107	Robert	Robert				"châtelain de Bapaume et seigneur de Beaumetz-lès-Cambrai"		Paris_AN_JJ_inventaire_JJ37-50_index.xlsx#d1e350473																						
86108	"Robert II"	"Robert II"				"comte d'Artois"		Paris_AN_JJ_inventaire_JJ37-50_index.xlsx#d1e350484																						
86109	"Bencivenga (Ugo)"	"Bencivenga (Ugo)"				"demeurant à Sens"		Paris_AN_JJ_inventaire_JJ37-50_index.xlsx#d1e155543																						
86110	"Robert VI"	"Robert VI"		"Robert de Boulogne|Robert"		"comte d'Auvergne et de Boulogne, comes Bolonie"		Paris_AN_JJ_inventaire_JJ37-50_index.xlsx#d1e350508																						
86111	"Robert VII"	"Robert VII"		Robert		"fils de Robert VI, chevalier, comte de Boulogne"	"comte d'Auvergne et de Boulogne par la suite"	Paris_AN_JJ_inventaire_JJ37-50_index.xlsx#d1e350551|Paris_AN_JJ_inventaire_JJ37-50_index.xlsx#d1e350786																						
86112	Robert	Robert				"comte de Boulogne"		Paris_AN_JJ_inventaire_JJ37-50_index.xlsx#d1e350569																						
86114	"Robert IV"	"Robert IV"				"comte de Dreux"		Paris_AN_JJ_inventaire_JJ37-50_index.xlsx#d1e350592																						
86115	"Robert III"	"Robert III"				"comte de Flandre"		Paris_AN_JJ_inventaire_JJ37-50_index.xlsx#d1e350610																						
86116	Robert	Robert				"comte de Nevers, fils aîné de Gui de Dampierre"		Paris_AN_JJ_inventaire_JJ37-50_index.xlsx#d1e350652																						
86117	"Robert II"	"Robert II"				"duc de Bourgogne"		Paris_AN_JJ_inventaire_JJ37-50_index.xlsx#d1e350678																						
86118	Robert	Robert				"duc de Calabre, vicaire du roi Charles II en Sicile"		Paris_AN_JJ_inventaire_JJ37-50_index.xlsx#d1e350721																						
86119	"Robert Ier"	"Robert Ier"				"duc de Normandie"		Paris_AN_JJ_inventaire_JJ37-50_index.xlsx#d1e350745																						
86120	"Benedicti (Jacques)"	"Benedicti (Jacques)"				"notaire du roi"		Paris_AN_JJ_inventaire_JJ37-50_index.xlsx#d1e155558																						
86121	Robert	Robert				"fils de Géroud"		Paris_AN_JJ_inventaire_JJ37-50_index.xlsx#d1e350760																						
86122	"Robert Philippe d'Artois"	"Robert  Philippe d'Artois"				"fils de (feu) Philippe d'Artois"		Paris_AN_JJ_inventaire_JJ37-50_index.xlsx#d1e350775																						
86125	Robert	Robert				"frère de Guillaume de Cléville"		Paris_AN_JJ_inventaire_JJ37-50_index.xlsx#d1e350815																						
86126	Robert	Robert				"sire de Beauval"		Paris_AN_JJ_inventaire_JJ37-50_index.xlsx#d1e350831																						
86127	"Robert d'Archioles"	"Robert d'Archioles"		"Robert de Archiolis"		"de Archiolis (Me), bénéficié en la cathédrale de Paris"		Paris_AN_JJ_inventaire_JJ37-50_index.xlsx#d1e350916																						
86128	"Robert d'Artois"	"Robert d'Artois"		Robert		"fils d'Othon IV et de Mahaut"		Paris_AN_JJ_inventaire_JJ37-50_index.xlsx#d1e350934|Paris_AN_JJ_inventaire_JJ37-50_index.xlsx#d1e350797																						
86129	"Robert III d'Artois"	"Robert III d'Artois"				"fils de Philippe d'Artois et de Blanche de Bretagne"		Paris_AN_JJ_inventaire_JJ37-50_index.xlsx#d1e350945																						
86130	"Robert d'Avignières"	"Robert d'Avignières"				écuyer		Paris_AN_JJ_inventaire_JJ37-50_index.xlsx#d1e350991																						
86131	"Benoît (Guillaume)"	"Benoît (Guillaume)"						Paris_AN_JJ_inventaire_JJ37-50_index.xlsx#d1e155589																						
86133	"Robert de Beaumetz"	"Robert de Beaumetz"				"châtelain de Bapaume et seigneur de Beaumetz-lès-Cambrai"		Paris_AN_JJ_inventaire_JJ37-50_index.xlsx#d1e351018																						
86134	"Robert de Bellefosse"	"Robert de Bellefosse"						Paris_AN_JJ_inventaire_JJ37-50_index.xlsx#d1e351033																						
86135	"Robert de Boulogne"	"Robert de Boulogne"						Paris_AN_JJ_inventaire_JJ37-50_index.xlsx#d1e351048																						
86136	"Robert de Bourgogne (duc)"	"Robert de Bourgogne (duc)"						Paris_AN_JJ_inventaire_JJ37-50_index.xlsx#d1e351059																						
86137	"Robert de Canteloup"	"Robert de Canteloup"						Paris_AN_JJ_inventaire_JJ37-50_index.xlsx#d1e351070																						
86138	"Robert de Caudebec (Me)"	"Robert de Caudebec (Me)"						Paris_AN_JJ_inventaire_JJ37-50_index.xlsx#d1e351085																						
86139	"Robert de Chambon"	"Robert de Chambon"						Paris_AN_JJ_inventaire_JJ37-50_index.xlsx#d1e351113																						
86140	"Robert de Châteauvillain"	"Robert de Châteauvillain"				clerc		Paris_AN_JJ_inventaire_JJ37-50_index.xlsx#d1e351128																						
86142	"Benoît (Me Jean)"	"Benoît (Me Jean)"						Paris_AN_JJ_inventaire_JJ37-50_index.xlsx#d1e155604																						
86143	"Robert de Contremoulins"	"Robert de Contremoulins"				écuyer		Paris_AN_JJ_inventaire_JJ37-50_index.xlsx#d1e351157																						
86144	"Robert de Cortaiges"	"Robert de Cortaiges"						Paris_AN_JJ_inventaire_JJ37-50_index.xlsx#d1e351172																						
86145	"Robert de Courbon"	"Robert de Courbon"						Paris_AN_JJ_inventaire_JJ37-50_index.xlsx#d1e351187																						
86146	"Robert de Courpalay"	"Robert de Courpalay"				chevalier		Paris_AN_JJ_inventaire_JJ37-50_index.xlsx#d1e351203																						
86147	"Robert de Deniécourt"	"Robert de Deniécourt"				"seigneur de lois"		Paris_AN_JJ_inventaire_JJ37-50_index.xlsx#d1e351218																						
86148	"Robert de Flandre"	"Robert de Flandre"				"frère du comte de Nevers"		Paris_AN_JJ_inventaire_JJ37-50_index.xlsx#d1e351245																						
86149	"Robert de Fouilloy"	"Robert de Fouilloy"				"clerc du roi"		Paris_AN_JJ_inventaire_JJ37-50_index.xlsx#d1e351260																						
86150	"Robert de Fours"	"Robert de Fours"				écuyer		Paris_AN_JJ_inventaire_JJ37-50_index.xlsx#d1e351367																						
86151	"Robert de France"	"Robert de France"		"Robert de Clermont"		"comte de Clermont et sire de Bourbon, fils de saint Louis"		Paris_AN_JJ_inventaire_JJ37-50_index.xlsx#d1e351385|Paris_AN_JJ_inventaire_JJ37-50_index.xlsx#d1e351146|Paris_AN_JJ_inventaire_JJ37-50_index.xlsx#d1e350581																						
86152	"Robert de Ham"	"Robert de Ham"				"écuyer, fils de feu Jean de Ham"		Paris_AN_JJ_inventaire_JJ37-50_index.xlsx#d1e351417																						
86153	"Benoît (Robertus dictus)"	"Benoît (Robertus dictus)"				"sergent du roi"		Paris_AN_JJ_inventaire_JJ37-50_index.xlsx#d1e155619																						
86154	"Robert de Jocourt"	"Robert de Jocourt"				"châtelain du Goulet, garde de la forêt des Andelys"		Paris_AN_JJ_inventaire_JJ37-50_index.xlsx#d1e351432																						
86155	"Robert de La Cigogne"	"Robert de La Cigogne"				"garde de la terre de Crécy-en-Brie"		Paris_AN_JJ_inventaire_JJ37-50_index.xlsx#d1e351447																						
86156	"Robert de la Geôle"	"Robert de la Geôle"						Paris_AN_JJ_inventaire_JJ37-50_index.xlsx#d1e351462																						
86157	"Robert de La Haie"	"Robert de La Haie"				"sergent à arc"		Paris_AN_JJ_inventaire_JJ37-50_index.xlsx#d1e351477																						
86158	"Robert de La Heuse"	"Robert de La Heuse"				"chevalier du Roi"		Paris_AN_JJ_inventaire_JJ37-50_index.xlsx#d1e351492																						
86159	"Robert de Laveno"	"Robert de Laveno"				"professeur en droit, conseiller et familier de Charles Ier, roi de Sicile"		Paris_AN_JJ_inventaire_JJ37-50_index.xlsx#d1e351542																						
86160	"Robert de Limours"	"Robert de Limours"						Paris_AN_JJ_inventaire_JJ37-50_index.xlsx#d1e351557																						
86161	"Robert de Livet"	"Robert de Livet"				écuyer		Paris_AN_JJ_inventaire_JJ37-50_index.xlsx#d1e351572																						
86162	"Robert de Longchamps"	"Robert de Longchamps"						Paris_AN_JJ_inventaire_JJ37-50_index.xlsx#d1e351587																						
86163	"Robert de Machau"	"Robert de Machau"				"panetier du roi"		Paris_AN_JJ_inventaire_JJ37-50_index.xlsx#d1e351602																						
86164	"Benoît de Saint-Gervais"	"Benoît de Saint-Gervais"						Paris_AN_JJ_inventaire_JJ37-50_index.xlsx#d1e155634																						
86165	"Robert de Meaux"	"Robert de Meaux"				"prévôt de Coulommiers-en-Brie"		Paris_AN_JJ_inventaire_JJ37-50_index.xlsx#d1e351620																						
86166	"Robert de Meslay"	"Robert de Meslay"				"vidame de Chartres"		Paris_AN_JJ_inventaire_JJ37-50_index.xlsx#d1e351636																						
86167	"Robert de Meudon"	"Robert de Meudon"				"écuyer, panetier du Roi"		Paris_AN_JJ_inventaire_JJ37-50_index.xlsx#d1e351647																						
86168	"Robert de Meudon le jeune"	"Robert de Meudon le jeune"						Paris_AN_JJ_inventaire_JJ37-50_index.xlsx#d1e351680																						
86169	"Robert de Meulan"	"Robert de Meulan"						Paris_AN_JJ_inventaire_JJ37-50_index.xlsx#d1e351695																						
86170	"Robert de Montdidier"	"Robert de Montdidier"				"sergent du roi"		Paris_AN_JJ_inventaire_JJ37-50_index.xlsx#d1e351710																						
86171	"Robert de Mortemer"	"Robert de Mortemer"				chevalier		Paris_AN_JJ_inventaire_JJ37-50_index.xlsx#d1e351721																						
86172	"Robert de Nojeon"	"Robert de Nojeon"				"valet du roi"		Paris_AN_JJ_inventaire_JJ37-50_index.xlsx#d1e351737																						
86173	"Robert de Percy"	"Robert de Percy"				chevalier		Paris_AN_JJ_inventaire_JJ37-50_index.xlsx#d1e351752																						
86174	"Robert de Poissy"	"Robert de Poissy"				chevalier		Paris_AN_JJ_inventaire_JJ37-50_index.xlsx#d1e351767																						
86175	"Béquin de Duno"	"Béquin de Duno"				"baile de Port-Sainte-Marie"		Paris_AN_JJ_inventaire_JJ37-50_index.xlsx#d1e155807																						
86176	"Robert de Pontoise (Me)"	"Robert de Pontoise (Me)"				"archidiacre du Grand-Caux en l'église de Rouen"		Paris_AN_JJ_inventaire_JJ37-50_index.xlsx#d1e351782																						
86177	"Robert de Prulay"	"Robert de Prulay"						Paris_AN_JJ_inventaire_JJ37-50_index.xlsx#d1e351797																						
86178	"Robert de Rapentigum"	"Robert de Rapentigum"						Paris_AN_JJ_inventaire_JJ37-50_index.xlsx#d1e351812																						
86179	"Robert de Ravel"	"Robert de Ravel"						Paris_AN_JJ_inventaire_JJ37-50_index.xlsx#d1e351828																						
86180	"Robert de Saint-Benoît (Me)"	"Robert de Saint-Benoît (Me)"				"professeur ès lois, clerc du roi, enquêteur des fraudes commises dans le transit des laines"		Paris_AN_JJ_inventaire_JJ37-50_index.xlsx#d1e351843																						
86181	"Robert de Saint-Omer"	"Robert de Saint-Omer"				"garde du sceau des prévôtés de Compiègne et de Choisy-au-Bac"		Paris_AN_JJ_inventaire_JJ37-50_index.xlsx#d1e351858																						
86182	"Robert de Sancerre"	"Robert de Sancerre"						Paris_AN_JJ_inventaire_JJ37-50_index.xlsx#d1e351873																						
86183	"Robert de Sermizelles"	"Robert de Sermizelles"				"panetier du roi"		Paris_AN_JJ_inventaire_JJ37-50_index.xlsx#d1e351888																						
86184	"Robert des Murs"	"Robert des Murs"						Paris_AN_JJ_inventaire_JJ37-50_index.xlsx#d1e351899																						
86185	"Robert d'Esneval"	"Robert d'Esneval"				"chevalier, sire de Pavilly"		Paris_AN_JJ_inventaire_JJ37-50_index.xlsx#d1e351915																						
86186	"Bérard (Bernard)"	"Bérard (Bernard)"				"potier d'étain à Toulouse"		Paris_AN_JJ_inventaire_JJ37-50_index.xlsx#d1e155822																						
86187	"Robert d'Esneval"	"Robert d'Esneval"				damoiseau		Paris_AN_JJ_inventaire_JJ37-50_index.xlsx#d1e351930																						
86188	"Robert de Tancarville"	"Robert de Tancarville"		Robert		"chambellan de Normandie, chevalier, chambellan de Tancarville"		Paris_AN_JJ_inventaire_JJ37-50_index.xlsx#d1e351945|Paris_AN_JJ_inventaire_JJ37-50_index.xlsx#d1e350462																						
86189	"Robert de Vernon (Me) sous-doyen de Saint-Martin de Tours"	"Robert de Vernon (Me) sous-doyen de Saint-Martin de Tours"						Paris_AN_JJ_inventaire_JJ37-50_index.xlsx#d1e351960																						
86190	"Robert de Villeneuve"	"Robert de Villeneuve"				"bailli d'Amiens"		Paris_AN_JJ_inventaire_JJ37-50_index.xlsx#d1e351975																						
86191	"Robert de Wavrin"	"Robert de Wavrin"				"sire de Saint-Venant, sénéchal de Gascogne"		Paris_AN_JJ_inventaire_JJ37-50_index.xlsx#d1e352017																						
86192	"Robert d'Harcourt"	"Robert d'Harcourt"				"évêque de Coutances"		Paris_AN_JJ_inventaire_JJ37-50_index.xlsx#d1e352033																						
86193	"Robert du Bec"	"Robert du Bec"				écuyer		Paris_AN_JJ_inventaire_JJ37-50_index.xlsx#d1e352060																						
86194	"Robert du Franquesnay"	"Robert du Franquesnay"						Paris_AN_JJ_inventaire_JJ37-50_index.xlsx#d1e352075																						
86195	"Robert du Sartrin"	"Robert du Sartrin"						Paris_AN_JJ_inventaire_JJ37-50_index.xlsx#d1e352090																						
86196	"Roberte de Beaumetz"	"Roberte de Beaumetz"				"damoiselle du lieu, femme de Louis de Marigny"		Paris_AN_JJ_inventaire_JJ37-50_index.xlsx#d1e352273																						
86197	"Agnès de Traînel"	"Agnès de Traînel"		Agnès		"femme de Jean II du Châtel, seigneur de Nangis"		Paris_AN_JJ_inventaire_JJ37-50_index.xlsx#d1e133632|Paris_AN_JJ_inventaire_JJ37-50_index.xlsx#d1e133937																						
86198	"Béraud (Gaillard)"	"Béraud (Gaillard)"				chevalier		Paris_AN_JJ_inventaire_JJ37-50_index.xlsx#d1e155837																						
86199	Robertus	Robertus				"Ambianensis episcopus"		Paris_AN_JJ_inventaire_JJ37-50_index.xlsx#d1e352309																						
86200	Robertus	Robertus				"vicedominus de Carnoto"	"Robert de Meslay, vidame de Chartres, commissaire à lever l'aide au mariage de la reine d'Angleterre dans le bailliage d'Orléans"	Paris_AN_JJ_inventaire_JJ37-50_index.xlsx#d1e352320																						
86201	"Robertus de Sarmiseles"	"Robertus de Sarmiseles"				"panettarius Regis"	"Robert de Sermizelles, panetier du roi"	Paris_AN_JJ_inventaire_JJ37-50_index.xlsx#d1e352335																						
86202	"Robertus dictus de Mondider"	"Robertus dictus de Mondider"					"Robert de Montdidier, sergent du roi"	Paris_AN_JJ_inventaire_JJ37-50_index.xlsx#d1e352362																						
86203	Robin	Robin				"fils de Pierre Adounart le jeune et d'Eudeline"		Paris_AN_JJ_inventaire_JJ37-50_index.xlsx#d1e352377																						
86204	"Robin de Courpalay"	"Robin de Courpalay"				"fils aîné de Robert de Courpalay"		Paris_AN_JJ_inventaire_JJ37-50_index.xlsx#d1e352392																						
86205	"Robin de Chambaudeur"	"Robin de Chambaudeur"						Paris_AN_JJ_inventaire_JJ37-50_index.xlsx#d1e352418																						
86206	"Robutin (Maïeul) chevalier du roi et viguier de Carcassonne"	"Robutin (Maïeul) chevalier du roi et viguier de Carcassonne"						Paris_AN_JJ_inventaire_JJ37-50_index.xlsx#d1e352493																						
86208	"Rochechouart (Simon de)"	"Rochechouart (Simon de)"					Haute-Vienne	Paris_AN_JJ_inventaire_JJ37-50_index.xlsx#d1e352630																						
86209	Béraud	Béraud				"seigneur de Mercœur"		Paris_AN_JJ_inventaire_JJ37-50_index.xlsx#d1e155853																						
86215	"Rochier (Me Guillaume)"	"Rochier (Me Guillaume)"				"exécuteur testamentaire de Guillaume de Matha, chevalier et procureur de Girard de Montlaur"		Paris_AN_JJ_inventaire_JJ37-50_index.xlsx#d1e353246																						
86218	"Rodolphe Ier de Habsbourg"	"Rodolphe Ier de Habsbourg"				"sa veuve"		Paris_AN_JJ_inventaire_JJ37-50_index.xlsx#d1e353514																						
86219	"Rodriguez (Pedro)"	"Rodriguez (Pedro)"				"cardinal-évêque de la Sabine"		Paris_AN_JJ_inventaire_JJ37-50_index.xlsx#d1e353529																						
86220	"Béraud X de Mercœur"	"Béraud X de Mercœur"				"seigneur du lieu, chevalier"		Paris_AN_JJ_inventaire_JJ37-50_index.xlsx#d1e155864																						
86221	Roger	Roger				"écuyer du roi"		Paris_AN_JJ_inventaire_JJ37-50_index.xlsx#d1e353560																						
86222	Roger	Roger				"fils de Hugues, évêque de Coutances"		Paris_AN_JJ_inventaire_JJ37-50_index.xlsx#d1e353575																						
86223	"Roger Ier"	"Roger Ier"				"seigneur de Rozoy-sur-Serre et de Chaumont-Porcien"		Paris_AN_JJ_inventaire_JJ37-50_index.xlsx#d1e353590																						
86224	"Roger II"	"Roger II"				"seigneur de Rozoy-sur-Serre et de Chaumont-Porcien"		Paris_AN_JJ_inventaire_JJ37-50_index.xlsx#d1e353611																						
86225	Roger	Roger				"valet des palefrois du Roi"		Paris_AN_JJ_inventaire_JJ37-50_index.xlsx#d1e353632																						
86226	"Roger de Caumont"	"Roger de Caumont"				écuyer		Paris_AN_JJ_inventaire_JJ37-50_index.xlsx#d1e353681																						
86227	"Roger de Fresney"	"Roger de Fresney"				"écuyer du roi"		Paris_AN_JJ_inventaire_JJ37-50_index.xlsx#d1e353696																						
86228	"Roger de La Ferté (frère)"	"Roger de La Ferté (frère)"				sachet		Paris_AN_JJ_inventaire_JJ37-50_index.xlsx#d1e353711																						
86229	"Roger de La Tour"	"Roger de La Tour"				"curé de La Malayrède"		Paris_AN_JJ_inventaire_JJ37-50_index.xlsx#d1e353727																						
86230	"Roger de Sanquesiis"	"Roger de Sanquesiis"				"sergent du Châtelet de Paris"		Paris_AN_JJ_inventaire_JJ37-50_index.xlsx#d1e353742																						
86232	"Roger de Villers"	"Roger de Villers"						Paris_AN_JJ_inventaire_JJ37-50_index.xlsx#d1e353753																						
86233	"Roger du Greffe (Me)"	"Roger du Greffe (Me)"				"notaire au Châtelet"		Paris_AN_JJ_inventaire_JJ37-50_index.xlsx#d1e353768																						
86234	"Roger du Theil"	"Roger du Theil"				"curé de Sainte-Hélène d'Orval"		Paris_AN_JJ_inventaire_JJ37-50_index.xlsx#d1e353783																						
86235	"Roger-Bernard III"	"Roger-Bernard III"				"comte de Foix"		Paris_AN_JJ_inventaire_JJ37-50_index.xlsx#d1e353843																						
86236	"Rogerin de Nogent"	"Rogerin de Nogent"				"valet du roi"		Paris_AN_JJ_inventaire_JJ37-50_index.xlsx#d1e353858																						
86237	"Rogerus de Sanquesiis"	"Rogerus de Sanquesiis"				"serviens Castelleti"		Paris_AN_JJ_inventaire_JJ37-50_index.xlsx#d1e353873																						
86239	"Roget (Jusse)"	"Roget (Jusse)"				juif		Paris_AN_JJ_inventaire_JJ37-50_index.xlsx#d1e353909																						
86240	"Rogier (Dionisio et feu Giovanni)"	"Rogier (Dionisio et feu Giovanni)"				d'Alba		Paris_AN_JJ_inventaire_JJ37-50_index.xlsx#d1e353924																						
86241	"Rogier (Jean)"	"Rogier (Jean)"				"notaire de Béziers, gérant la viguerie de Béziers"		Paris_AN_JJ_inventaire_JJ37-50_index.xlsx#d1e353939																						
86242	"Bérenger (Jean)"	"Bérenger (Jean)"				"bailli de Limousin"		Paris_AN_JJ_inventaire_JJ37-50_index.xlsx#d1e156002																						
86243	"Rogier (Jean) le jeune"	"Rogier (Jean) le jeune"				"notaire royal de Béziers"		Paris_AN_JJ_inventaire_JJ37-50_index.xlsx#d1e353997																						
86246	"Rogues (Me)"	"Rogues (Me)"						Paris_AN_JJ_inventaire_JJ37-50_index.xlsx#d1e354047																						
86247	"Roheu (Mayr)"	"Roheu (Mayr)"				"fils de feu Abraham de Perpignan, juif"		Paris_AN_JJ_inventaire_JJ37-50_index.xlsx#d1e354062																						
86250	"Roland (Guillaume)"	"Roland (Guillaume)"				"chevalier du roi, de Beaune-la-Rolande"		Paris_AN_JJ_inventaire_JJ37-50_index.xlsx#d1e354138																						
86253	"Bérenger (Me Jean)"	"Bérenger (Me Jean)"				"de Lafond, près de La Rochelle"		Paris_AN_JJ_inventaire_JJ37-50_index.xlsx#d1e156018																						
86257	"Rongis (Pierre)"	"Rongis (Pierre)"				"damoiseau, châtelain de Quertinheux, jadis viguier du Cabardès"		Paris_AN_JJ_inventaire_JJ37-50_index.xlsx#d1e354496																						
86258	"Roque (Guilhem)"	"Roque (Guilhem)"						Paris_AN_JJ_inventaire_JJ37-50_index.xlsx#d1e354544																						
86262	"Roque (Pierre)"	"Roque (Pierre)"				"clerc du roi et juge royal du Minervois"		Paris_AN_JJ_inventaire_JJ37-50_index.xlsx#d1e354623																						
86264	"Bérenger (Jean)"	"Bérenger (Jean)"				"tabellion juré du vicomte de Falaise"		Paris_AN_JJ_inventaire_JJ37-50_index.xlsx#d1e156033																						
86266	"Roquette (Raimond)"	"Roquette (Raimond)"				"notaire public du château de Peyrusse-le-Roc"		Paris_AN_JJ_inventaire_JJ37-50_index.xlsx#d1e354818																						
86269	Rose	Rose				"femme de Bertrand de Lamothe"		Paris_AN_JJ_inventaire_JJ37-50_index.xlsx#d1e355000																						
86272	Rotbert	Rotbert				notaire	"Me Bernard"	Paris_AN_JJ_inventaire_JJ37-50_index.xlsx#d1e355230																						
86273	"Rotlan (Pierre)"	"Rotlan (Pierre)"						Paris_AN_JJ_inventaire_JJ37-50_index.xlsx#d1e355245																						
86275	"Bérenger d'Aigues-Vives"	"Bérenger d'Aigues-Vives"				"abbé de Figeac"		Paris_AN_JJ_inventaire_JJ37-50_index.xlsx#d1e156081																						
86276	"Rouge (Pierre)"	"Rouge (Pierre)"				"notaire public royal dans la sénéchaussée de Toulouse"		Paris_AN_JJ_inventaire_JJ37-50_index.xlsx#d1e356761																						
86278	"Rougeaut (Huet)"	"Rougeaut (Huet)"				"archer du Roi, sa veuve"		Paris_AN_JJ_inventaire_JJ37-50_index.xlsx#d1e356791																						
86280	"Rous (Bernard)"	"Rous (Bernard)"				"jadis bourgeois de Nîmes"		Paris_AN_JJ_inventaire_JJ37-50_index.xlsx#d1e357028																						
86281	"Rous (Me Étienne)"	"Rous (Me Étienne)"				"notaire public royal dans toute la sénéchaussée de Périgord et Quercy et au sceau royal de Caylus"		Paris_AN_JJ_inventaire_JJ37-50_index.xlsx#d1e357046																						
86282	"Rous (Hugues)"	"Rous (Hugues)"				"syndic des hommes du château de Compeyre et de ses dépendances"		Paris_AN_JJ_inventaire_JJ37-50_index.xlsx#d1e357061																						
86283	"Rous (Pierre)"	"Rous (Pierre)"				"de Saint-Amans"		Paris_AN_JJ_inventaire_JJ37-50_index.xlsx#d1e357077																						
86284	"Rous (Pons)"	"Rous (Pons)"				"de Saint-Pons"		Paris_AN_JJ_inventaire_JJ37-50_index.xlsx#d1e357092																						
86285	"Rousseau (Jean)"	"Rousseau (Jean)"				d'Ougney		Paris_AN_JJ_inventaire_JJ37-50_index.xlsx#d1e357137																						
86286	"Bérenger de Promillac"	"Bérenger de Promillac"				donzel		Paris_AN_JJ_inventaire_JJ37-50_index.xlsx#d1e156097																						
86287	"Rousseau (Me Pierre)"	"Rousseau (Me Pierre)"				"de Bourgneuf"		Paris_AN_JJ_inventaire_JJ37-50_index.xlsx#d1e357152																						
86288	"Roussel (Jean)"	"Roussel (Jean)"						Paris_AN_JJ_inventaire_JJ37-50_index.xlsx#d1e357164																						
86289	"Roussel (Jean)"	"Roussel (Jean)"				"notaire juré dans les prévôtés de Compiègne et de Choisy-au-Bac"		Paris_AN_JJ_inventaire_JJ37-50_index.xlsx#d1e357179																						
86290	"Roussel (Mathieu)"	"Roussel (Mathieu)"				"sa fille et héritière"		Paris_AN_JJ_inventaire_JJ37-50_index.xlsx#d1e357194																						
86291	"Roussel (Nicolas)"	"Roussel (Nicolas)"				"tabellion royal juré"	Yèvre-le-Châtel	Paris_AN_JJ_inventaire_JJ37-50_index.xlsx#d1e357212																						
86292	"Rousselet (Guillaume)"	"Rousselet (Guillaume)"				"procureur de Jean III, duc de Bretagne"		Paris_AN_JJ_inventaire_JJ37-50_index.xlsx#d1e357227																						
86293	"Rousselet (Me Raoul)"	"Rousselet (Me Raoul)"				"magister Radulphus Rosseleti, clerc du roi, chanoine de Dol"		Paris_AN_JJ_inventaire_JJ37-50_index.xlsx#d1e357242																						
86295	"Rousselle du Puy"	"Rousselle du Puy"				"fille et héritière de Mathieu Roussel"		Paris_AN_JJ_inventaire_JJ37-50_index.xlsx#d1e357307																						
86296	"Roussignol (Déodat"	"Roussignol (Déodat"				"Galard et Guilhem), du bourg de Rodez"		Paris_AN_JJ_inventaire_JJ37-50_index.xlsx#d1e357340																						
86297	"Bérenger de Seine"	"Bérenger de Seine"				"de Poissy"		Paris_AN_JJ_inventaire_JJ37-50_index.xlsx#d1e156112																						
86298	"Routier (Geoffroi)"	"Routier (Geoffroi)"				"sergent du roi"		Paris_AN_JJ_inventaire_JJ37-50_index.xlsx#d1e357401																						
86299	"Routier (Guillaume)"	"Routier (Guillaume)"				"de Nibelle, huissier d'armes du Roi"		Paris_AN_JJ_inventaire_JJ37-50_index.xlsx#d1e357416																						
86300	"Routier (Martin)"	"Routier (Martin)"				"chevalier, oncle du précédent"		Paris_AN_JJ_inventaire_JJ37-50_index.xlsx#d1e357440																						
86306	"Rubi (Jean)"	"Rubi (Jean)"				prêtre		Paris_AN_JJ_inventaire_JJ37-50_index.xlsx#d1e358133																						
86307	"Rubin (Bertrand)"	"Rubin (Bertrand)"				"prévôt de Monton"		Paris_AN_JJ_inventaire_JJ37-50_index.xlsx#d1e358148																						
86308	Agnès	Agnès				"femme de Jean Villaine et poissonnière de mer en la Cuisine du roi"		Paris_AN_JJ_inventaire_JJ37-50_index.xlsx#d1e133643																						
86309	"Bérenger IV Guilhem"	"Bérenger IV Guilhem"				"chevalier ou chevalier du roi, seigneur de Clermont-l'Hérault et du château de Brusque"		Paris_AN_JJ_inventaire_JJ37-50_index.xlsx#d1e156149																						
86310	"Ruch? (Henri)"	"Ruch? (Henri)"				"de Gand"		Paris_AN_JJ_inventaire_JJ37-50_index.xlsx#d1e358181																						
86311	"Rudel (Me Augier)"	"Rudel (Me Augier)"				notaire		Paris_AN_JJ_inventaire_JJ37-50_index.xlsx#d1e358197																						
86312	"Rudel (Marguerite)"	"Rudel (Marguerite)"				"dame de Bergerac et de Gensac"		Paris_AN_JJ_inventaire_JJ37-50_index.xlsx#d1e358212																						
86314	"Ruille (Hugues)"	"Ruille (Hugues)"				"clerc juré du roi"		Paris_AN_JJ_inventaire_JJ37-50_index.xlsx#d1e358416																						
86320	"Bérenger V Guilhem"	"Bérenger V Guilhem"				"donzel, fils du précédent"		Paris_AN_JJ_inventaire_JJ37-50_index.xlsx#d1e156173																						
86322	"Ryon (Robert)"	"Ryon (Robert)"				"sergent fieffé de la forêt de Iande-Pourrie"		Paris_AN_JJ_inventaire_JJ37-50_index.xlsx#d1e358825																						
86324	"Sabatier (Bernard)"	"Sabatier (Bernard)"				"de Carcassonne, fils de Raimond Sabatier"		Paris_AN_JJ_inventaire_JJ37-50_index.xlsx#d1e358866																						
86325	"Sabatier (Étienne)"	"Sabatier (Étienne)"				"juge royal de Velay et Vivarais"		Paris_AN_JJ_inventaire_JJ37-50_index.xlsx#d1e358882																						
86326	"Sabatier (Raimond)"	"Sabatier (Raimond)"				"père de Bernard Sabatier"		Paris_AN_JJ_inventaire_JJ37-50_index.xlsx#d1e358897																						
86329	"Saffroy (Pierre)"	"Saffroy (Pierre)"				"l'aîné, de la paroisse de Mondeville"		Paris_AN_JJ_inventaire_JJ37-50_index.xlsx#d1e359042																						
86331	"Bergasse (Pons)"	"Bergasse (Pons)"				"notaire public royal"		Paris_AN_JJ_inventaire_JJ37-50_index.xlsx#d1e156218																						
86332	"Sagrassa (Mossé)"	"Sagrassa (Mossé)"				"juif de Belvèze"		Paris_AN_JJ_inventaire_JJ37-50_index.xlsx#d1e359069																						
86342	"Bergognon (Étienne)"	"Bergognon (Étienne)"						Paris_AN_JJ_inventaire_JJ37-50_index.xlsx#d1e156251																						
86353	"Bergognon (Pierre)"	"Bergognon (Pierre)"				"de Toulouse"		Paris_AN_JJ_inventaire_JJ37-50_index.xlsx#d1e156262																						
86363	Saintisme	Saintisme				"femme de Philippe de Beaumanoir"		Paris_AN_JJ_inventaire_JJ37-50_index.xlsx#d1e362553																						
86364	"Bergognon (Reli)"	"Bergognon (Reli)"				"mercier à Toulouse"		Paris_AN_JJ_inventaire_JJ37-50_index.xlsx#d1e156277																						
86375	"Bergonho (Estève)"	"Bergonho (Estève)"				"de la rue Sesqueriarum novarum à Toulouse"	"Étienne Bergognon"	Paris_AN_JJ_inventaire_JJ37-50_index.xlsx#d1e156307																						
86386	Bermond	Bermond				"seigneur d'Uzès"		Paris_AN_JJ_inventaire_JJ37-50_index.xlsx#d1e156379																						
86397	"Bermond (Guilhem)"	"Bermond (Guilhem)"				"de Carcassonne, notaire public du roi à la Cour de Carcassonne"		Paris_AN_JJ_inventaire_JJ37-50_index.xlsx#d1e156395																						
86407	"Saisset (Bernard)"	"Saisset (Bernard)"				donzel		Paris_AN_JJ_inventaire_JJ37-50_index.xlsx#d1e367497																						
86408	"Bermond d'Aramon"	"Bermond d'Aramon"				chevalier		Paris_AN_JJ_inventaire_JJ37-50_index.xlsx#d1e156410																						
86409	"Saisset (Bernard)"	"Saisset (Bernard)"				"évêque de Pamiers"		Paris_AN_JJ_inventaire_JJ37-50_index.xlsx#d1e367512																						
86410	"Saisset (Guilhem)"	"Saisset (Guilhem)"				"donzel, valet du roi"		Paris_AN_JJ_inventaire_JJ37-50_index.xlsx#d1e367533																						
86411	"Salas (Vidal)"	"Salas (Vidal)"						Paris_AN_JJ_inventaire_JJ37-50_index.xlsx#d1e367560																						
86412	"Salemin de Salviac"	"Salemin de Salviac"				juif		Paris_AN_JJ_inventaire_JJ37-50_index.xlsx#d1e367575																						
86416	Sallebœuf	Sallebœuf				"sergent du roi"		Paris_AN_JJ_inventaire_JJ37-50_index.xlsx#d1e367821																						
86418	"Salmeria (Sébile de)"	"Salmeria (Sébile de)"					"v. Saumerie"	Paris_AN_JJ_inventaire_JJ37-50_index.xlsx#d1e367912																						
86419	Agnès	Agnès				"femme de Païen de Torigni"		Paris_AN_JJ_inventaire_JJ37-50_index.xlsx#d1e133658																						
86420	"Bermond de Montferrier"	"Bermond de Montferrier"				"chevalier, juge-mage dans la sénéchaussée de Beaucaire et Nîmes"		Paris_AN_JJ_inventaire_JJ37-50_index.xlsx#d1e156425																						
86421	"Salmon (John)"	"Salmon (John)"				"évêque de Norwich"		Paris_AN_JJ_inventaire_JJ37-50_index.xlsx#d1e367923																						
86422	"Salomon (Astruc)"	"Salomon (Astruc)"				"juif de Sauve"		Paris_AN_JJ_inventaire_JJ37-50_index.xlsx#d1e367954																						
86423	Salomon	Salomon				"juif de Verdun-sur-Garonne"		Paris_AN_JJ_inventaire_JJ37-50_index.xlsx#d1e367969																						
86424	"Salomon de Mauguio"	"Salomon de Mauguio"						Paris_AN_JJ_inventaire_JJ37-50_index.xlsx#d1e368006																						
86425	"Salomon de Montpellier"	"Salomon de Montpellier"				juif		Paris_AN_JJ_inventaire_JJ37-50_index.xlsx#d1e368034																						
86426	"Salomon de Saverdun"	"Salomon de Saverdun"				juif		Paris_AN_JJ_inventaire_JJ37-50_index.xlsx#d1e368049																						
86427	"Salomon d'Olargues"	"Salomon d'Olargues"				"juif de Béziers"		Paris_AN_JJ_inventaire_JJ37-50_index.xlsx#d1e368064																						
86431	"Bernard (Étienne)"	"Bernard (Étienne)"				"de Mouflaines, ses hoirs"		Paris_AN_JJ_inventaire_JJ37-50_index.xlsx#d1e156466																						
86432	"Salvaire (Bernard)"	"Salvaire (Bernard)"				"abbé de Notre-Dame de Quarante"		Paris_AN_JJ_inventaire_JJ37-50_index.xlsx#d1e368178																						
86433	"Salvaire (Pons)"	"Salvaire (Pons)"				"notaire substitut de Me Giraud de Nogerio"		Paris_AN_JJ_inventaire_JJ37-50_index.xlsx#d1e368193																						
86435	Samuel	Samuel				"juif d'Auch"		Paris_AN_JJ_inventaire_JJ37-50_index.xlsx#d1e368343																						
86436	"Samuel d'Auch"	"Samuel d'Auch"				"juif d'Auch"		Paris_AN_JJ_inventaire_JJ37-50_index.xlsx#d1e368365																						
86437	"Samuel de Villeneuve"	"Samuel de Villeneuve"				"juif de Béziers"		Paris_AN_JJ_inventaire_JJ37-50_index.xlsx#d1e368383																						
86438	"Sanche (Me Bernard)"	"Sanche (Me Bernard)"				"juge mage de Périgord et Quercy"		Paris_AN_JJ_inventaire_JJ37-50_index.xlsx#d1e368533																						
86439	"Sanche (Bernard) le jeune"	"Sanche (Bernard) le jeune"				"dit Bernard Rasor, marchand de Narbonne"		Paris_AN_JJ_inventaire_JJ37-50_index.xlsx#d1e368548																						
86440	"Sanche (Pons)"	"Sanche (Pons)"						Paris_AN_JJ_inventaire_JJ37-50_index.xlsx#d1e368574																						
86441	"Sanche IV"	"Sanche IV"				"roi de Castille"		Paris_AN_JJ_inventaire_JJ37-50_index.xlsx#d1e368589																						
86442	"Bernard (Guilhem)"	"Bernard (Guilhem)"				"baile du roi à Alet"		Paris_AN_JJ_inventaire_JJ37-50_index.xlsx#d1e156482																						
86443	"Sanche de Labatut"	"Sanche de Labatut"						Paris_AN_JJ_inventaire_JJ37-50_index.xlsx#d1e368617																						
86444	"Sanche de La Charmoye (Me)"	"Sanche de La Charmoye (Me)"				"magister Sanc(t)ius de Charmaya, Charmeia, Charmeya, Charmoia, clerc du roi, maître des Comptes, doyen du château ou de Saint-Outrille de Bourges"		Paris_AN_JJ_inventaire_JJ37-50_index.xlsx#d1e368632																						
86446	"Sancius de Charmeia"	"Sancius de Charmeia"				"Charmeya, Charmoia"		Paris_AN_JJ_inventaire_JJ37-50_index.xlsx#d1e368708																						
86449	"Sanctius de Charmaya"	"Sanctius de Charmaya"						Paris_AN_JJ_inventaire_JJ37-50_index.xlsx#d1e368814																						
86453	"Bernard (Guilhem)"	"Bernard (Guilhem)"				"de Rosis"		Paris_AN_JJ_inventaire_JJ37-50_index.xlsx#d1e156497																						
86459	"Sandre d'Avignières"	"Sandre d'Avignières"						Paris_AN_JJ_inventaire_JJ37-50_index.xlsx#d1e369087																						
86460	"Sandre des Sars ou d'Avignières"	"Sandre des Sars ou d'Avignières"				"familière de la reine Marie de Brabant"		Paris_AN_JJ_inventaire_JJ37-50_index.xlsx#d1e369098																						
86461	"Sannier (Jean)"	"Sannier (Jean)"						Paris_AN_JJ_inventaire_JJ37-50_index.xlsx#d1e369134																						
86463	Sanseline	Sanseline				"femme de Guillaume de Verdelayo"		Paris_AN_JJ_inventaire_JJ37-50_index.xlsx#d1e369167																						
86464	"Bernard (Nicolas)"	"Bernard (Nicolas)"				"corr. et"		Paris_AN_JJ_inventaire_JJ37-50_index.xlsx#d1e156512																						
86466	"Saquespée (Jacquemon)"	"Saquespée (Jacquemon)"				"sa veuve"		Paris_AN_JJ_inventaire_JJ37-50_index.xlsx#d1e369308																						
86467	"Saquet (Bernard)"	"Saquet (Bernard)"				"abbé du monastère cistercien de Candeil"		Paris_AN_JJ_inventaire_JJ37-50_index.xlsx#d1e369323																						
86468	"Sargueis (Pierre)"	"Sargueis (Pierre)"				"notaire public d'Anglès-du-Tarn"		Paris_AN_JJ_inventaire_JJ37-50_index.xlsx#d1e369341																						
86471	"Sarrade (Me Arnaud)"	"Sarrade (Me Arnaud)"						Paris_AN_JJ_inventaire_JJ37-50_index.xlsx#d1e369454																						
86472	"Sarralhier (Pierre)"	"Sarralhier (Pierre)"				"consul du château de Peyrusse-le-Roc"		Paris_AN_JJ_inventaire_JJ37-50_index.xlsx#d1e369469																						
86475	Bernard	Bernard				"Bernart (Raimond), trésorier de Rodez ou receveur du roi dans la sénéchaussée de Rouergue"		Paris_AN_JJ_inventaire_JJ37-50_index.xlsx#d1e156523																						
86477	"Saumade (Me Bernard)"	"Saumade (Me Bernard)"				légiste		Paris_AN_JJ_inventaire_JJ37-50_index.xlsx#d1e369776																						
86478	"Saumade (Pierre)"	"Saumade (Pierre)"						Paris_AN_JJ_inventaire_JJ37-50_index.xlsx#d1e369803																						
86480	"Saunier (Me Bernard)"	"Saunier (Me Bernard)"				légiste		Paris_AN_JJ_inventaire_JJ37-50_index.xlsx#d1e369927																						
86481	"Saunier (Jean)"	"Saunier (Jean)"				"légiste et juge de Lisle-sur-Tarn"		Paris_AN_JJ_inventaire_JJ37-50_index.xlsx#d1e369942																						
86482	"Saunier (Pierre)"	"Saunier (Pierre)"				"de Pontoise, valet et échanson du Roi"		Paris_AN_JJ_inventaire_JJ37-50_index.xlsx#d1e369958																						
86483	"Sauvage (Jean)"	"Sauvage (Jean)"				"chanoine de Noyon et clerc de la reine Marie"		Paris_AN_JJ_inventaire_JJ37-50_index.xlsx#d1e370160																						
86486	"Bernard VI"	"Bernard VI"				"comte d'Armagnac"		Paris_AN_JJ_inventaire_JJ37-50_index.xlsx#d1e156541																						
86488	"Savari ou Saverin (Baudouin)"	"Savari ou Saverin (Baudouin)"				"sergent du roi à Orbec"		Paris_AN_JJ_inventaire_JJ37-50_index.xlsx#d1e370435																						
86491	"Saymel (Me Pierre)"	"Saymel (Me Pierre)"				"curé de Saint-Michel d'Amiens"		Paris_AN_JJ_inventaire_JJ37-50_index.xlsx#d1e370653																						
86492	"Scarampi (Antonino)"	"Scarampi (Antonino)"				"d'Asti, demeurant à Meaux"		Paris_AN_JJ_inventaire_JJ37-50_index.xlsx#d1e370680																						
86493	"Sébile de Salmeria"	"Sébile de Salmeria"						Paris_AN_JJ_inventaire_JJ37-50_index.xlsx#d1e370797																						
86494	"Séchaud de Lausanne"	"Séchaud de Lausanne"						Paris_AN_JJ_inventaire_JJ37-50_index.xlsx#d1e370812																						
86495	Sedile	Sedile				"femme de Guillaume Pourrigal, talemelière et bourgeoise de Paris"		Paris_AN_JJ_inventaire_JJ37-50_index.xlsx#d1e370824																						
86496	Sedile	Sedile				"femme de Simon le Cornu"		Paris_AN_JJ_inventaire_JJ37-50_index.xlsx#d1e370839																						
86497	"Bernard IV"	"Bernard IV"				"comte d'Astarac, jadis co-seigneur de la bastide neuve de Tournay"		Paris_AN_JJ_inventaire_JJ37-50_index.xlsx#d1e156556																						
86499	"Séguier (Guilhem)"	"Séguier (Guilhem)"				"docteur ès lois"		Paris_AN_JJ_inventaire_JJ37-50_index.xlsx#d1e370971																						
86500	"Séguier (Guiot)"	"Séguier (Guiot)"				donzel		Paris_AN_JJ_inventaire_JJ37-50_index.xlsx#d1e370987																						
86501	"Séguier (P.)"	"Séguier (P.)"				"moine de Fontfroide"		Paris_AN_JJ_inventaire_JJ37-50_index.xlsx#d1e371002																						
86502	"Séguier (Pierre)"	"Séguier (Pierre)"				"chevalier, de Béziers, son fils"		Paris_AN_JJ_inventaire_JJ37-50_index.xlsx#d1e371017																						
86504	"Senhor (Astruc)"	"Senhor (Astruc)"				"juif de Sauve"		Paris_AN_JJ_inventaire_JJ37-50_index.xlsx#d1e371312																						
86508	"Bernard V"	"Bernard V"				"comte d'Astarac"		Paris_AN_JJ_inventaire_JJ37-50_index.xlsx#d1e156572																						
86510	"Seralh (Samuel)"	"Seralh (Samuel)"					"juif de Narbonne"	Paris_AN_JJ_inventaire_JJ37-50_index.xlsx#d1e372652																						
86512	"Sergent (Girard)"	"Sergent (Girard)"						Paris_AN_JJ_inventaire_JJ37-50_index.xlsx#d1e372742																						
86514	"Sermon (B.)"	"Sermon (B.)"				"jadis seigneur du Bézu"		Paris_AN_JJ_inventaire_JJ37-50_index.xlsx#d1e372820																						
86516	"Serrade (Me Arnaud)"	"Serrade (Me Arnaud)"						Paris_AN_JJ_inventaire_JJ37-50_index.xlsx#d1e372868																						
86517	"Serraire (Jean)"	"Serraire (Jean)"				"de Béziers, pelletier"		Paris_AN_JJ_inventaire_JJ37-50_index.xlsx#d1e372894																						
86518	"Servientis (Jean)"	"Servientis (Jean)"				légiste		Paris_AN_JJ_inventaire_JJ37-50_index.xlsx#d1e372976																						
86519	"Bernard VII"	"Bernard VII"				"comte de Comminges"		Paris_AN_JJ_inventaire_JJ37-50_index.xlsx#d1e156587																						
86520	"Servin (Robert)"	"Servin (Robert)"				"de Limbeuf, ses héritiers"		Paris_AN_JJ_inventaire_JJ37-50_index.xlsx#d1e373006																						
86522	"Sescaleta (Bonjuzas)"	"Sescaleta (Bonjuzas)"				juif		Paris_AN_JJ_inventaire_JJ37-50_index.xlsx#d1e373038																						
86523	"Sevein (Me Raoul)"	"Sevein (Me Raoul)"				"clerc du roi"		Paris_AN_JJ_inventaire_JJ37-50_index.xlsx#d1e373082																						
86524	"Sevein (Me Raoul)"	"Sevein (Me Raoul)"				"clerc du roi"		Paris_AN_JJ_inventaire_JJ37-50_index.xlsx#d1e373094																						
86526	Sibylle	Sibylle				"femme de Lambert des Salles"		Paris_AN_JJ_inventaire_JJ37-50_index.xlsx#d1e373218																						
86528	Sibylle	Sibylle				"vicomtesse de Narbonne"		Paris_AN_JJ_inventaire_JJ37-50_index.xlsx#d1e373244																						
86529	"Sicard (Pierre)"	"Sicard (Pierre)"				"se disant recteur de l'église de Saint-Germain-sur-Salembre"		Paris_AN_JJ_inventaire_JJ37-50_index.xlsx#d1e373260																						
86530	Agnès	Agnès				"femme de Robin Penart"		Paris_AN_JJ_inventaire_JJ37-50_index.xlsx#d1e133674																						
86531	"Bernard VIII"	"Bernard VIII"				"comte de Comminges, fils aîné du précédent"		Paris_AN_JJ_inventaire_JJ37-50_index.xlsx#d1e156605																						
86532	"Sicard de Labarde"	"Sicard de Labarde"						Paris_AN_JJ_inventaire_JJ37-50_index.xlsx#d1e373275																						
86533	"Sicard de Lavaur (ms. de Vauro)"	"Sicard de Lavaur (ms. de Vauro)"				"professeur ès lois, clerc du roi, juge mage et lieutenant du sénéchal de Béziers et Carcassonne"		Paris_AN_JJ_inventaire_JJ37-50_index.xlsx#d1e373290																						
86534	"Sicard de Puylaurens"	"Sicard de Puylaurens"						Paris_AN_JJ_inventaire_JJ37-50_index.xlsx#d1e373308																						
86537	"Simon (Jean le fils)"	"Simon (Jean le fils)"						Paris_AN_JJ_inventaire_JJ37-50_index.xlsx#d1e373670																						
86538	Simon	Simon				"archidiacre de Wells"		Paris_AN_JJ_inventaire_JJ37-50_index.xlsx#41e373680																						
86539	Simon	Simon				"doyen du chapitre de Châlons"		Paris_AN_JJ_inventaire_JJ37-50_index.xlsx#d1e373686																						
86540	Simon	Simon				"évêque de Beauvais"		Paris_AN_JJ_inventaire_JJ37-50_index.xlsx#d1e373701																						
86541	Simon	Simon				"seigneur de Choisy-la-Victoire, chevalier"		Paris_AN_JJ_inventaire_JJ37-50_index.xlsx#d1e373725																						
86543	"Simon d'Aubenton (Me)"	"Simon d'Aubenton (Me)"				"bourgeois de Carcassonne"		Paris_AN_JJ_inventaire_JJ37-50_index.xlsx#d1e373818																						
86544	"Simon de Bachambre"	"Simon de Bachambre"				"aumônier du roi"		Paris_AN_JJ_inventaire_JJ37-50_index.xlsx#d1e373860																						
86545	Simon	Simon				"Simonet de Bagnolet, écuyer"		Paris_AN_JJ_inventaire_JJ37-50_index.xlsx#d1e373888																						
86546	"Simon de Bucy (Me)"	"Simon de Bucy (Me)"				"magister Simon de Buxiaco, clerc et procureur du roi"		Paris_AN_JJ_inventaire_JJ37-50_index.xlsx#d1e373906																						
86547	"Simon de Cerny"	"Simon de Cerny"				"prévôt de Laon"		Paris_AN_JJ_inventaire_JJ37-50_index.xlsx#d1e373924																						
86548	"Simon de Châteauvillain"	"Simon de Châteauvillain"				clerc		Paris_AN_JJ_inventaire_JJ37-50_index.xlsx#d1e373939																						
86549	"Simon II de Châteauvillain"	"Simon II de Châteauvillain"				"jadis seigneur d'Arc-en-Barrois"		Paris_AN_JJ_inventaire_JJ37-50_index.xlsx#d1e373957																						
86550	"Simon de Clairac"	"Simon de Clairac"				"baile de Castelseigneur"		Paris_AN_JJ_inventaire_JJ37-50_index.xlsx#d1e373975																						
86551	"Simon de Clermont-Nesle"	"Simon de Clermont-Nesle"				"év. de Beauvais"		Paris_AN_JJ_inventaire_JJ37-50_index.xlsx#d1e373991																						
86552	"Simon de Condé"	"Simon de Condé"				"sergent du Châtelet et de la prévôté de Paris"		Paris_AN_JJ_inventaire_JJ37-50_index.xlsx#d1e374015																						
86553	Bernard	Bernard				"prévôt de l'église de Soissons"		Paris_AN_JJ_inventaire_JJ37-50_index.xlsx#d1e156634																						
86554	"Simon de Corneville"	"Simon de Corneville"						Paris_AN_JJ_inventaire_JJ37-50_index.xlsx#d1e374030																						
86555	"Simon de Courceaux"	"Simon de Courceaux"				"prévôt de Melun"		Paris_AN_JJ_inventaire_JJ37-50_index.xlsx#d1e374045																						
86556	"Simon de Curia Nivardi"	"Simon de Curia Nivardi"						Paris_AN_JJ_inventaire_JJ37-50_index.xlsx#d1e374060																						
86557	"Simon de Guilberville (Me)"	"Simon de Guilberville (Me)"				"doyen de l'église de Paris"		Paris_AN_JJ_inventaire_JJ37-50_index.xlsx#d1e374075																						
86558	"Simon de Guyancourt"	"Simon de Guyancourt"						Paris_AN_JJ_inventaire_JJ37-50_index.xlsx#d1e374091																						
86559	"Simon de Guyencourt (Me)"	"Simon de Guyencourt (Me)"				"professeur ès-lois, clerc du roi, enquêteur des fraudes commises dans le transit des laines"		Paris_AN_JJ_inventaire_JJ37-50_index.xlsx#d1e374118																						
86560	"Simon de Jarciay"	"Simon de Jarciay"				vavasseur		Paris_AN_JJ_inventaire_JJ37-50_index.xlsx#d1e374129																						
86561	"Simon de Joinville"	"Simon de Joinville"				"dit de Sailly, chevalier du roi"	"seigneur d'Échenay"	Paris_AN_JJ_inventaire_JJ37-50_index.xlsx#d1e374144																						
86562	"Simon de La Chassagne"	"Simon de La Chassagne"				d'Égletons		Paris_AN_JJ_inventaire_JJ37-50_index.xlsx#d1e374159																						
86563	"Simon de Lamorlaye"	"Simon de Lamorlaye"				"sergent à verge du Châtelet de Paris"		Paris_AN_JJ_inventaire_JJ37-50_index.xlsx#d1e374174																						
86564	Bernard	Bernard				"seigneur de Gayrosse"		Paris_AN_JJ_inventaire_JJ37-50_index.xlsx#d1e156649																						
86565	"Simon de La Queue"	"Simon de La Queue"				"chevalier du Roi"		Paris_AN_JJ_inventaire_JJ37-50_index.xlsx#d1e374190																						
86566	"Simon de La Salle (Me)"	"Simon de La Salle (Me)"				"clerc du roi"		Paris_AN_JJ_inventaire_JJ37-50_index.xlsx#d1e374211																						
86567	"Simon de La Vacherie"	"Simon de La Vacherie"				damoiseau		Paris_AN_JJ_inventaire_JJ37-50_index.xlsx#d1e374226																						
86568	"Simon de Manicourt"	"Simon de Manicourt"				écuyer		Paris_AN_JJ_inventaire_JJ37-50_index.xlsx#d1e374241																						
86569	"Simon de Massy"	"Simon de Massy"				"dit Cordelier"		Paris_AN_JJ_inventaire_JJ37-50_index.xlsx#d1e374256																						
86570	"Simon de Maxéville"	"Simon de Maxéville"				"chevalier, membre de l'hôtel du duc de Lorraine, familier et conseiller dudit duc"		Paris_AN_JJ_inventaire_JJ37-50_index.xlsx#d1e374271																						
86571	"Simon de Melun"	"Simon de Melun"				clerc		Paris_AN_JJ_inventaire_JJ37-50_index.xlsx#d1e374287																						
86572	"Simon de Melun"	"Simon de Melun"				"maréchal de France"		Paris_AN_JJ_inventaire_JJ37-50_index.xlsx#d1e374302																						
86573	"Simon de Menou"	"Simon de Menou"				chevalier		Paris_AN_JJ_inventaire_JJ37-50_index.xlsx#d1e374320																						
86574	"Simon de Montfort"	"Simon de Montfort"				"chevalier, fils du suivant"		Paris_AN_JJ_inventaire_JJ37-50_index.xlsx#d1e374335																						
86575	"Bernard de Barrabès"	"Bernard de Barrabès"				"sergent d'armes"		Paris_AN_JJ_inventaire_JJ37-50_index.xlsx#d1e156843																						
86576	"Simon de Montfort"	"Simon de Montfort"				"jadis comte de Leicester, sa veuve et ses enfants"		Paris_AN_JJ_inventaire_JJ37-50_index.xlsx#d1e374353																						
86577	"Simon de Montigny"	"Simon de Montigny"					"bailli de Gisors"	Paris_AN_JJ_inventaire_JJ37-50_index.xlsx#d1e374371																						
86578	"Simon de Nesles"	"Simon de Nesles"				chevalier		Paris_AN_JJ_inventaire_JJ37-50_index.xlsx#d1e374423																						
86579	"Simon de Poissy"	"Simon de Poissy"						Paris_AN_JJ_inventaire_JJ37-50_index.xlsx#d1e374438																						
86580	"Simon de Rabuisson"	"Simon de Rabuisson"				"clerc du roi et lieutenant du prévôt de Paris"		Paris_AN_JJ_inventaire_JJ37-50_index.xlsx#d1e374453																						
86581	"Simon de Rambouillet"	"Simon de Rambouillet"				"clerc du roi, chanoine de Notre-Dame et Saint-Spire de Corbeil, chanoine de la Sainte-Chapelle, commissaire à la vente des biens juifs et à la levée des biens et dettes de feus Biche et Mouche"		Paris_AN_JJ_inventaire_JJ37-50_index.xlsx#d1e374468																						
86582	"Simon de Rochechouart"	"Simon de Rochechouart"				"chevalier du Roi"		Paris_AN_JJ_inventaire_JJ37-50_index.xlsx#d1e374492																						
86583	"Simon de Sailly"	"Simon de Sailly"						Paris_AN_JJ_inventaire_JJ37-50_index.xlsx#d1e374513																						
86584	"Simon de Saint-Cloud (Me)"	"Simon de Saint-Cloud (Me)"				"chanoine de Meaux, clerc familier de la reine Marie de Brabant"		Paris_AN_JJ_inventaire_JJ37-50_index.xlsx#d1e374525																						
86585	"Simon de Saint-Révérien"	"Simon de Saint-Révérien"				"sénéchal de La Marche"		Paris_AN_JJ_inventaire_JJ37-50_index.xlsx#d1e374540																						
86586	"Bernard de Bourey"	"Bernard de Bourey"				chevalier		Paris_AN_JJ_inventaire_JJ37-50_index.xlsx#d1e156858																						
86587	"Simon de Tremblay"	"Simon de Tremblay"				"bourgeois royal de Paris"		Paris_AN_JJ_inventaire_JJ37-50_index.xlsx#d1e374555																						
86588	"Simon de Varennes"	"Simon de Varennes"				chevaiier		Paris_AN_JJ_inventaire_JJ37-50_index.xlsx#d1e374592																						
86589	"Simon de Vendeuil"	"Simon de Vendeuil"				"chanoine de Laon"		Paris_AN_JJ_inventaire_JJ37-50_index.xlsx#d1e374607																						
86590	"Simon de Villeroy (Me)"	"Simon de Villeroy (Me)"						Paris_AN_JJ_inventaire_JJ37-50_index.xlsx#d1e374622																						
86591	"Simon du Pré"	"Simon du Pré"				"forestier de la forêt de Crécy-en-Brie"		Paris_AN_JJ_inventaire_JJ37-50_index.xlsx#d1e374638																						
86592	"Simon Lembert"	"Simon Lembert"						Paris_AN_JJ_inventaire_JJ37-50_index.xlsx#d1e374675																						
86593	Simonet	Simonet				"archer de Charles de Valois"		Paris_AN_JJ_inventaire_JJ37-50_index.xlsx#d1e374831																						
86594	Simonet	Simonet				"fils de feu Simon le Juif"		Paris_AN_JJ_inventaire_JJ37-50_index.xlsx#d1e374847																						
86595	"Simonet de Bagnolet"	"Simonet de Bagnolet"				écuyer		Paris_AN_JJ_inventaire_JJ37-50_index.xlsx#d1e374862																						
86596	Simonin	Simonin				"fils de Colard le Mire"		Paris_AN_JJ_inventaire_JJ37-50_index.xlsx#d1e374873																						
86597	"Bernard de Brantôme"	"Bernard de Brantôme"						Paris_AN_JJ_inventaire_JJ37-50_index.xlsx#d1e156874																						
86598	"Simonnet de Denisy"	"Simonnet de Denisy"						Paris_AN_JJ_inventaire_JJ37-50_index.xlsx#d1e374888																						
86599	"Simonnet de Grandchamp"	"Simonnet de Grandchamp"						Paris_AN_JJ_inventaire_JJ37-50_index.xlsx#d1e374903																						
86601	"Sohier (Mathieu fils)"	"Sohier (Mathieu fils)"						Paris_AN_JJ_inventaire_JJ37-50_index.xlsx#d1e374984																						
86602	"Sohier de Liedekerke"	"Sohier de Liedekerke"				"sire de Boulaere, chevalier et baron de Flandre"		Paris_AN_JJ_inventaire_JJ37-50_index.xlsx#d1e374995																						
86603	"Soibert (Pierre)"	"Soibert (Pierre)"				"du Plessis-Châtelain, homme de corps"		Paris_AN_JJ_inventaire_JJ37-50_index.xlsx#d1e375011																						
86608	"Bernard de Canac"	"Bernard de Canac"				"donzel, grand baile royal de La Roque et de Laissac"		Paris_AN_JJ_inventaire_JJ37-50_index.xlsx#d1e156889																						
86611	"Soubeyre (Jean)"	"Soubeyre (Jean)"				"notaire public royal au Puy"		Paris_AN_JJ_inventaire_JJ37-50_index.xlsx#d1e375939																						
86612	"Soubiran (Me Raimond)"	"Soubiran (Me Raimond)"				"docteur ès décrets, clerc du roi de France, juge et commissaire du roi Édouard II d'Angleterre"		Paris_AN_JJ_inventaire_JJ37-50_index.xlsx#d1e375954																						
86613	Soudan	Soudan						Paris_AN_JJ_inventaire_JJ37-50_index.xlsx#d1e375985																						
86616	"Souque (Pierre)"	"Souque (Pierre)"				"bourgeois de Toulouse, commissaire député sur les juifs"		Paris_AN_JJ_inventaire_JJ37-50_index.xlsx#d1e376109																						
86619	"Bernard de Castanet"	"Bernard de Castanet"				"évêque d'Albi, puis du Puy"		Paris_AN_JJ_inventaire_JJ37-50_index.xlsx#d1e156916																						
86622	Stephanus	Stephanus				"clericus, frater Burelli et Gileti"		Paris_AN_JJ_inventaire_JJ37-50_index.xlsx#d1e376408																						
86623	Stephanus	Stephanus				"dominus Saligniaci, miles"	"Étienne, seigneur de Saligny"	Paris_AN_JJ_inventaire_JJ37-50_index.xlsx#d1e376423																						
86624	Stephanus	Stephanus				"procurator hominum et universitatum villarum de Caturco, etc."	"Étienne, procureur de Cahors, etc."	Paris_AN_JJ_inventaire_JJ37-50_index.xlsx#d1e376438																						
86625	"Stephanus de Anthoigniaco (magister)"	"Stephanus de Anthoigniaco (magister)"				"collector biennalium"		Paris_AN_JJ_inventaire_JJ37-50_index.xlsx#d1e376453																						
86626	"Stephanus dictus Coquus"	"Stephanus dictus Coquus"				"armiger, visitator generalis"	"Étienne Le Queux"	Paris_AN_JJ_inventaire_JJ37-50_index.xlsx#d1e376469																						
86627	"Sucrarii (Raimond)"	"Sucrarii (Raimond)"				notaire		Paris_AN_JJ_inventaire_JJ37-50_index.xlsx#d1e376510																						
86628	"Sudre (Pernelle)"	"Sudre (Pernelle)"				"bourgeois de La Rochelle"		Paris_AN_JJ_inventaire_JJ37-50_index.xlsx#d1e376556																						
86630	"Bernard de Castillous"	"Bernard de Castillous"				"de Cambiac"		Paris_AN_JJ_inventaire_JJ37-50_index.xlsx#d1e156931																						
86632	"Sulpicii (Gui)"	"Sulpicii (Gui)"				"ses. héritiers"		Paris_AN_JJ_inventaire_JJ37-50_index.xlsx#d1e376750																						
86635	"Symon de Guiencuria (magister)"	"Symon de Guiencuria (magister)"				"legum professor, clericus regis, ad inquirendum super fraudibus"	"Simon de Guyencourt, enquêteur des fraudes commises dans le transit des laines"	Paris_AN_JJ_inventaire_JJ37-50_index.xlsx#d1e376932																						
86637	"Taillerandi (Helias)"	"Taillerandi (Helias)"						Paris_AN_JJ_inventaire_JJ37-50_index.xlsx#d1e376984																						
86638	"Taisson (Jean)"	"Taisson (Jean)"				"bourgeois de Bayeux"		Paris_AN_JJ_inventaire_JJ37-50_index.xlsx#d1e377011																						
86639	"Talleyrand (Élie)"	"Talleyrand (Élie)"						Paris_AN_JJ_inventaire_JJ37-50_index.xlsx#d1e377056																						
86641	Agnès	Agnès				"(future) femme d'Orri l'Allemand"		Paris_AN_JJ_inventaire_JJ37-50_index.xlsx#d1e133689																						
86642	"Bernard de Cazaubon"	"Bernard de Cazaubon"				"baile de Port-Sainte-Marie"		Paris_AN_JJ_inventaire_JJ37-50_index.xlsx#d1e156946																						
86645	"Tartarin (Jean)"	"Tartarin (Jean)"				chevalier		Paris_AN_JJ_inventaire_JJ37-50_index.xlsx#d1e377274																						
86646	"Taschier (Ferri)"	"Taschier (Ferri)"				"chevalier du roi"		Paris_AN_JJ_inventaire_JJ37-50_index.xlsx#d1e377289																						
86647	"Tassète de La Perche"	"Tassète de La Perche"				"femme d'Hugonet de Villexavier"		Paris_AN_JJ_inventaire_JJ37-50_index.xlsx#d1e377323																						
86648	"Tassoend (Guillaume)"	"Tassoend (Guillaume)"				"châtelain de Châteldon pour l'archevêque de Narbonne"		Paris_AN_JJ_inventaire_JJ37-50_index.xlsx#d1e377349																						
86649	"Tatains (Guillaume)"	"Tatains (Guillaume)"				"doyen de l'église de Soissons"		Paris_AN_JJ_inventaire_JJ37-50_index.xlsx#d1e377364																						
86650	"Taurel (Jean) le jeune"	"Taurel (Jean) le jeune"				"marchand, bourgeois de Narbonne"		Paris_AN_JJ_inventaire_JJ37-50_index.xlsx#d1e377395																						
86651	"Tauros (Momet)"	"Tauros (Momet)"				"dit le roi juif de Narbonne"		Paris_AN_JJ_inventaire_JJ37-50_index.xlsx#d1e377436																						
86653	"Bernard de Cénaret (frère)"	"Bernard de Cénaret (frère)"		"Bernard (frère)"		"dom d'Aubrac"		Paris_AN_JJ_inventaire_JJ37-50_index.xlsx#d1e156961|Paris_AN_JJ_inventaire_JJ37-50_index.xlsx#d1e156623																						
86654	Tazart	Tazart				"Tarzat (Pierre), cithadayn de Saintes"		Paris_AN_JJ_inventaire_JJ37-50_index.xlsx#d1e377526																						
86655	"Teisseire (Bernard)"	"Teisseire (Bernard)"				"boucher de Saint-Antonin"		Paris_AN_JJ_inventaire_JJ37-50_index.xlsx#d1e377571																						
86658	"Tenanet (Hugues)"	"Tenanet (Hugues)"						Paris_AN_JJ_inventaire_JJ37-50_index.xlsx#d1e377647																						
86659	"Tessier (Jean)"	"Tessier (Jean)"				"notaire du roi à Nîmes"		Paris_AN_JJ_inventaire_JJ37-50_index.xlsx#d1e378000																						
86660	"Tessier (Pierre)"	"Tessier (Pierre)"				"notaire du roi"		Paris_AN_JJ_inventaire_JJ37-50_index.xlsx#d1e378015																						
86661	Tesson	Tesson				"mentions de collation"	"Raoul Tesson, notaire du roi"	Paris_AN_JJ_inventaire_JJ37-50_index.xlsx#d1e378033																						
86662	"Tesson (Guillaume)"	"Tesson (Guillaume)"				chevalier		Paris_AN_JJ_inventaire_JJ37-50_index.xlsx#d1e378057																						
86664	"Bernard de Durban"	"Bernard de Durban"				chevalier		Paris_AN_JJ_inventaire_JJ37-50_index.xlsx#d1e156977																						
86665	"Teste (Jean)"	"Teste (Jean)"				"de Saint-Amans"		Paris_AN_JJ_inventaire_JJ37-50_index.xlsx#d1e378117																						
86666	"Teulier (Arnaud)"	"Teulier (Arnaud)"				"baile royal de Cassagnes Bégonhès"		Paris_AN_JJ_inventaire_JJ37-50_index.xlsx#d1e378132																						
86667	"Theobaldus de Essarti"	"Theobaldus de Essarti"				"serviens et visitator generalis"		Paris_AN_JJ_inventaire_JJ37-50_index.xlsx#d1e378221																						
86670	"Thiard (Laurent)"	"Thiard (Laurent)"				"vicomte de Pont-de-l'Arche"		Paris_AN_JJ_inventaire_JJ37-50_index.xlsx#d1e378403																						
86671	"Thibaud II de Navarre,Thibaud V"	"Thibaud II de Navarre|Thibaud V"				"= Thibaud V, comte de Champagne)"		Paris_AN_JJ_inventaire_JJ37-50_index.xlsx#d1e378424|Paris_AN_JJ_inventaire_JJ37-50_index.xlsx#d1e378478																						
86672	Thibaud	Thibaud				"archidiacre de la Rivière et doyen de Bar, conseiller d'Édouard, comte de Bar"		Paris_AN_JJ_inventaire_JJ37-50_index.xlsx#d1e378439																						
86673	"Thibaud II"	"Thibaud II"				"comte de Bar"		Paris_AN_JJ_inventaire_JJ37-50_index.xlsx#d1e378454																						
86675	"Bernard de Exarto"	"Bernard de Exarto"				"notaire public de Toulouse"		Paris_AN_JJ_inventaire_JJ37-50_index.xlsx#d1e156992																						
86676	"Thibaud III"	"Thibaud III"				"comte palatin de Troyes"		Paris_AN_JJ_inventaire_JJ37-50_index.xlsx#d1e378489																						
86677	"Thibaud (Me)"	"Thibaud (Me)"				"curé de Saint-Nicolas-des-Champs"		Paris_AN_JJ_inventaire_JJ37-50_index.xlsx#d1e378505																						
86678	Thibaud	Thibaud				"évêque de Nevers"		Paris_AN_JJ_inventaire_JJ37-50_index.xlsx#d1e378520																						
86679	Thibaud	Thibaud				"prêtre, fils de feu Guillaume de Dicy et de Marie"		Paris_AN_JJ_inventaire_JJ37-50_index.xlsx#d1e378535																						
86680	Thibaud	Thibaud				"sire de Rochefort-en-Terre, chevalier"		Paris_AN_JJ_inventaire_JJ37-50_index.xlsx#d1e378550																						
86681	"Thibaud d'Aunoy (Me)"	"Thibaud d'Aunoy (Me)"				clerc		Paris_AN_JJ_inventaire_JJ37-50_index.xlsx#d1e378568																						
86682	"Thibaud de Bar"	"Thibaud de Bar"				"évêque de Liège"		Paris_AN_JJ_inventaire_JJ37-50_index.xlsx#d1e378595																						
86683	"Thibaud de Châtillon (Me)"	"Thibaud de Châtillon (Me)"				"archidiacre de Ponthieu"		Paris_AN_JJ_inventaire_JJ37-50_index.xlsx#d1e378611																						
86684	"Thibaud de Chepoix"	"Thibaud de Chepoix"				"seigneur du lieu, chevalier du roi"		Paris_AN_JJ_inventaire_JJ37-50_index.xlsx#d1e378626																						
86685	"Thibaud de Dampleux"	"Thibaud de Dampleux"				écuyer		Paris_AN_JJ_inventaire_JJ37-50_index.xlsx#d1e378664																						
86686	"Bernard de Fargues"	"Bernard de Fargues"				"archevêque de Rouen"		Paris_AN_JJ_inventaire_JJ37-50_index.xlsx#d1e157007																						
86687	"Thibaud de Denisy"	"Thibaud de Denisy"				chevalier		Paris_AN_JJ_inventaire_JJ37-50_index.xlsx#d1e378679																						
86688	"Thibaud de Essarti"	"Thibaud de Essarti"				"sergent et visiteur général du transit des laines"		Paris_AN_JJ_inventaire_JJ37-50_index.xlsx#d1e378694																						
86689	"Thibaud de Fleury"	"Thibaud de Fleury"						Paris_AN_JJ_inventaire_JJ37-50_index.xlsx#d1e378705																						
86690	"Thibaud de Lévis"	"Thibaud de Lévis"				"chevalier, jadis seigneur de Lapenne"		Paris_AN_JJ_inventaire_JJ37-50_index.xlsx#d1e378721																						
86691	"Thibaud de Marle"	"Thibaud de Marle"				"bailli du château de Montmirail"		Paris_AN_JJ_inventaire_JJ37-50_index.xlsx#d1e378748																						
86692	"Thibaud de Mousseaux"	"Thibaud de Mousseaux"				"concierge de la maison royale de Paucourt"		Paris_AN_JJ_inventaire_JJ37-50_index.xlsx#d1e378763																						
86693	"Thibaud de Nanteuil"	"Thibaud de Nanteuil"				chevalier		Paris_AN_JJ_inventaire_JJ37-50_index.xlsx#d1e378778																						
86694	"Thibaud de Nanteuil"	"Thibaud de Nanteuil"				"évêque de Beauvais"		Paris_AN_JJ_inventaire_JJ37-50_index.xlsx#d1e378796																						
86695	"Thibaud de Pontville"	"Thibaud de Pontville"				damoiseau		Paris_AN_JJ_inventaire_JJ37-50_index.xlsx#d1e378811																						
86696	"Thibaud de Sancerre (Me)"	"Thibaud de Sancerre (Me)"						Paris_AN_JJ_inventaire_JJ37-50_index.xlsx#d1e378827																						
86697	"Bernard de Gabarret"	"Bernard de Gabarret"				"héritier d'Augier de Gabarret"		Paris_AN_JJ_inventaire_JJ37-50_index.xlsx#d1e157022																						
86698	"Thibaud des Granges"	"Thibaud des Granges"						Paris_AN_JJ_inventaire_JJ37-50_index.xlsx#d1e378878																						
86699	"Thibaud des Nappes"	"Thibaud des Nappes"						Paris_AN_JJ_inventaire_JJ37-50_index.xlsx#d1e378893																						
86701	Thibout	Thibout				"Tyboud (Guillaume), bailli de Senlis"		Paris_AN_JJ_inventaire_JJ37-50_index.xlsx#d1e378991																						
86702	"Thibout (Robin)"	"Thibout (Robin)"						Paris_AN_JJ_inventaire_JJ37-50_index.xlsx#d1e379024																						
86703	Thierri	Thierri				"fils de Jean Noël"		Paris_AN_JJ_inventaire_JJ37-50_index.xlsx#d1e379112																						
86704	"Thierri de Montaigu"	"Thierri de Montaigu"				"bourgeois de la commune de Bruyères"		Paris_AN_JJ_inventaire_JJ37-50_index.xlsx#d1e379138																						
86705	"Thierri de Pontoise"	"Thierri de Pontoise"				"enquêteur des fraudes commises dans le transit des laines"		Paris_AN_JJ_inventaire_JJ37-50_index.xlsx#d1e379153																						
86706	"Thierri d'Essommes"	"Thierri d'Essommes"				"garde du scel de la prévôté de Château-Thierry"		Paris_AN_JJ_inventaire_JJ37-50_index.xlsx#d1e379168																						
86707	"Thierri d'Hirson (Me)"	"Thierri d'Hirson (Me)"				"clerc du roi, prévôt d'Aire-sur-la-Lys"		Paris_AN_JJ_inventaire_JJ37-50_index.xlsx#d1e379184																						
86708	"Bernard de Garriga"	"Bernard de Garriga"						Paris_AN_JJ_inventaire_JJ37-50_index.xlsx#d1e157037																						
86710	"Thomas (Guillaume)"	"Thomas (Guillaume )"				"de Veules"		Paris_AN_JJ_inventaire_JJ37-50_index.xlsx#d1e379313																						
86711	Thomas	Thomas				"curé de Verberie"		Paris_AN_JJ_inventaire_JJ37-50_index.xlsx#d1e379328																						
86712	"Thomas (frère)"	"Thomas (frère)"				"maître général de l'ordre de Saint-Lazare de Jérusalem"		Paris_AN_JJ_inventaire_JJ37-50_index.xlsx#d1e379343																						
86713	"Thomas de Bois-Guillaume"	"Thomas de Bois-Guillaume"				écuyer		Paris_AN_JJ_inventaire_JJ37-50_index.xlsx#d1e379403																						
86714	"Thomas de Boissy"	"Thomas de Boissy"				chevalier		Paris_AN_JJ_inventaire_JJ37-50_index.xlsx#d1e379418																						
86715	"Thomas de Bruyères"	"Thomas de Bruyères"				chevalier		Paris_AN_JJ_inventaire_JJ37-50_index.xlsx#d1e379433																						
86716	"Thomas de Cernay (Me)"	"Thomas de Cernay (Me)"				"clerc du roi"		Paris_AN_JJ_inventaire_JJ37-50_index.xlsx#d1e379448																						
86717	"Thomas de Cobham (Me)"	"Thomas de Cobham (Me)"				"docteur en décrets et en théologie, envoyé du roi Édouard II"		Paris_AN_JJ_inventaire_JJ37-50_index.xlsx#d1e379483																						
86718	"Thomas V de Coucy"	"Thomas V de Coucy"				"chevalier, seigneur de Vervins"		Paris_AN_JJ_inventaire_JJ37-50_index.xlsx#d1e379499																						
86719	"Bernard de Jean"	"Bernard de Jean"						Paris_AN_JJ_inventaire_JJ37-50_index.xlsx#d1e157052																						
86720	"Thomas de Crouy"	"Thomas de Crouy"				"homme-lige de l'abbé de Corbie"		Paris_AN_JJ_inventaire_JJ37-50_index.xlsx#d1e379514																						
86721	"Thomas de Ferrières"	"Thomas de Ferrières"				"bourgeois de Gournay-en-Bray"		Paris_AN_JJ_inventaire_JJ37-50_index.xlsx#d1e379529																						
86722	"Thomas de La Cour"	"Thomas de La Cour"						Paris_AN_JJ_inventaire_JJ37-50_index.xlsx#d1e379544																						
86723	"Thomas de Marfontaine"	"Thomas de Marfontaine"				"chevalier du roi, garde du bailliage de Sens"		Paris_AN_JJ_inventaire_JJ37-50_index.xlsx#d1e379559																						
86724	"Thomas de Ritel ou Rituel (Rutel)"	"Thomas de Ritel ou Rituel (= Rutel)"				écuyer		Paris_AN_JJ_inventaire_JJ37-50_index.xlsx#d1e379577																						
86725	"Thomas des Jardins"	"Thomas des Jardins"						Paris_AN_JJ_inventaire_JJ37-50_index.xlsx#d1e379593																						
86726	"Thomas de Vigneux"	"Thomas de Vigneux"				"chevalier, sa fille"		Paris_AN_JJ_inventaire_JJ37-50_index.xlsx#d1e379608																						
86727	Thomasse	Thomasse				"femme d'Arnaud Verger"		Paris_AN_JJ_inventaire_JJ37-50_index.xlsx#d1e379679																						
86728	"Thomasse de Pouancé"	"Thomasse de Pouancé"				"dame de Marolio, veuve de Gui de Laval"		Paris_AN_JJ_inventaire_JJ37-50_index.xlsx#d1e379694																						
86729	Thomassin	Thomassin				"garde des ustensiles d'argent du Roi"		Paris_AN_JJ_inventaire_JJ37-50_index.xlsx#d1e379709																						
86730	"Bernard de Lacourt"	"Bernard de Lacourt"				"marchand de Mirabel"		Paris_AN_JJ_inventaire_JJ37-50_index.xlsx#d1e157068																						
86731	"Thomassin de Jambes"	"Thomassin de Jambes"				"sergent à verge du Châtelet de Paris"		Paris_AN_JJ_inventaire_JJ37-50_index.xlsx#d1e379724																						
86732	"Thotée (Mathieu)"	"Thotée (Mathieu)"						Paris_AN_JJ_inventaire_JJ37-50_index.xlsx#d1e379766																						
86734	"Tibert (Simon)"	"Tibert (Simon)"						Paris_AN_JJ_inventaire_JJ37-50_index.xlsx#d1e379945																						
86736	"Tièce-Jorie (Renaud)"	"Tièce-Jorie (Renaud)"						Paris_AN_JJ_inventaire_JJ37-50_index.xlsx#d1e379971																						
86737	"Tiepolo (Jacopo)"	"Tiepolo (Jacopo)"				"ambassadeur de Venise"		Paris_AN_JJ_inventaire_JJ37-50_index.xlsx#d1e379987																						
86738	"Tilbert (Mes Jean"	"Tilbert (Mes Jean"				Pierre)		Paris_AN_JJ_inventaire_JJ37-50_index.xlsx#d1e380082																						
86740	"Tiphaine (Simon)"	"Tiphaine (Simon)"						Paris_AN_JJ_inventaire_JJ37-50_index.xlsx#d1e380200																						
86741	"Bernard de La Ferté-Bernard"	"Bernard de La Ferté-Bernard"						Paris_AN_JJ_inventaire_JJ37-50_index.xlsx#d1e157083																						
86742	Tiphaine	Tiphaine				"femme de Guillaume le Grand"		Paris_AN_JJ_inventaire_JJ37-50_index.xlsx#d1e380215																						
86743	"Tiphaine de Saint-Pierre-ès-Champs"	"Tiphaine de Saint-Pierre-ès-Champs"				"nourrice d'Isabelle, fille du Roi"		Paris_AN_JJ_inventaire_JJ37-50_index.xlsx#d1e380230																						
86744	"Tirel (Guillaume II)"	"Tirel (Guillaume II)"				"chevalier, sire de Poix"		Paris_AN_JJ_inventaire_JJ37-50_index.xlsx#d1e380245																						
86745	"Tirel (Roger)"	"Tirel (Roger)"				"sa forfaiture à Neuilly-le-Malherbe"		Paris_AN_JJ_inventaire_JJ37-50_index.xlsx#d1e380260																						
86746	"Tison (Geoffroi)"	"Tison (Geoffroi)"				chevalier		Paris_AN_JJ_inventaire_JJ37-50_index.xlsx#d1e380294																						
86749	"Toda d'Orbàiz"	"Toda d'Orbàiz"				"femme de feu Garcia Vidal"		Paris_AN_JJ_inventaire_JJ37-50_index.xlsx#d1e380355																						
86752	"Agnès de Melun"	"Agnès de Melun"		Agnès		"fille de Philippe de Melun"		Paris_AN_JJ_inventaire_JJ37-50_index.xlsx#d1e133704																						
86753	"Bernard de Languissel"	"Bernard de Languissel"				"chevalier du roi"		Paris_AN_JJ_inventaire_JJ37-50_index.xlsx#d1e157098																						
86754	"Tonne (Perrot)"	"Tonne (Perrot)"						Paris_AN_JJ_inventaire_JJ37-50_index.xlsx#d1e380488																						
86757	"Toset (Bertrand)"	"Toset (Bertrand)"				"habitant de Narbonne"		Paris_AN_JJ_inventaire_JJ37-50_index.xlsx#d1e380683																						
86763	"Toulza (Arnaud)"	"Toulza (Arnaud)"				"notaire public de Toulouse et de la Cour du viguier de Toulouse"		Paris_AN_JJ_inventaire_JJ37-50_index.xlsx#d1e382787																						
86764	"Bernard de La Tour"	"Bernard de La Tour"				"abbé de Saint-Papoul"		Paris_AN_JJ_inventaire_JJ37-50_index.xlsx#d1e157113																						
86765	"Toulza (Me Bernard)"	"Toulza (Me Bernard)"				"notaire royal"		Paris_AN_JJ_inventaire_JJ37-50_index.xlsx#d1e382803																						
86775	"Bernard III de La Tour"	"Bernard III de La Tour"				"seigneur de Latour-d'Auvergne"		Paris_AN_JJ_inventaire_JJ37-50_index.xlsx#d1e157128																						
86776	"Tournés (Jean)"	"Tournés (Jean)"				"de Moy-de-l'Aisne"		Paris_AN_JJ_inventaire_JJ37-50_index.xlsx#d1e383468																						
86778	"Toustain (Jean)"	"Toustain (Jean)"				"notaire au Châtelet de Paris"		Paris_AN_JJ_inventaire_JJ37-50_index.xlsx#d1e384080																						
86782	"Travaille (Jean)"	"Travaille (Jean)"				"sa femme et ses enfants"		Paris_AN_JJ_inventaire_JJ37-50_index.xlsx#d1e384298																						
86783	"Traverii (Arnaud)"	"Traverii (Arnaud)"				"juge pour Jacques Ier, roi de Majorque"		Paris_AN_JJ_inventaire_JJ37-50_index.xlsx#d1e384314																						
86786	"Bernard de Marigny"	"Bernard de Marigny"						Paris_AN_JJ_inventaire_JJ37-50_index.xlsx#d1e157143																						
86787	"Trenchet de Jouy"	"Trenchet de Jouy"						Paris_AN_JJ_inventaire_JJ37-50_index.xlsx#d1e384555																						
86788	"Trépotel (Hugues)"	"Trépotel (Hugues)"				chevalier		Paris_AN_JJ_inventaire_JJ37-50_index.xlsx#d1e384570																						
86789	"Trevaire (Pierre)"	"Trevaire (Pierre)"				"habitant de Coutances"		Paris_AN_JJ_inventaire_JJ37-50_index.xlsx#d1e384646																						
86793	"Tristan (Gencien)"	"Tristan (Gencien)"				"valet du roi"		Paris_AN_JJ_inventaire_JJ37-50_index.xlsx#d1e384941																						
86794	"Tristan (Marguerite),Marguerite"	"Tristan (Marguerite)|Marguerite"		Marguerite		"1re femme de Pierre V de Chambly, dame de Chambly"		Paris_AN_JJ_inventaire_JJ37-50_index.xlsx#d1e384956|Paris_AN_JJ_inventaire_JJ37-50_index.xlsx#d1e285009																						
86795	"Tronquière (Girard ou Giraud)"	"Tronquière (Girard ou Giraud)"				"receveur ou trésorier du roi en Poitou et Saintonge"		Paris_AN_JJ_inventaire_JJ37-50_index.xlsx#d1e385047																						
86796	"Troquier (Ancelin)"	"Troquier (Ancelin)"				"de Crandelain, et son fils bâtard Pierre Troquier"		Paris_AN_JJ_inventaire_JJ37-50_index.xlsx#d1e385068																						
86797	"Bernard de Marnhagues"	"Bernard de Marnhagues"				"habitant du château de Brusque"		Paris_AN_JJ_inventaire_JJ37-50_index.xlsx#d1e157159																						
86798	"Trousseau (Macé)"	"Trousseau (Macé)"						Paris_AN_JJ_inventaire_JJ37-50_index.xlsx#d1e385114																						
86799	"Troussel (Philippe)"	"Troussel (Philippe)"				"chevalier, jadis seigneur de Louvetot"		Paris_AN_JJ_inventaire_JJ37-50_index.xlsx#d1e385162																						
86800	"Troussevache (Jean)"	"Troussevache (Jean)"				"échanson et familier, puis chambellan et trésorier de Charles Ier, roi de Sicile"		Paris_AN_JJ_inventaire_JJ37-50_index.xlsx#d1e385177																						
86802	"Turgot (Jean)"	"Turgot (Jean)"				"ou de Turgoville, écuyer"		Paris_AN_JJ_inventaire_JJ37-50_index.xlsx#d1e385673																						
86803	"Tybert (Louis)"	"Tybert (Louis)"				"bourgeois de Paris"		Paris_AN_JJ_inventaire_JJ37-50_index.xlsx#d1e385777																						
86804	"Tyboud (Guillaume)"	"Tyboud (Guillaume)"				"prévôt de Paris"		Paris_AN_JJ_inventaire_JJ37-50_index.xlsx#d1e385806																						
86805	"Umbaut (Bernard)"	"Umbaut (Bernard)"				"notaire public du roi et de l'évêque de Mende"		Paris_AN_JJ_inventaire_JJ37-50_index.xlsx#d1e385859																						
86806	"Urdimala (Élie)"	"Urdimala (Élie)"				donzel		Paris_AN_JJ_inventaire_JJ37-50_index.xlsx#d1e385905																						
86808	"Bernard de Marteaux"	"Bernard de Marteaux"				"bourgeois de Saint-Jean-d'Angély"		Paris_AN_JJ_inventaire_JJ37-50_index.xlsx#d1e157174																						
86809	"Vaaseur (Adam)"	"Vaaseur (Adam)"				écuyer		Paris_AN_JJ_inventaire_JJ37-50_index.xlsx#d1e386206																						
86810	Vaast	Vaast				"prêtre d'Alphonse de Rouvroy"		Paris_AN_JJ_inventaire_JJ37-50_index.xlsx#d1e386221																						
86819	"Bernard de Montferrand (frère)"	"Bernard de Montferrand (frère)"				"provincial de l'ordre des Ermites de Saint-Augustin dans la province de Toulouse"		Paris_AN_JJ_inventaire_JJ37-50_index.xlsx#d1e157195																						
86823	"Vales (Féraud) père de Me Nicole Vales"	"Vales (Féraud) père de Me Nicole Vales"						Paris_AN_JJ_inventaire_JJ37-50_index.xlsx#d1e386881																						
86824	"Vales (Nicole)"	"Vales (Nicole)"				clerc		Paris_AN_JJ_inventaire_JJ37-50_index.xlsx#d1e386897																						
86827	"Vallergue (Pierre-Raimond)"	"Vallergue (Pierre-Raimond)"				"de Roquemaure"		Paris_AN_JJ_inventaire_JJ37-50_index.xlsx#d1e387094																						
86829	"Valpurge de Rodez femme du vicomte de Creissels"	"Valpurge de Rodez femme du vicomte de Creissels"						Paris_AN_JJ_inventaire_JJ37-50_index.xlsx#d1e387384																						
86830	"Bernard de Montméjean"	"Bernard de Montméjean"				"notaire de la Cour de Laissac"		Paris_AN_JJ_inventaire_JJ37-50_index.xlsx#d1e157210																						
86831	"Vandier (Élie et Pierre)"	"Vandier (Élie et Pierre)"				frères		Paris_AN_JJ_inventaire_JJ37-50_index.xlsx#d1e387540																						
86832	"Van Hertsberg (Jean)"	"Van Hertsberg (Jean)"					"v. Hertsberg"	Paris_AN_JJ_inventaire_JJ37-50_index.xlsx#d1e387570																						
86841	"Bernard V de Moreuil"	"Bernard V de Moreuil"				chevalier		Paris_AN_JJ_inventaire_JJ37-50_index.xlsx#d1e157225																						
86851	"Vaysse (Guilhem)"	"Vaysse (Guilhem)"				"épicier de Béziers, receveur de l'argent des biens juifs"		Paris_AN_JJ_inventaire_JJ37-50_index.xlsx#d1e388838																						
86852	"Bernard VI de Moreuil"	"Bernard VI de Moreuil"				écuyer		Paris_AN_JJ_inventaire_JJ37-50_index.xlsx#d1e157240																						
86853	"Velhaire (Pierre)"	"Velhaire (Pierre)"				"baile royal de Theziers et Volpelières"		Paris_AN_JJ_inventaire_JJ37-50_index.xlsx#d1e388965																						
86855	"Vendômeau (Jean)"	"Vendômeau (Jean)"				"jadis bourgeois de Chartres, commis à la besogne des juifs audit lieu"		Paris_AN_JJ_inventaire_JJ37-50_index.xlsx#d1e389096																						
86861	"Vera (Guillaume)"	"Vera (Guillaume)"				"bourgeois du Puy"		Paris_AN_JJ_inventaire_JJ37-50_index.xlsx#d1e389394																						
86862	"Vera (Jean)"	"Vera (Jean)"				"bourgeois du Puy"		Paris_AN_JJ_inventaire_JJ37-50_index.xlsx#d1e389409																						
86863	Agnès	Agnès				"fille de Pierre le Moine et de Bourgeoise"		Paris_AN_JJ_inventaire_JJ37-50_index.xlsx#d1e133715																						
86864	"Bernard de Podio"	"Bernard de Podio"						Paris_AN_JJ_inventaire_JJ37-50_index.xlsx#d1e157259																						
86865	"Verdillon du Verger"	"Verdillon du Verger"						Paris_AN_JJ_inventaire_JJ37-50_index.xlsx#d1e389570																						
86866	"Verger (Arnaud)"	"Verger (Arnaud)"				"marchand de Narbonne"		Paris_AN_JJ_inventaire_JJ37-50_index.xlsx#d1e389712																						
86868	"Vergier (Raimond)"	"Vergier (Raimond)"				"notaire public de Carcassonne"		Paris_AN_JJ_inventaire_JJ37-50_index.xlsx#d1e389753																						
86869	"Veriau (Guillaume)"	"Veriau (Guillaume)"				prêtre		Paris_AN_JJ_inventaire_JJ37-50_index.xlsx#d1e389842																						
86871	"Vermot (Guilhem)"	"Vermot (Guilhem)"				"notaire public royal"		Paris_AN_JJ_inventaire_JJ37-50_index.xlsx#d1e390177																						
86875	"Bernard de Rivière"	"Bernard de Rivière"						Paris_AN_JJ_inventaire_JJ37-50_index.xlsx#d1e157274																						
86880	"Vidal (Dieulosal)"	"Vidal (Dieulosal)"				"juif de Narbonne"		Paris_AN_JJ_inventaire_JJ37-50_index.xlsx#d1e391324																						
86881	"Vidal (Garcia)"	"Vidal (Garcia)"						Paris_AN_JJ_inventaire_JJ37-50_index.xlsx#d1e391340																						
86882	"Vidal (Pierre)"	"Vidal (Pierre)"				légiste		Paris_AN_JJ_inventaire_JJ37-50_index.xlsx#d1e391355																						
86883	"Vidal (Samuel) d'Escales"	"Vidal (Samuel) d'Escales"						Paris_AN_JJ_inventaire_JJ37-50_index.xlsx#d1e391370																						
86884	"Vidal de Boeriano"	"Vidal de Boeriano"				"jadis juif de Nîmes"		Paris_AN_JJ_inventaire_JJ37-50_index.xlsx#d1e391399																						
86885	"Vidal de Mauguio"	"Vidal de Mauguio"				juif		Paris_AN_JJ_inventaire_JJ37-50_index.xlsx#d1e391414																						
86886	"Bernard de Saint-Didier"	"Bernard de Saint-Didier"				"sa fille"		Paris_AN_JJ_inventaire_JJ37-50_index.xlsx#d1e157289																						
86887	"Vidal de Sommières"	"Vidal de Sommières"				juif		Paris_AN_JJ_inventaire_JJ37-50_index.xlsx#d1e391430																						
86891	"Vigier (Bon Macip)"	"Vigier (Bon Macip)"				juif		Paris_AN_JJ_inventaire_JJ37-50_index.xlsx#d1e391911																						
86892	"Vigier (Élie) (Élie), donzel, viguier"	"Vigier (Élie) (Élie), donzel, viguier"				"donzel, viguier (ou mieux vigier) du Puy-Saint-Front de Périgueux"		Paris_AN_JJ_inventaire_JJ37-50_index.xlsx#d1e391926																						
86893	"Vigier (Geoffroi)"	"Vigier (Geoffroi)"				"seigneur de Dompierre-sur-Mer, damoiseau"		Paris_AN_JJ_inventaire_JJ37-50_index.xlsx#d1e391940																						
86894	"Vigier (Hugues)"	"Vigier (Hugues)"				"ses héritiers"	"de La Rochelle"	Paris_AN_JJ_inventaire_JJ37-50_index.xlsx#d1e391955																						
86895	"Vigier (Jean)"	"Vigier (Jean)"				"bourgeois de La Rochelle"		Paris_AN_JJ_inventaire_JJ37-50_index.xlsx#d1e391970																						
86896	"Vigier (Jean)"	"Vigier (Jean)"				"chevalier du roi"		Paris_AN_JJ_inventaire_JJ37-50_index.xlsx#d1e391985																						
86897	"Bernard de Vals"	"Bernard de Vals"				"abbé de Sarlat"		Paris_AN_JJ_inventaire_JJ37-50_index.xlsx#d1e157304																						
86903	"Villaine (Jean)"	"Villaine (Jean)"				"poissonnier de mer en la Cuisine du roi"		Paris_AN_JJ_inventaire_JJ37-50_index.xlsx#d1e392145																						
86905	"Villan (Jean)"	"Villan (Jean)"				"bourgeois de Carcassonne, notaire public royal"		Paris_AN_JJ_inventaire_JJ37-50_index.xlsx#d1e392241																						
86908	"Bernard de Vendres"	"Bernard de Vendres"						Paris_AN_JJ_inventaire_JJ37-50_index.xlsx#d1e157319																						
86919	"Bernard de Verberie"	"Bernard de Verberie"				"viguier de Cabardès"		Paris_AN_JJ_inventaire_JJ37-50_index.xlsx#d1e157334																						
86930	"Bernard de Villalbe (Me)"	"Bernard de Villalbe (Me)"				"notaire du roi"		Paris_AN_JJ_inventaire_JJ37-50_index.xlsx#d1e157353																						
86932	"Violo (Bernard)"	"Violo (Bernard)"				"notaire de la Cour des appellations de Toulouse"		Paris_AN_JJ_inventaire_JJ37-50_index.xlsx#d1e394919																						
86933	"Virgile (Guillaume)"	"Virgile (Guillaume)"				"syndic de Fontès"		Paris_AN_JJ_inventaire_JJ37-50_index.xlsx#d1e394980																						
86940	Vivant	Vivant				"fils de feu Simon le Juif"		Paris_AN_JJ_inventaire_JJ37-50_index.xlsx#d1e395494																						
86941	"Bernard du Bosc"	"Bernard du Bosc"				"notaire de Laurac"		Paris_AN_JJ_inventaire_JJ37-50_index.xlsx#d1e157371																						
86942	Vivian	Vivian						Paris_AN_JJ_inventaire_JJ37-50_index.xlsx#d1e395535																						
86947	"Volé (Nicolas)"	"Volé (Nicolas)"				"évêque de Meaux"		Paris_AN_JJ_inventaire_JJ37-50_index.xlsx#d1e395896																						
86950	"Voué d'Épinal"	"Voué d'Épinal"						Paris_AN_JJ_inventaire_JJ37-50_index.xlsx#d1e395994																						
86952	"Bernard II du Caylar"	"Bernard II du Caylar"				"donzel de Roujan, et son fils Bernard III du Caylar"		Paris_AN_JJ_inventaire_JJ37-50_index.xlsx#d1e157386																						
86953	"Waleran II de Luxembourg"	"Waleran II de Luxembourg"				damoiseau		Paris_AN_JJ_inventaire_JJ37-50_index.xlsx#d1e396168																						
86954	Wales	Wales				"fils du défunt châtelain de Bergues"		Paris_AN_JJ_inventaire_JJ37-50_index.xlsx#d1e396183																						
86958	"Wasselin de Gand"	"Wasselin de Gand"				"bourgeois de Paris"		Paris_AN_JJ_inventaire_JJ37-50_index.xlsx#d1e396332																						
86959	Wautier	Wautier				"abbé de Saint-Quentin-en-l'Ile"		Paris_AN_JJ_inventaire_JJ37-50_index.xlsx#d1e396376																						
86960	"Wautier d'Anvers"	"Wautier d'Anvers"				"archidiacre de Cambrai"		Paris_AN_JJ_inventaire_JJ37-50_index.xlsx#d1e396402																						
86963	"Bernard du Mès"	"Bernard du Mès"		"Bernardus de Meso"		"Bernardus de Meso, conseiller et familier du roi"		Paris_AN_JJ_inventaire_JJ37-50_index.xlsx#d1e157401																						
86964	"Wiard de Meuse"	"Wiard de Meuse"						Paris_AN_JJ_inventaire_JJ37-50_index.xlsx#d1e396482																						
86965	"Wilequart (Colard)"	"Wilequart (Colard)"				chevalier		Paris_AN_JJ_inventaire_JJ37-50_index.xlsx#d1e396512																						
86966	"Willard de Serocourt"	"Willard de Serocourt"						Paris_AN_JJ_inventaire_JJ37-50_index.xlsx#d1e396527																						
86967	"Willebard (Jean)"	"Willebard (Jean)"				"bourgeois de Gand"		Paris_AN_JJ_inventaire_JJ37-50_index.xlsx#d1e396542																						
86969	"Wyon de Caumont"	"Wyon de Caumont"				"jadis chevalier et seigneur de Plumoison, ses enfants"		Paris_AN_JJ_inventaire_JJ37-50_index.xlsx#d1e396648																						
86971	"Y. de Laudunaco"	"Y. de Laudunaco"						Paris_AN_JJ_inventaire_JJ37-50_index.xlsx#d1e396689																						
86972	"Ydier (Geoffroi le fils)"	"Ydier (Geoffroi le fils)"						Paris_AN_JJ_inventaire_JJ37-50_index.xlsx#d1e396715																						
86975	"Bernard-Jourdain IV de L'Isle"	"Bernard-Jourdain IV de L'Isle"				"donzel, seigneur de L'Isle-Jourdain"		Paris_AN_JJ_inventaire_JJ37-50_index.xlsx#d1e157835																						
86976	"Yécelin (Jacques)"	"Yécelin (Jacques)"						Paris_AN_JJ_inventaire_JJ37-50_index.xlsx#d1e396744																						
86978	"Ymon (Raimond)"	"Ymon (Raimond)"				chevalier		Paris_AN_JJ_inventaire_JJ37-50_index.xlsx#d1e396822																						
86979	"Ynard (Bernard)"	"Ynard (Bernard)"				"notaire de Pavie"		Paris_AN_JJ_inventaire_JJ37-50_index.xlsx#d1e396837																						
86980	Yolande	Yolande						Paris_AN_JJ_inventaire_JJ37-50_index.xlsx#d1e396852																						
86981	Ysabellis	Ysabellis				"domina de Villa Fargeau (Isabelle, dame de Villefargeau) et liberi ejus"		Paris_AN_JJ_inventaire_JJ37-50_index.xlsx#d1e396902																						
86982	Ysabellis	Ysabellis				"uxor Guidonis de Tociaco"	"Isabelle du Vault-de-Lugny, femme de Gui II de Toucy"	Paris_AN_JJ_inventaire_JJ37-50_index.xlsx#d1e396918																						
86983	"Ysalguier (Raimond)"	"Ysalguier (Raimond)"				"changeur , — du roi, à Toulouse"		Paris_AN_JJ_inventaire_JJ37-50_index.xlsx#d1e396933																						
86984	"Ysarn (Guilhem)"	"Ysarn (Guilhem)"				"sergent d'armes et viguier du roi à Toulouse"		Paris_AN_JJ_inventaire_JJ37-50_index.xlsx#d1e396954																						
86986	Bernarde	Bernarde				"femme de Geoffroi de Vitry"		Paris_AN_JJ_inventaire_JJ37-50_index.xlsx#d1e157865																						
86987	"Yveiin (Alexandre)"	"Yveiin (Alexandre)"						Paris_AN_JJ_inventaire_JJ37-50_index.xlsx#d1e397011																						
86988	Yves	Yves						Paris_AN_JJ_inventaire_JJ37-50_index.xlsx#d1e397026																						
86989	"Yvo de Laudunaco (magister)"	"Yvo de Laudunaco (magister)"						Paris_AN_JJ_inventaire_JJ37-50_index.xlsx#d1e397052																						
86990	"Yvon (Pierre)"	"Yvon (Pierre)"				"de Méry, clerc du roi"		Paris_AN_JJ_inventaire_JJ37-50_index.xlsx#d1e397063																						
86991	Bernarde	Bernarde				"fille de feu Bernard de Saint-Didier son fils"		Paris_AN_JJ_inventaire_JJ37-50_index.xlsx#d1e157880																						
86992	Bemarde	Bemarde				"veuve de Me Raoul le Physicien"		Paris_AN_JJ_inventaire_JJ37-50_index.xlsx#d1e157895																						
86993	"Bernardino da Casale"	"Bernardino da Casale"				"syndic et procureur des marchands de Milan"		Paris_AN_JJ_inventaire_JJ37-50_index.xlsx#d1e157911																						
86994	"Bernardot (Bernard)"	"Bernardot (Bernard)"				"notaire public de Béziers"		Paris_AN_JJ_inventaire_JJ37-50_index.xlsx#d1e157926																						
86995	"Bernardus de Meso"	"Bernardus de Meso"						Paris_AN_JJ_inventaire_JJ37-50_index.xlsx#d1e157941																						
86996	"Bernart (Raimond)"	"Bernart (Raimond)"						Paris_AN_JJ_inventaire_JJ37-50_index.xlsx#d1e157963																						
86997	"Berrella de Berrellis (Arnaud)"	"Berrella de Berrellis (Arnaud)"						Paris_AN_JJ_inventaire_JJ37-50_index.xlsx#d1e158092																						
86999	Agnès	Agnès				"veuve de Jean Bouteiller, de Nemours"		Paris_AN_JJ_inventaire_JJ37-50_index.xlsx#d1e133749																						
87000	"Bertaud de Borest"	"Bertaud de Borest"				"garde de la maison royale de Insula"		Paris_AN_JJ_inventaire_JJ37-50_index.xlsx#d1e158166																						
87001	"Bertaud de Pontoise"	"Bertaud de Pontoise"				orfèvre		Paris_AN_JJ_inventaire_JJ37-50_index.xlsx#d1e158216																						
87002	"Berthomé (Dominique)"	"Berthomé (Dominique)"				"maître de l'aumônerie de Saint-Bathélemy à La Rochelle"		Paris_AN_JJ_inventaire_JJ37-50_index.xlsx#d1e158284																						
87003	"Berthoud de Saint-Denis"	"Berthoud de Saint-Denis"				"évêque d'Orléans"		Paris_AN_JJ_inventaire_JJ37-50_index.xlsx#d1e158299																						
87004	"Bertin (Guillaume)"	"Bertin (Guillaume)"						Paris_AN_JJ_inventaire_JJ37-50_index.xlsx#d1e158314																						
87005	"Bertrand (Aimeri)"	"Bertrand (Aimeri)"				clerc		Paris_AN_JJ_inventaire_JJ37-50_index.xlsx#d1e158345																						
87006	"Bertrand (Colin)"	"Bertrand (Colin)"				"habitant de Montpellier"		Paris_AN_JJ_inventaire_JJ37-50_index.xlsx#d1e158360																						
87007	"Bertrand (Guilhem)"	"Bertrand (Guilhem)"				"baile de Saint-Astier"		Paris_AN_JJ_inventaire_JJ37-50_index.xlsx#d1e158375																						
87008	"Bertrand (dom)"	"Bertrand (dom)"				"abbé de Grandselve"		Paris_AN_JJ_inventaire_JJ37-50_index.xlsx#d1e158390																						
87009	"Bertrand de Beauville"	"Bertrand de Beauville"				"prieur de Saint-Côme"		Paris_AN_JJ_inventaire_JJ37-50_index.xlsx#d1e158495																						
87010	"Bérenger Acfred"	"Bérenger Acfred"						Paris_AN_JJ_inventaire_JJ37-50_index.xlsx#d1e132340																						
87011	Agnès	Agnès				"veuve de Pierre de Remies"		Paris_AN_JJ_inventaire_JJ37-50_index.xlsx#d1e133768																						
87012	"Bertrand de Bonet"	"Bertrand de Bonet"		"Bonet (Bertrand de)"		"valet du roi, porteur de son sceau à Benon"	"cacographie pour Bertaud de Borest?"	Paris_AN_JJ_inventaire_JJ37-50_index.xlsx#d1e158499																						
87013	"Bertrand de Bordes (Me)"	"Bertrand de Bordes (Me)"				"clerc du roi, camérier du pape, évêque d'Albi"		Paris_AN_JJ_inventaire_JJ37-50_index.xlsx#d1e158521																						
87014	"Bertrand de Got"	"Bertrand de Got"				"neveu de Clément V"		Paris_AN_JJ_inventaire_JJ37-50_index.xlsx#d1e158554																						
87015	"Bertrand de La Capelle"	"Bertrand de La Capelle"						Paris_AN_JJ_inventaire_JJ37-50_index.xlsx#d1e158627																						
87016	"Bertrand de Lamothe"	"Bertrand de Lamothe"				"valet du roi"		Paris_AN_JJ_inventaire_JJ37-50_index.xlsx#d1e158642																						
87017	"Bertrand de Lanne"	"Bertrand de Lanne"						Paris_AN_JJ_inventaire_JJ37-50_index.xlsx#d1e158670																						
87018	"Bertrand de La Tourette"	"Bertrand de La Tourette"				"donzel, recteur royal de Montpellier"		Paris_AN_JJ_inventaire_JJ37-50_index.xlsx#d1e158685																						
87019	"Bertrand de Lisle"	"Bertrand de Lisle"				"ses héritiers"		Paris_AN_JJ_inventaire_JJ37-50_index.xlsx#d1e158751																						
87020	"Bertrand de L'Isle-Jourdain"	"Bertrand de L'Isle-Jourdain"				"évêque de Toulouse"		Paris_AN_JJ_inventaire_JJ37-50_index.xlsx#d1e158766																						
87021	"Bertrand de Lunac"	"Bertrand de Lunac"				"chevalier, seigneur en partie du château de Lunac-d'Aiguillon"		Paris_AN_JJ_inventaire_JJ37-50_index.xlsx#d1e158781																						
87022	Agnès	Agnès				"veuve de Renaud de Rouy"		Paris_AN_JJ_inventaire_JJ37-50_index.xlsx#d1e133783																						
87023	"Bertrand de Lussac"	"Bertrand de Lussac"						Paris_AN_JJ_inventaire_JJ37-50_index.xlsx#d1e158796																						
87024	"Bertrand de Mazères (Me)"	"Bertrand de Mazères (Me)"				"de Mirepoix, notaire public royal de Carcassonne et de toute la sénéchaussée de Carcassonne et Béziers"		Paris_AN_JJ_inventaire_JJ37-50_index.xlsx#d1e158812																						
87025	"Bertrand de Puycelci"	"Bertrand de Puycelci"				"seigneur de Puy-Laroque, donzel"		Paris_AN_JJ_inventaire_JJ37-50_index.xlsx#d1e158827																						
87026	"Bertrand de Quiriès"	"Bertrand de Quiriès"						Paris_AN_JJ_inventaire_JJ37-50_index.xlsx#d1e158842																						
87027	"Bertrand de Rochefort"	"Bertrand de Rochefort"				"chevalier, seigneur d'Aurouze"		Paris_AN_JJ_inventaire_JJ37-50_index.xlsx#d1e158857																						
87028	"Bertrand de Rochis"	"Bertrand de Rochis"				"donzel, seigneur des châteaux de Bizanet et d'Escales, son exécuteur testamentaire"		Paris_AN_JJ_inventaire_JJ37-50_index.xlsx#d1e158872																						
87029	"Bertrand de Roquenégade"	"Bertrand de Roquenégade"				"chevalier du roi"		Paris_AN_JJ_inventaire_JJ37-50_index.xlsx#d1e158887																						
87030	"Bertrand de Saune"	"Bertrand de Saune"				"notaire du Roi"		Paris_AN_JJ_inventaire_JJ37-50_index.xlsx#d1e158927																						
87031	"Bertrand de Sauviac"	"Bertrand de Sauviac"				"comte de Campanie, neveu du pape Clément V"		Paris_AN_JJ_inventaire_JJ37-50_index.xlsx#d1e158945																						
87032	"Bertrand du Cluzel"	"Bertrand du Cluzel"				"chanoine de Brioude"		Paris_AN_JJ_inventaire_JJ37-50_index.xlsx#d1e158976																						
87033	Agnès	Agnès				"veuve d'Huet Rougeaut"		Paris_AN_JJ_inventaire_JJ37-50_index.xlsx#d1e133798																						
87034	"Bertrand du Puch"	"Bertrand du Puch"						Paris_AN_JJ_inventaire_JJ37-50_index.xlsx#d1e158994																						
87035	"Bertrand Guilbert"	"Bertrand Guilbert"						Paris_AN_JJ_inventaire_JJ37-50_index.xlsx#d1e159032																						
87036	"Bertrand-Jourdain de L'Isle"	"Bertrand-Jourdain de L'Isle"				"chevalier du roi"		Paris_AN_JJ_inventaire_JJ37-50_index.xlsx#d1e159122																						
87037	"Beschet (Pierre)"	"Beschet (Pierre)"				chevalier		Paris_AN_JJ_inventaire_JJ37-50_index.xlsx#d1e159277																						
87038	"Bessi (Me Germain)"	"Bessi (Me Germain)"				"baile de Pennautier et lieutenant du viguier de Cabardès"		Paris_AN_JJ_inventaire_JJ37-50_index.xlsx#d1e159383																						
87043	"Beuve du Bois"	"Beuve du Bois"						Paris_AN_JJ_inventaire_JJ37-50_index.xlsx#d1e159623																						
87044	"Agnès d'Acy"	"Agnès d'Acy"				"dame de Bois-Garnier"		Paris_AN_JJ_inventaire_JJ37-50_index.xlsx#d1e133813																						
87048	Bidaut	Bidaut						Paris_AN_JJ_inventaire_JJ37-50_index.xlsx#d1e160469																						
87049	"Bienfait (Macé)"	"Bienfait (Macé)"				"sergent à cheval du Châtelet de Paris"		Paris_AN_JJ_inventaire_JJ37-50_index.xlsx#d1e160481																						
87051	"Bienvenue de Chasellis"	"Bienvenue de Chasellis"				"femme de Jean de Charry"		Paris_AN_JJ_inventaire_JJ37-50_index.xlsx#d1e160554																						
87053	"Biscay (Bernard)"	"Biscay (Bernard)"				"bourgeois de Bayonne"		Paris_AN_JJ_inventaire_JJ37-50_index.xlsx#d1e160859																						
87054	"Biset (Jean)"	"Biset (Jean)"				"du Fayet, clerc juré du roi à Provins"		Paris_AN_JJ_inventaire_JJ37-50_index.xlsx#d1e160889																						
87055	"Agnès de Bachambre"	"Agnès de Bachambre"						Paris_AN_JJ_inventaire_JJ37-50_index.xlsx#d1e133828																						
87056	"Bision (Guillaume)"	"Bision (Guillaume)"				écuyer		Paris_AN_JJ_inventaire_JJ37-50_index.xlsx#d1e160905																						
87060	"Blainet de Ravel"	"Blainet de Ravel"						Paris_AN_JJ_inventaire_JJ37-50_index.xlsx#d1e161154																						
87061	"Blanc (Élie)"	"Blanc (Élie)"						Paris_AN_JJ_inventaire_JJ37-50_index.xlsx#d1e161303																						
87064	Blanche	Blanche				"fille de Jean de Bouville"		Paris_AN_JJ_inventaire_JJ37-50_index.xlsx#d1e161353																						
87066	"Agnès de Brienne"	"Agnès de Brienne"				"femme de Jean II, comte de Joigny"		Paris_AN_JJ_inventaire_JJ37-50_index.xlsx#d1e133843																						
87067	Blanche	Blanche				"fille de Pierre le Queux"		Paris_AN_JJ_inventaire_JJ37-50_index.xlsx#d1e161382																						
87069	Blanche	Blanche				"juive de Nîmes"		Paris_AN_JJ_inventaire_JJ37-50_index.xlsx#d1e161408																						
87071	Blanche	Blanche				"tante du roi"		Paris_AN_JJ_inventaire_JJ37-50_index.xlsx#d1e161435																						
87072	"Blanche d'Avaugour"	"Blanche d'Avaugour"				"femme de Guillaume d'Harcourt"		Paris_AN_JJ_inventaire_JJ37-50_index.xlsx#d1e161446																						
87073	"Blanche de Bourgogne"	"Blanche de Bourgogne"		Blanche		"Femme de Charles, fils du roi. Fille d'Othon IV et de Mahaut"		Paris_AN_JJ_inventaire_JJ37-50_index.xlsx#d1e161464|Paris_AN_JJ_inventaire_JJ37-50_index.xlsx#d1e161330|Paris_AN_JJ_inventaire_JJ37-50_index.xlsx#d1e161371|Paris_AN_JJ_inventaire_JJ37-50_index.xlsx#d1e161397																						
87074	"Blanche de Brabant"	"Blanche de Brabant"				"femme de Jean, vicomte de Thouars"		Paris_AN_JJ_inventaire_JJ37-50_index.xlsx#d1e161501																						
87075	"Blanche de Bretagne"	"Blanche de Bretagne"		Blanche		"femme puis veuve de Philippe d'Artois, mère de Robert, fils de feu Philippe d'Artois"		Paris_AN_JJ_inventaire_JJ37-50_index.xlsx#d1e161519|Paris_AN_JJ_inventaire_JJ37-50_index.xlsx#d1e161424																						
87076	"Blanche de Castille"	"Blanche de Castille"				"reine de France, mère de saint Louis"		Paris_AN_JJ_inventaire_JJ37-50_index.xlsx#d1e161541																						
87077	"Agnès de Caumont"	"Agnès de Caumont"		Agnès		"soeur de Baudouin de Caumont"		Paris_AN_JJ_inventaire_JJ37-50_index.xlsx#d1e133865|Paris_AN_JJ_inventaire_JJ37-50_index.xlsx#d1e133730																						
87078	"Blanche de Chastel"	"Blanche de Chastel"				"femme de Gilles Aycelin, chevalier du roi"		Paris_AN_JJ_inventaire_JJ37-50_index.xlsx#d1e161559																						
87079	"Blanche de Clermont"	"Blanche de Clermont"				"femme (première) de Robert VII, comte d'Auvergne et de Boulogne par la suite, son fils aîné"		Paris_AN_JJ_inventaire_JJ37-50_index.xlsx#d1e161574																						
87080	"Blanche de France"	"Blanche de France"				"tante du roi, fille de saint Louis"		Paris_AN_JJ_inventaire_JJ37-50_index.xlsx#d1e161589																						
87081	"Blanche de Minerve"	"Blanche de Minerve"						Paris_AN_JJ_inventaire_JJ37-50_index.xlsx#d1e161613																						
87082	"Blanche de Navarre"	"Blanche de Navarre"				"belle-mère du roi"		Paris_AN_JJ_inventaire_JJ37-50_index.xlsx#d1e161628																						
87083	"Blanche d'Haverskerque"	"Blanche d'Haverskerque"		Blanche		"fille de Jean, sire d'Haverskerque"		Paris_AN_JJ_inventaire_JJ37-50_index.xlsx#d1e161647|Paris_AN_JJ_inventaire_JJ37-50_index.xlsx#d1e161342																						
87087	"Blanquet (Pons)"	"Blanquet (Pons)"				"notaire de Béziers"		Paris_AN_JJ_inventaire_JJ37-50_index.xlsx#d1e161841																						
87088	"Agnès de France"	"Agnès de France"		Agnès		"duchesse de Bourgogne"		Paris_AN_JJ_inventaire_JJ37-50_index.xlsx#d1e133880|Paris_AN_JJ_inventaire_JJ37-50_index.xlsx#d1e133560																						
87091	"Blesme (Déodat)"	"Blesme (Déodat)"				"boucher de Saint-Antonin"		Paris_AN_JJ_inventaire_JJ37-50_index.xlsx#d1e161970																						
87092	"Boceta (domicella)"	"Boceta (domicella)"				"soror Burelli, Gileti et Stephani"		Paris_AN_JJ_inventaire_JJ37-50_index.xlsx#d1e162097																						
87093	"Boémond d'Astarac"	"Boémond d'Astarac"				"donzel, seigneur de Sauveterre, du Gaujaguès et du château de Renso"		Paris_AN_JJ_inventaire_JJ37-50_index.xlsx#d1e162143																						
87095	"Boileau (Jean)"	"Boileau (Jean)"						Paris_AN_JJ_inventaire_JJ37-50_index.xlsx#d1e162232																						
87099	"Agnès de Melun"	"Agnès de Melun"		Agnès				Paris_AN_JJ_inventaire_JJ37-50_index.xlsx#d1e133904																						
87109	"Bomacip (Samuel) ou Macip"	"Bomacip (Samuel) ou Macip"				"d'Escales, juif"		Paris_AN_JJ_inventaire_JJ37-50_index.xlsx#d1e163128																						
87110	"Agnès de Rueil"	"Agnès de Rueil"						Paris_AN_JJ_inventaire_JJ37-50_index.xlsx#d1e133919																						
87112	"Bonafailha (Me Guilhem)"	"Bonafailha (Me Guilhem)"						Paris_AN_JJ_inventaire_JJ37-50_index.xlsx#d1e163249																						
87113	"Bonafos (Astruc)"	"Bonafos (Astruc)"				"du Caylar, juif de Narbonne"		Paris_AN_JJ_inventaire_JJ37-50_index.xlsx#d1e163264																						
87114	"Bonafos (Mossé)"	"Bonafos (Mossé)"				juif		Paris_AN_JJ_inventaire_JJ37-50_index.xlsx#d1e163279																						
87116	"Bonasse (Me Pierre)"	"Bonasse (Me Pierre)"				"notaire de Carcassonne"		Paris_AN_JJ_inventaire_JJ37-50_index.xlsx#d1e163321																						
87117	"Bonaventura (Pangio di)"	"Bonaventura (Pangio di)"						Paris_AN_JJ_inventaire_JJ37-50_index.xlsx#d1e163336																						
87118	"Bondia de Sorgeriis"	"Bondia de Sorgeriis"				juif		Paris_AN_JJ_inventaire_JJ37-50_index.xlsx#d1e163366																						
87119	"Bonéfant de Béziers"	"Bonéfant de Béziers"				juif		Paris_AN_JJ_inventaire_JJ37-50_index.xlsx#d1e163381																						
87121	"Thomas Achaceau"	"Thomas Achaceau"						Paris_AN_JJ_inventaire_JJ37-50_index.xlsx#d1e132355																						
87123	"Bonet (Guillaume)"	"Bonet (Guillaume)"				"évêque de Bayeux"		Paris_AN_JJ_inventaire_JJ37-50_index.xlsx#d1e163412																						
87124	"Bon-et-Bel (Galban) valet du roi et viguier de Nîmes"	"Bon-et-Bel (Galban) valet du roi et viguier de Nîmes"						Paris_AN_JJ_inventaire_JJ37-50_index.xlsx#d1e163458																						
87125	"Bonet de La Gleize"	"Bonet de La Gleize"				"de Coussa"		Paris_AN_JJ_inventaire_JJ37-50_index.xlsx#d1e163476																						
87126	"Bonet de Paulhan"	"Bonet de Paulhan"				"juif de Béziers"		Paris_AN_JJ_inventaire_JJ37-50_index.xlsx#d1e163492																						
87127	"Bonet de Rieux"	"Bonet de Rieux"				"habitant de Rieux"		Paris_AN_JJ_inventaire_JJ37-50_index.xlsx#d1e163507																						
87128	Bonfillon	Bonfillon				"juif de Sauve"		Paris_AN_JJ_inventaire_JJ37-50_index.xlsx#d1e163540																						
87129	"Bonfils (Arnaud)"	"Bonfils (Arnaud)"				"autrement dit Vivian"		Paris_AN_JJ_inventaire_JJ37-50_index.xlsx#d1e163555																						
87130	"Bonfils (Me Jacques)"	"Bonfils (Me Jacques)"				notaire		Paris_AN_JJ_inventaire_JJ37-50_index.xlsx#d1e163570																						
87131	"Bonfils le médecin"	"Bonfils le médecin"				"juif de Sauve"		Paris_AN_JJ_inventaire_JJ37-50_index.xlsx#d1e163589																						
87132	"Bonhomme de Sadeillan"	"Bonhomme de Sadeillan"						Paris_AN_JJ_inventaire_JJ37-50_index.xlsx#d1e163615																						
87133	"Agnès du Bois"	"Agnès du Bois"				"femme de Guillaume de Flavacourt"		Paris_AN_JJ_inventaire_JJ37-50_index.xlsx#d1e133955																						
87134	"Boniface VIII"	"Boniface VIII"				pape		Paris_AN_JJ_inventaire_JJ37-50_index.xlsx#d1e163630																						
87135	"Boniface de Saluces"	"Boniface de Saluces"				"archidiacre de Buckingham"		Paris_AN_JJ_inventaire_JJ37-50_index.xlsx#d1e163648																						
87136	"Boniface d'Orange"	"Boniface d'Orange"				"juif de Carcassonne"		Paris_AN_JJ_inventaire_JJ37-50_index.xlsx#d1e163663																						
87137	"Bonifas (Bernard)"	"Bonifas (Bernard)"						Paris_AN_JJ_inventaire_JJ37-50_index.xlsx#d1e163679																						
87138	"Bonin (Lambert)"	"Bonin (Lambert)"						Paris_AN_JJ_inventaire_JJ37-50_index.xlsx#d1e163694																						
87139	"Bonin de La Baste"	"Bonin de La Baste"						Paris_AN_JJ_inventaire_JJ37-50_index.xlsx#d1e163709																						
87140	"Bonisach (Mayr Ben Bonjusas)"	"Bonisach (Mayr Ben Bonjusas)"				"de L'Estelle, juif de Belvèze"		Paris_AN_JJ_inventaire_JJ37-50_index.xlsx#d1e163724																						
87141	"Bonisach de Lunel"	"Bonisach de Lunel"				"mari d'Estelle, juif"		Paris_AN_JJ_inventaire_JJ37-50_index.xlsx#d1e163739																						
87142	"Bonisach d'Orange"	"Bonisach d'Orange"				juif		Paris_AN_JJ_inventaire_JJ37-50_index.xlsx#d1e163754																						
87143	"Bonlamort (Géraud)"	"Bonlamort (Géraud)"						Paris_AN_JJ_inventaire_JJ37-50_index.xlsx#d1e163781																						
87144	"Raoul Agombaud (feu)"	"Raoul Agombaud (feu)"				bâtard		Paris_AN_JJ_inventaire_JJ37-50_index.xlsx#d1e133971																						
87146	"Bons (Jean)"	"Bons (Jean)"				"garde du sceau de la prévôté de Château-Landon"		Paris_AN_JJ_inventaire_JJ37-50_index.xlsx#d1e164043																						
87147	"Boquet (Gérard)"	"Boquet (Gérard)"						Paris_AN_JJ_inventaire_JJ37-50_index.xlsx#d1e164137																						
87149	"Boquier (Bertrand)"	"Boquier (Bertrand)"				"notaire public de Montpellier"		Paris_AN_JJ_inventaire_JJ37-50_index.xlsx#d1e164170																						
87151	"Bordel (Vidal)"	"Bordel (Vidal)"				juif		Paris_AN_JJ_inventaire_JJ37-50_index.xlsx#d1e164446																						
87156	"Bort (Étienne)"	"Bort (Étienne)"				"clerc, garde du sceau de la Cour royale de Pont-du-Château"		Paris_AN_JJ_inventaire_JJ37-50_index.xlsx#d1e164634																						
87163	"Bosquain (Roger)"	"Bosquain (Roger)"						Paris_AN_JJ_inventaire_JJ37-50_index.xlsx#d1e164962																						
87164	"Bossenhor de Abonnare (corr. d'en Abomar ?)"	"Bossenhor de Abonnare (corr. d'en Abomar ?)"				"juif de Béziers"		Paris_AN_JJ_inventaire_JJ37-50_index.xlsx#d1e164992																						
87165	"Bouceau (Baudouin)"	"Bouceau (Baudouin)"				"bourgeois royal de Paris"		Paris_AN_JJ_inventaire_JJ37-50_index.xlsx#d1e165023																						
87167	"Bouceau (Jacques)"	"Bouceau (Jacques)"						Paris_AN_JJ_inventaire_JJ37-50_index.xlsx#d1e165041																						
87168	"Bouceau (Nicolas)"	"Bouceau (Nicolas)"				"de Lorris, commissaire du bailli d'Orléans"		Paris_AN_JJ_inventaire_JJ37-50_index.xlsx#d1e165056																						
87169	"Boucet (Guilhem)"	"Boucet (Guilhem)"				"de Laurac"		Paris_AN_JJ_inventaire_JJ37-50_index.xlsx#d1e165071																						
87170	"Bouchard (Bertrand)"	"Bouchard (Bertrand)"				chevalier		Paris_AN_JJ_inventaire_JJ37-50_index.xlsx#d1e165086																						
87171	"Bouchard (Jean)"	"Bouchard (Jean)"				"bourgeois d'Aigurande"		Paris_AN_JJ_inventaire_JJ37-50_index.xlsx#d1e165101																						
87172	"Bouchard (Pierre)"	"Bouchard (Pierre)"				chevalier		Paris_AN_JJ_inventaire_JJ37-50_index.xlsx#d1e165117																						
87173	"Bouchard de Vendôme"	"Bouchard de Vendôme"				chevalier		Paris_AN_JJ_inventaire_JJ37-50_index.xlsx#d1e165132																						
87174	"Bouchedor (Hamon)"	"Bouchedor (Hamon)"				"sa fille"		Paris_AN_JJ_inventaire_JJ37-50_index.xlsx#d1e165147																						
87175	"Bouchier (Me Guillaume)"	"Bouchier (Me Guillaume)"				"clerc, commissaire d'Hugues de La Celle"		Paris_AN_JJ_inventaire_JJ37-50_index.xlsx#d1e165209																						
87177	Aimar	Aimar				"prieur de Tusson"		Paris_AN_JJ_inventaire_JJ37-50_index.xlsx#d1e134263																						
87178	"Bouel (Me Simon)"	"Bouel (Me Simon)"				"clerc, commissaire du Roi aux nouveaux acquêts dans la prévôté de Paris"		Paris_AN_JJ_inventaire_JJ37-50_index.xlsx#d1e165338																						
87179	"Boufil de Saint-Saurin"	"Boufil de Saint-Saurin"				juif	"corr. Saint-Savin"	Paris_AN_JJ_inventaire_JJ37-50_index.xlsx#d1e165353																						
87180	"Bougant (Henri)"	"Bougant (Henri)"				"sous-chantre de l'église d'Avranches"		Paris_AN_JJ_inventaire_JJ37-50_index.xlsx#d1e165368																						
87181	"Bougant (Jean)"	"Bougant (Jean)"				clerc		Paris_AN_JJ_inventaire_JJ37-50_index.xlsx#d1e165383																						
87182	"Bouguerin (Pierre)"	"Bouguerin (Pierre)"				prêtre		Paris_AN_JJ_inventaire_JJ37-50_index.xlsx#d1e165414																						
87183	"Bouhoure (Renaud)"	"Bouhoure (Renaud)"				"clerc des arbalétriers du roi"		Paris_AN_JJ_inventaire_JJ37-50_index.xlsx#d1e165483																						
87184	"Boulard de Denisy"	"Boulard de Denisy"				chevalier		Paris_AN_JJ_inventaire_JJ37-50_index.xlsx#d1e165615																						
87188	Aimar	Aimar				"seigneur d'Archiac"		Paris_AN_JJ_inventaire_JJ37-50_index.xlsx#d1e134279																						
87193	"Bourdon (Renier)"	"Bourdon (Renier)"				"bourgeois de Paris et gouverneur des biens du Temple en France"		Paris_AN_JJ_inventaire_JJ37-50_index.xlsx#d1e166198																						
87195	Bourgeoise	Bourgeoise				"femme de Pierre le Moine, sa fille"		Paris_AN_JJ_inventaire_JJ37-50_index.xlsx#d1e166296																						
87196	Bourgesa	Bourgesa				"femme d'Isaac de Muret"		Paris_AN_JJ_inventaire_JJ37-50_index.xlsx#d1e166695																						
87199	"Aimar IV de Poitiers"	"Aimar IV de Poitiers"				"comte de Valentinois"		Paris_AN_JJ_inventaire_JJ37-50_index.xlsx#d1e134294																						
87201	"Bouroise (Thomas)"	"Bouroise (Thomas)"						Paris_AN_JJ_inventaire_JJ37-50_index.xlsx#d1e167255																						
87202	"Boursier (Martin)"	"Boursier (Martin)"				"de Coutances"		Paris_AN_JJ_inventaire_JJ37-50_index.xlsx#d1e167350																						
87203	"Bous (Guillaume)"	"Bous (Guillaume)"				héritiers	"de la Rochelle"	Paris_AN_JJ_inventaire_JJ37-50_index.xlsx#d1e167377																						
87206	"Bousseau (Me Pierre) ou Rousseau"	"Bousseau (Me Pierre) ou Rousseau"				"de Bourgneuf"		Paris_AN_JJ_inventaire_JJ37-50_index.xlsx#d1e167456																						
87207	"Bouteiller (Jean)"	"Bouteiller (Jean)"				"de Nemours, sa veuve"		Paris_AN_JJ_inventaire_JJ37-50_index.xlsx#d1e167487																						
87210	"Aimar V de Poitiers (ms. natus quondam comitis)"	"Aimar V de Poitiers (ms. natus quondam comitis)"				"chevalier du roi, fils du défunt comte de Valentinois (ms. natus quondam comitis)"	"expression difficile à expliquer puisque son père Aimar IV a vécu, dit-on, jusqu'en 329"	Paris_AN_JJ_inventaire_JJ37-50_index.xlsx#d1e134309																						
87215	"Bovozuti (Guido)"	"Bovozuti (Guido)"				"de Nutiaco, visitator generalis"		Paris_AN_JJ_inventaire_JJ37-50_index.xlsx#d1e167865																						
87216	"Boyau (Raoul)"	"Boyau (Raoul)"				chevalier		Paris_AN_JJ_inventaire_JJ37-50_index.xlsx#d1e167880																						
87218	Bralda	Bralda				"femme d'Hugues de Conflans"		Paris_AN_JJ_inventaire_JJ37-50_index.xlsx#d1e168053																						
87221	"Aimar II de Valence"	"Aimar II de Valence"				"chevalier du roi, comte de Pembroke, lord de Wexford et seigneur de Montignac-Charente"		Paris_AN_JJ_inventaire_JJ37-50_index.xlsx#d1e134327																						
87222	"Brandier (Papon)"	"Brandier (Papon)"						Paris_AN_JJ_inventaire_JJ37-50_index.xlsx#d1e168181																						
87223	"Branque (Nicolas)"	"Branque (Nicolas)"				"trésorier du roi à Nîmes"		Paris_AN_JJ_inventaire_JJ37-50_index.xlsx#d1e168196																						
87225	"Brasseau (Jean)"	"Brasseau (Jean)"				"sa veuve"		Paris_AN_JJ_inventaire_JJ37-50_index.xlsx#d1e168229																						
87229	"Bresson (Me Bérenger)"	"Bresson (Me Bérenger)"				légiste		Paris_AN_JJ_inventaire_JJ37-50_index.xlsx#d1e168590																						
87233	"Aimeri V"	"Aimeri V"				"vicomte de Narbonne"		Paris_AN_JJ_inventaire_JJ37-50_index.xlsx#d1e134374																						
87239	"Brichard (Thomas)"	"Brichard (Thomas)"				"ses héritiers"		Paris_AN_JJ_inventaire_JJ37-50_index.xlsx#d1e169407																						
87240	"Bridoul (Clair)"	"Bridoul (Clair)"				"de Crépy-en-Valois, et son fils Jean Bridoul, dit Bidaut"		Paris_AN_JJ_inventaire_JJ37-50_index.xlsx#d1e169437																						
87244	"Aimeri de Bresencheriis (frère)"	"Aimeri de Bresencheriis (frère)"				"abbé de Calers"		Paris_AN_JJ_inventaire_JJ37-50_index.xlsx#d1e134422																						
87245	"Brient II"	"Brient II"				"sire de Montjean"		Paris_AN_JJ_inventaire_JJ37-50_index.xlsx#d1e170149																						
87247	"Bringuier (Me Guilhem)"	"Bringuier (Me Guilhem)"				"clerc du roi, docteur ès lois, juge ordinaire de Carcassonne, viguier de Cabardès"		Paris_AN_JJ_inventaire_JJ37-50_index.xlsx#d1e170214																						
87248	"Bringuier (Pierre)"	"Bringuier (Pierre)"				"procureur des consuls et hommes de Villautou"		Paris_AN_JJ_inventaire_JJ37-50_index.xlsx#d1e170247																						
87249	"Briseteste (Simon)"	"Briseteste (Simon)"				"chevalier du roi, sénéchal de Carcassonne"		Paris_AN_JJ_inventaire_JJ37-50_index.xlsx#d1e170446																						
87250	"Britonis (Henricus) serviens Castelleti"	"Britonis (Henricus) serviens Castelleti"					"Henri le Breton, sergent du Châtelet"	Paris_AN_JJ_inventaire_JJ37-50_index.xlsx#d1e170461																						
87252	"Brocas (Bernard)"	"Brocas (Bernard)"				"du château de Gignac"		Paris_AN_JJ_inventaire_JJ37-50_index.xlsx#d1e170586																						
87253	"Broiars (Robert)"	"Broiars (Robert)"				"de Molinghem, écuyer"		Paris_AN_JJ_inventaire_JJ37-50_index.xlsx#d1e170631																						
87254	"Broquard de Fontibus"	"Broquard de Fontibus"						Paris_AN_JJ_inventaire_JJ37-50_index.xlsx#d1e170649																						
87255	"Aimeri de Cros"	"Aimeri de Cros"				"chevalier du roi et juge de Sault, Fenouillèdes et Termenès ou de Sault et Razès"		Paris_AN_JJ_inventaire_JJ37-50_index.xlsx#d1e134437																						
87262	"Brumart (Nicolas)"	"Brumart (Nicolas)"				"forestier ou verdier royal de la Grésigne"		Paris_AN_JJ_inventaire_JJ37-50_index.xlsx#d1e171009																						
87263	"Brun (Arnaud)"	"Brun (Arnaud)"				"notaire de Pamiers"		Paris_AN_JJ_inventaire_JJ37-50_index.xlsx#d1e171059																						
87264	"Brun (Jean)"	"Brun (Jean)"				"de Bouhet"		Paris_AN_JJ_inventaire_JJ37-50_index.xlsx#d1e171074																						
87265	"Brun (Raimond)"	"Brun (Raimond)"				"notaire public du roi"		Paris_AN_JJ_inventaire_JJ37-50_index.xlsx#d1e171089																						
87266	"Aimeri de Lavergne"	"Aimeri de Lavergne"				"prieur de Fons"		Paris_AN_JJ_inventaire_JJ37-50_index.xlsx#d1e134514																						
87267	"Brune (Guilhem)"	"Brune (Guilhem)"				"représentant de la communauté de Brusque"		Paris_AN_JJ_inventaire_JJ37-50_index.xlsx#d1e171110																						
87268	"Brune (Me Pierre)"	"Brune (Me Pierre)"				"alias Martin, notaire de Lapenne et notaire public royal dans la sénéchaussée de Toulouse et Albi"		Paris_AN_JJ_inventaire_JJ37-50_index.xlsx#d1e171125																						
87269	"Brunet (Me Guilhem)"	"Brunet (Me Guilhem)"						Paris_AN_JJ_inventaire_JJ37-50_index.xlsx#d1e171141																						
87270	"Brunique de Riste"	"Brunique de Riste"						Paris_AN_JJ_inventaire_JJ37-50_index.xlsx#d1e171156																						
87272	"Bruusc (Gilbert)"	"Bruusc (Gilbert)"					"bourgeois de Gand"	Paris_AN_JJ_inventaire_JJ37-50_index.xlsx#d1e171203																						
87277	"Aimeri de Malemort"	"Aimeri de Malemort"				"seigneur de Salviac, chevalier"		Paris_AN_JJ_inventaire_JJ37-50_index.xlsx#d1e134529																						
87278	"Buffet (Jacques)"	"Buffet (Jacques)"				"bourgeois de Rouen, fils de Michel Buffet"		Paris_AN_JJ_inventaire_JJ37-50_index.xlsx#d1e171526																						
87279	"Buffet (Pierre)"	"Buffet (Pierre)"				"ses héritiers"		Paris_AN_JJ_inventaire_JJ37-50_index.xlsx#d1e171547																						
87281	"Buille (Renaud)"	"Buille (Renaud)"				"bourgeois de Bourges"		Paris_AN_JJ_inventaire_JJ37-50_index.xlsx#d1e171595																						
87284	Bureau	Bureau				écuyer		Paris_AN_JJ_inventaire_JJ37-50_index.xlsx#d1e171804																						
87285	"Burel (Raoul)"	"Burel (Raoul)"				"sergent fieffé de la sergenterie de Duclair, puis de celle de Cambremer"		Paris_AN_JJ_inventaire_JJ37-50_index.xlsx#d1e171815																						
87286	Burellus	Burellus				armiger	"Bureau, fils de feu Gilet, seigneur de Courson-les-Carrières"	Paris_AN_JJ_inventaire_JJ37-50_index.xlsx#d1e171830																						
87287	"Burgundi (Joan)"	"Burgundi (Joan)"				"sacristain de Majorque, envoyé de Jaime II d'Aragon"		Paris_AN_JJ_inventaire_JJ37-50_index.xlsx#d1e171876																						
87288	"Aimeri de Saint-Vaize"	"Aimeri de Saint-Vaize"				"clerc, du diocèse de Poitiers"		Paris_AN_JJ_inventaire_JJ37-50_index.xlsx#d1e134544																						
87289	"Buridan (Mathieu)"	"Buridan (Mathieu)"				"jadis bourgeois de Saint-Quentin"		Paris_AN_JJ_inventaire_JJ37-50_index.xlsx#d1e171906																						
87292	"Busquet (Robert)"	"Busquet (Robert)"						Paris_AN_JJ_inventaire_JJ37-50_index.xlsx#d1e171984																						
87294	"Butenbaut (Hugues dit)"	"Butenbaut (Hugues dit)"				"chanoine de Notre-Dame-la-Grande de Poitiers"		Paris_AN_JJ_inventaire_JJ37-50_index.xlsx#d1e172042																						
87296	"Cabes (Bernard)"	"Cabes (Bernard)"						Paris_AN_JJ_inventaire_JJ37-50_index.xlsx#d1e172223																						
87299	"Aimeri du Pont"	"Aimeri du Pont"				"bourgeois de Périgueux"		Paris_AN_JJ_inventaire_JJ37-50_index.xlsx#d1e134559																						
87300	"Cabot (Me G.)"	"Cabot (Me G.)"				"baile du cloître de Mauguio et lieutenant du viguier du château de Mauguio"		Paris_AN_JJ_inventaire_JJ37-50_index.xlsx#d1e172287																						
87301	"Cabrol (Me Jean)"	"Cabrol (Me Jean)"				"clerc du roi"		Paris_AN_JJ_inventaire_JJ37-50_index.xlsx#d1e172332																						
87302	"Cabut (Guiot)"	"Cabut (Guiot)"				"prévôt de Beaugency"		Paris_AN_JJ_inventaire_JJ37-50_index.xlsx#d1e172359																						
87303	"Caetani (Francesco)"	"Caetani (Francesco)"				"cardinal-diacre de Sainte-Marie in Cosmedin et trésorier de Laon"		Paris_AN_JJ_inventaire_JJ37-50_index.xlsx#d1e172919																						
87306	"Caillat ou Caillet (Jean)"	"Caillat ou Caillet (Jean)"				"de La Franchise, vavasseur"		Paris_AN_JJ_inventaire_JJ37-50_index.xlsx#d1e173166																						
87307	"Caillau (Arnaud)"	"Caillau (Arnaud)"				"jadis lieutenant du sénéchal de Gascogne"		Paris_AN_JJ_inventaire_JJ37-50_index.xlsx#d1e173181																						
87308	"Caillet (Jean)"	"Caillet (Jean)"						Paris_AN_JJ_inventaire_JJ37-50_index.xlsx#d1e173196																						
87310	"Aimeri du Puits"	"Aimeri du Puits"				"bourgeois de la Rochelle"		Paris_AN_JJ_inventaire_JJ37-50_index.xlsx#d1e134574																						
87314	"Calvet (Me Durand)"	"Calvet (Me Durand)"				"juge des Montagnes de Rouergue"		Paris_AN_JJ_inventaire_JJ37-50_index.xlsx#d1e173494																						
87315	Calvet	Calvet				"Chauvet (Me Jean), procureur du roi dans la sénéchaussée de Périgord et Quercy"		Paris_AN_JJ_inventaire_JJ37-50_index.xlsx#d1e173510																						
87316	"Calvet de Cas"	"Calvet de Cas"				"son héritier"		Paris_AN_JJ_inventaire_JJ37-50_index.xlsx#d1e173541																						
87317	"Camelin (Me Gilles)"	"Camelin (Me Gilles)"				"chanoine de Meaux, clerc du roi et son procureur dans la région de Toulouse"		Paris_AN_JJ_inventaire_JJ37-50_index.xlsx#d1e173880																						
87321	"Guilhem Aimeric"	"Guilhem Aimeric"				"juge de la Cour royale de Montpellier, docteur ès lois (le même que le suivant?)"		Paris_AN_JJ_inventaire_JJ37-50_index.xlsx#d1e134626																						
87322	"Cance della Scala"	"Cance della Scala"				"marchand de Florence"		Paris_AN_JJ_inventaire_JJ37-50_index.xlsx#d1e174126																						
87324	"Candreleizwuse ? (Wautier)"	"Candreleizwuse ? (Wautier)"				"bourgeois de Lille"		Paris_AN_JJ_inventaire_JJ37-50_index.xlsx#d1e174215																						
87332	"Guilhem Aimeric"	"Guilhem Aimeric"				"procureur de Guillaume de Plaisians"		Paris_AN_JJ_inventaire_JJ37-50_index.xlsx#d1e134641																						
87333	"Canterel (Roger)"	"Canterel (Roger)"						Paris_AN_JJ_inventaire_JJ37-50_index.xlsx#d1e174461																						
87335	"Caoursin (Élie)"	"Caoursin (Élie)"				"de Cocherel"		Paris_AN_JJ_inventaire_JJ37-50_index.xlsx#d1e174605																						
87336	"Cap de Porc (Bérenger)"	"Cap de Porc (Bérenger)"				"sergent d'armes du roi"		Paris_AN_JJ_inventaire_JJ37-50_index.xlsx#d1e174620																						
87338	"Capelle (Me Raimond)"	"Capelle (Me Raimond)"				"notaire royal de Carcassonne"		Paris_AN_JJ_inventaire_JJ37-50_index.xlsx#d1e174658																						
87339	"Capuce (Nicolas)"	"Capuce (Nicolas)"				"son fils"		Paris_AN_JJ_inventaire_JJ37-50_index.xlsx#d1e174802																						
87340	Carbonel	Carbonel				"Carbonnel (Arnaud), vice-gardier du sénéchal de Gascogne"		Paris_AN_JJ_inventaire_JJ37-50_index.xlsx#d1e174985																						
87341	"Carbonel (Barthélemi)"	"Carbonel (Barthélemi)"				"notaire du vicomte d'Arzens"		Paris_AN_JJ_inventaire_JJ37-50_index.xlsx#d1e175012																						
87344	Aimerica	Aimerica				"femme de Bernard Sabatier"		Paris_AN_JJ_inventaire_JJ37-50_index.xlsx#d1e134656																						
87345	"Carbonnel (Arnaud)"	"Carbonnel (Arnaud)"						Paris_AN_JJ_inventaire_JJ37-50_index.xlsx#d1e175060																						
87346	"Carbonnel (Guillaume)"	"Carbonnel (Guillaume)"				"chevalier du roi"		Paris_AN_JJ_inventaire_JJ37-50_index.xlsx#d1e175071																						
87348	"Carel (Raimond)"	"Carel (Raimond)"				"chevalier, de Lunel"		Paris_AN_JJ_inventaire_JJ37-50_index.xlsx#d1e176555																						
87349	"Carette (Pierre)"	"Carette (Pierre)"				"chanoine de Noyon"		Paris_AN_JJ_inventaire_JJ37-50_index.xlsx#d1e176601																						
87351	"Carminade (Bernard)"	"Carminade (Bernard)"				"boucher de Saint-Antoine"		Paris_AN_JJ_inventaire_JJ37-50_index.xlsx#d1e176705																						
87355	"Aimon d'Embarent"	"Aimon d'Embarent"				"bourgeois de Dax"		Paris_AN_JJ_inventaire_JJ37-50_index.xlsx#d1e134671																						
87357	"Carville (Jean)"	"Carville (Jean)"				"garde du sceau de la vicomté de Caen et tabellion juré"		Paris_AN_JJ_inventaire_JJ37-50_index.xlsx#d1e176900																						
87362	"Cascavel (Guilhem)"	"Cascavel (Guilhem)"				"notaire public royal de Carcassonne"		Paris_AN_JJ_inventaire_JJ37-50_index.xlsx#d1e177001																						
87364	"Cassine (Jean) l'aîné"	"Cassine (Jean) l'aîné"				"prévôt de Beaugency"		Paris_AN_JJ_inventaire_JJ37-50_index.xlsx#d1e177102																						
87365	"Castaignon (Huguet)"	"Castaignon (Huguet)"				"demeurant à La Rochelle"		Paris_AN_JJ_inventaire_JJ37-50_index.xlsx#d1e177129																						
87368	"Casteillon (Croissant)"	"Casteillon (Croissant)"				"dit le Poitevin, juif"		Paris_AN_JJ_inventaire_JJ37-50_index.xlsx#d1e177213																						
87369	"Castel (Bertrand)"	"Castel (Bertrand)"				"juge d'Anduze"		Paris_AN_JJ_inventaire_JJ37-50_index.xlsx#d1e177229																						
87376	"Cat (Pierre)"	"Cat (Pierre)"						Paris_AN_JJ_inventaire_JJ37-50_index.xlsx#d1e177744																						
87377	"Isaïe d'Aix"	"Isaïe d'Aix"					"-en-Provence, Bouches-du-Rhône"	Paris_AN_JJ_inventaire_JJ37-50_index.xlsx#d1e134800																						
87378	"Catala (Arnaud)"	"Catala (Arnaud)"				"châtelain de Laroque-d'Olmes pour le seigneur de Mirepoix"		Paris_AN_JJ_inventaire_JJ37-50_index.xlsx#d1e177759																						
87379	"Catala (Me G.)"	"Catala (Me G.)"				"notaire royal de Narbonne"		Paris_AN_JJ_inventaire_JJ37-50_index.xlsx#d1e177774																						
87380	"Catala (Pierre)"	"Catala (Pierre)"				"de Laroque-d'Olmes"		Paris_AN_JJ_inventaire_JJ37-50_index.xlsx#d1e177789																						
87382	Catherine	Catherine				"impératrice de Constantinople"		Paris_AN_JJ_inventaire_JJ37-50_index.xlsx#d1e177891																						
87383	Catherine	Catherine				"femme de Jean de Coucy, dame de Saint-Loup"		Paris_AN_JJ_inventaire_JJ37-50_index.xlsx#d1e177903																						
87384	Catherine	Catherine				"femme de Jean Fessac, bourgeoise de la Rochelle"		Paris_AN_JJ_inventaire_JJ37-50_index.xlsx#d1e177918																						
87385	Catherine	Catherine				"femme d'Étienne de Fontanis"		Paris_AN_JJ_inventaire_JJ37-50_index.xlsx#d1e177933																						
87386	Catherine	Catherine				"femme d'Hermier de Montmartre"		Paris_AN_JJ_inventaire_JJ37-50_index.xlsx#d1e177948																						
87387	Catherine	Catherine				"fiancée de Robert, fils de Robert VI, comte d'Auvergne et de Boulogne"		Paris_AN_JJ_inventaire_JJ37-50_index.xlsx#d1e177963																						
87388	"Alain de Lamballe"	"Alain de Lamballe"				"chanoine de Laon"		Paris_AN_JJ_inventaire_JJ37-50_index.xlsx#d1e134889																						
87389	Catherine	Catherine				"fille de Charles de Valois"		Paris_AN_JJ_inventaire_JJ37-50_index.xlsx#d1e177978																						
87390	Catherine	Catherine				"fille de Geoffroi Cocatrix"		Paris_AN_JJ_inventaire_JJ37-50_index.xlsx#d1e177990																						
87391	Catherine	Catherine				"sœur de Simon Avesoete"		Paris_AN_JJ_inventaire_JJ37-50_index.xlsx#d1e178005																						
87392	"Catherine de Courtenay"	"Catherine de Courtenay"				"impératrice de Constantinople"		Paris_AN_JJ_inventaire_JJ37-50_index.xlsx#d1e178020																						
87393	"Catherine de Valois"	"Catherine de Valois"				"fille aînée de Charles de Valois et de Catherine de Courtenay, impératrice de Constantinople"		Paris_AN_JJ_inventaire_JJ37-50_index.xlsx#d1e178076																						
87394	"Catre (Astruc)"	"Catre (Astruc)"					"juif de Narbonne"	Paris_AN_JJ_inventaire_JJ37-50_index.xlsx#d1e178170																						
87396	"Caucinel (Betin)"	"Caucinel (Betin)"				"panetier et monnayeur du roi"		Paris_AN_JJ_inventaire_JJ37-50_index.xlsx#d1e178242																						
87397	"Caucinel (Guillaume)"	"Caucinel (Guillaume)"				"chevalier, fils du précédent"		Paris_AN_JJ_inventaire_JJ37-50_index.xlsx#d1e178284																						
87399	"Alain de Mansigny"	"Alain de Mansigny"				"chevalier, sire de Puchay"		Paris_AN_JJ_inventaire_JJ37-50_index.xlsx#d1e134943																						
87400	"Caudrelier (Jacquemon)"	"Caudrelier (Jacquemon)"						Paris_AN_JJ_inventaire_JJ37-50_index.xlsx#d1e178330																						
87404	"Caut (Robert)"	"Caut (Robert)"				"échevin de Bruges"		Paris_AN_JJ_inventaire_JJ37-50_index.xlsx#d1e178516																						
87407	"Celebron (Pierre)"	"Celebron (Pierre)"				"de Salins"		Paris_AN_JJ_inventaire_JJ37-50_index.xlsx#d1e179031																						
87408	"Célier (Me Aimeri)"	"Célier (Me Aimeri)"				"de La Rochelle, procureur du roi dans la sénéchaussée de Saintonge"		Paris_AN_JJ_inventaire_JJ37-50_index.xlsx#d1e179046																						
87410	"Alain de Montendre"	"Alain de Montendre"						Paris_AN_JJ_inventaire_JJ37-50_index.xlsx#d1e134958																						
87415	"Cerdan (Guilhem) de Narbonne"	"Cerdan (Guilhem) de Narbonne"				"notaire royal"		Paris_AN_JJ_inventaire_JJ37-50_index.xlsx#d1e179569																						
87418	"Cermati (Pierre)"	"Cermati (Pierre)"				légiste	"corr. Cremati ou Crémat"	Paris_AN_JJ_inventaire_JJ37-50_index.xlsx#d1e179652																						
87421	"Alain du Val"	"Alain du Val"						Paris_AN_JJ_inventaire_JJ37-50_index.xlsx#d1e134985																						
87424	"Chabaud (Guilhem)"	"Chabaud (Guilhem)"				"notaire public royal"		Paris_AN_JJ_inventaire_JJ37-50_index.xlsx#d1e179972																						
87425	"Chacerat (Perraud)"	"Chacerat (Perraud)"						Paris_AN_JJ_inventaire_JJ37-50_index.xlsx#d1e179987																						
87428	"Chalipeau (Geoffroi)"	"Chalipeau (Geoffroi)"				"de Saint-Benoît-sur-Loire, commissaire du bailli d'Orléans"		Paris_AN_JJ_inventaire_JJ37-50_index.xlsx#d1e180225																						
87431	"Chalop (Geoffroi)"	"Chalop (Geoffroi)"				"notaire du roi, signatures (Chalop, G. Chalop)"		Paris_AN_JJ_inventaire_JJ37-50_index.xlsx#d1e180643																						
87432	"Giulhem Alaman"	"Giulhem Alaman"				"surintendant de l'affaire des juifs"		Paris_AN_JJ_inventaire_JJ37-50_index.xlsx#d1e135000																						
87438	"Champion (Pierre)"	"Champion (Pierre)"				"seigneur de loi, ou professeur ès lois"		Paris_AN_JJ_inventaire_JJ37-50_index.xlsx#d1e182026																						
87443	"Pons Alamandini"	"Pons Alamandini"						Paris_AN_JJ_inventaire_JJ37-50_index.xlsx#d1e135016																						
87451	"Charbert de Barbaira"	"Charbert de Barbaira"				"chevalier du roi"		Paris_AN_JJ_inventaire_JJ37-50_index.xlsx#d1e182886																						
87452	"Charité (Me Guillaume)"	"Charité (Me Guillaume)"				"notaire du roi"		Paris_AN_JJ_inventaire_JJ37-50_index.xlsx#d1e183003																						
95973	Chevalier	Chevalier						Paris_AN_JJ_inventaire_JJ37-50_index.xlsx#d1e187589																						
178202	"Jean de Alneto"	"Jean de Alneto"					"chevalier du roi , — sénéchal de Carcassonne et Béziers"	Paris_AN_JJ_inventaire_JJ37-50_index.xlsx#d1e252277																						
279841	"Stutzmann, Dominique"	Stutzmann	Dominique																											
280042	"Thomas Le Peigny"	"Thomas Le Peigny"				laïque			2136																					
280043	"Guillaume le Conquérant"	"Guillaume le Conquérant"				laïque			3612																		1027	1027	1087	1087
280044	"Vedel, Jacques"	"Vedel, Jacques"							4618																					
280045	"Deporta, R."	"Deporta, R."							4619																					
280046	"Champetier de Ribes, Pierre Paul"	"Champetier de Ribes, Pierre Paul"							4620																					
280047	"Stryt, Guillaume"	"Stryt, Guillaume"							4621																					
280048	"Barat, J."	"Barat, J."							4622																					
280049	"Dummo, Desi. de"	"Dummo, Desi. de"							4623																					
280050	"Tisserand, abbé"	"Tisserand, abbé"							4624																					
280051	Maselli	Maselli							4625																					
280052	"Mireur, Frédéric"	"Mireur, Frédéric"							4626																					
280053	"Laudy, André"	"Laudy, André"							4627																					
280054	"Humbert Gimel"	"Humbert Gimel"				laïque			3613																					
280055	"Charronnet, Charles"	"Charronnet, Charles"							4628																					
280056	"Deladreue, abbé"	"Deladreue, abbé"							4629																					
280057	Briant	Briant							4630																					
280058	"Casaletti, Jean"	"Casaletti, Jean"							4631																					
280059	"Bonnemant, Louis"	"Bonnemant, Louis"							4632																					
280060	"Le Peletier, Laurent"	"Le Peletier, Laurent"							4633																					
280061	"Lagneau, Michel"	"Lagneau, Michel"							4634																		1601	1601	1700	1700
280062	"Bureau, Laurent"	"Bureau, Laurent"							4635																					
280063	Vincent	Vincent							4636																		1401	1401	1500	1500
280064	"Belsunce, Mgr de"	"Belsunce, Mgr de"							4637																					
280065	"Jean Artaud"	"Jean Artaud"				laïque			3614																					
280066	"Dupré, Jean"	"Dupré, Jean"							4638																		1401	1401	1500	1500
280067	"Gauzis, Audebert"	"Gauzis, Audebert"							4639																					
280068	"Villars, Pierre de"	"Villars, Pierre de"							4640																					
280069	"Du Puy, François"	"Du Puy, François"							4641																					
280070	"Camps, François de"	"Camps, François de"							4642																		1643	1643	1723	1723
280071	"Fillet, Louis"	"Fillet, Louis"							4643																					
280072	"Lancelot, Antoine"	"Lancelot, Antoine"							4644																		1675	1675	1740	1740
280073	"Le Lesaut"	"Le Lesaut"							4645																					
280074	"van der Doncq, J."	"van der Doncq, J."							4646																					
280075	"François, dom Jean"	"François, dom Jean"							4647																		1722	1722	1791	1791
280076	"Jean Majoris"	"Jean Majoris"				laïque			3615																					
280077	"Van Trap"	"Van Trap"							4648																					
280078	Locart	Locart							4649																					
280079	Beaudouin	Beaudouin							4650																					
280080	Reveron	Reveron							4651																					
280081	"Delionne, Louis"	"Delionne, Louis"							4652																					
280082	"Lescarts, M."	"Lescarts, M."							4653																					
280083	"Delerue, M."	"Delerue, M."							4654																					
280084	Bejot	Bejot							4655																					
280085	"Caulet, Jean de"	"Caulet, Jean de"							4656																		1726	1726	1771	1771
280086	"Arfueille, Elhias"	"Arfueille, Elhias"							4657																					
280087	"Jeanne de Bretagne"	"Jeanne de Bretagne"				laïque			3616																					
280088	"Stelz, Hermann"	"Stelz, Hermann"							4658																					
280089	"Riben, Claude-Marie"	"Riben, Claude-Marie"							4659																					
280090	"Saltzmann, J."	"Saltzmann, J."							4660																					
280091	"Pouillaude, Jos."	"Pouillaude, Jos."							4661																					
280092	Guiman	Guiman							4662																				1192	1192
280093	"Honorat, Hugues"	"Honorat, Hugues"							4663																					
280094	"Maghe, Englebert"	"Maghe, Englebert"							4664																					
280095	Pompeari	Pompeari							4665																					
280096	"Rédet, Louis"	"Rédet, Louis"							4666																					
280097	"Couzot, François"	"Couzot, François"							4667																				1763	1763
280098	"Le Pigny [Le Peigny], Thomas"	"Le Pigny [Le Peigny], Thomas"				laïque			3617																					
280099	"Bornet, abbé"	"Bornet, abbé"							4668																					
280100	Rufat	Rufat							4669																					
280101	Bruguière	Bruguière							4670																					
280102	"Chifflet, le P. Pierre-François"	"Chifflet, le P. Pierre-François"							4671																		1592	1592	1682	1682
280103	"Cambin, Père Césaire"	"Cambin, Père Césaire"							4672																					
280104	"Gauthier de Bruges"	"Gauthier de Bruges"							4673																					
280105	"Pierre Raymond"	"Pierre Raymond"							4674																					
280106	"Demonts, Nicolas"	"Demonts, Nicolas"							4675																					
280107	"Filhol, Bernard"	"Filhol, Bernard"							4676																					
280108	"Marchant, François-Philippe"	"Marchant, François-Philippe"							4677																					
280109	"Léger de Montsaujeon"	"Léger de Montsaujeon"				laïque			3618																					
280110	"Fingado, Jean-Christophe"	"Fingado, Jean-Christophe"							4678																					
280111	"Germain, Jean"	"Germain, Jean"							4679																					
280112	"Gouzot, F."	"Gouzot, F."							4680																					
280113	"La Porte, Jacques de"	"La Porte, Jacques de"							4681																					
280114	"Jussieu, Alexis de"	"Jussieu, Alexis de"							4682																					
280115	"Buffet, Cyrille"	"Buffet, Cyrille"							4683																					
280116	Desprairies	Desprairies							4684																					
280117	Philiparie	Philiparie							4685																					
280118	"Jourdain, Etienne"	"Jourdain, Etienne"							4686																					
280119	"Duras-Chastellux, Henri de"	"Duras-Chastellux, Henri de"							4687																		1842	1842	1917	1917
280120	"Philippe Cabassole"	"Philippe Cabassole"				laïque			3619																					
280121	"Achard, P."	"Achard, P."							4688																					
280122	"Achery (d'), dom Jean-Luc"	"Achery (d'), dom Jean-Luc"							4689																		1609	1609	1685	1685
280123	"Afforty, Charles- François"	"Afforty, Charles- François"							4690																		1706	1706	1786	1786
280124	"Alart, Julien-Bernard"	"Alart, Julien-Bernard"							4691																		1824	1824	1880	1880
280125	"Alix, Thierry"	"Alix, Thierry"							4692																		1530	1530	1593	1593
280126	"Alquier, G."	"Alquier, G."							4693																					
280127	"Andrieu, dom Nicolas"	"Andrieu, dom Nicolas"							4694																		1626	1626	1705	1705
280128	"Angot, abbé Alphonse-Victor"	"Angot, abbé Alphonse-Victor"							4695																		1844	1844	1917	1917
280129	"Arnould, dom"	"Arnould, dom"							4696																					
280130	"Arviset, Etienne"	"Arviset, Etienne"							4697																		1601	1601	1700	1700
280131	"Raimond del Olm"	"Raimond del Olm"				laïque			3620																					
280132	"Arviset, Richard"	"Arviset, Richard"							4698																		1601	1601	1700	1700
280133	"Assenoy (d')"	"Assenoy (d')"							4699																					
280134	"Aubrée, dom Guillaume"	"Aubrée, dom Guillaume"							4700																		1668	1668	1730	1730
280135	"Autorde, Pierre-Honoré-Fernand"	"Autorde, Pierre-Honoré-Fernand"							4701																		1852	1852	1925	1925
280136	"Baillet, Auguste-Théophile"	"Baillet, Auguste-Théophile"							4702																		1834	1834	1923	1923
280137	"Balthazar de Draguignan, père"	"Balthazar de Draguignan, père"							4703																		1607	1607	1678	1678
280138	"Baluze, Étienne"	"Baluze, Étienne"							4704																		1630	1630	1718	1718
280139	Bandel	Bandel							4705																					
280140	"Hoemele, P."	"Hoemele, P."							4706																					
280141	"Baudot, Pierre-Louis"	"Baudot, Pierre-Louis"							4707																		1760	1760	1816	1816
280142	"Acorre, Renier"	"Acorre, Renier"				laïque			3621																		1220	1220	1297	1297
280143	"Baverel, abbé Jean-Pierre"	"Baverel, abbé Jean-Pierre"							4708																		1744	1744	1822	1822
280144	"Beaufort, marquis de"	"Beaufort, marquis de"							4709																					
280145	"Beaurepaire, Charles de Robillard de"	"Beaurepaire, Charles de Robillard de"							4710																		1828	1828	1908	1908
280146	"Belleval, René, marquis de"	"Belleval, René, marquis de"							4711																		1837	1837	1900	1900
280147	"Bellois, Mathurin"	"Bellois, Mathurin"							4712																					
280148	Bellot-Herment	Bellot-Herment							4713																					
280149	"Berardi, frère Jean"	"Berardi, frère Jean"							4714																		1201	1201	1300	1300
280150	"Berthilden, Gilles"	"Berthilden, Gilles"							4715																					
280151	"Beschefer, Louis"	"Beschefer, Louis"							4716																					
280152	Besly	Besly							4717																					
280153	"Aubry, Raoul"	"Aubry, Raoul"				laïque			3604																				1411	1411
280154	"Richard Cœur-de-Lion"	"Richard Cœur-de-Lion"				laïque			3622																					
280155	"Bétencourt, Pierre-Louis-Joseph"	"Bétencourt, Pierre-Louis-Joseph"							4718																		1743	1743	1829	1829
280156	"Bétremieu, Gérard"	"Bétremieu, Gérard"							4719																					
280157	"Blin, chanoine Jean-Baptiste-Nicolas"	"Blin, chanoine Jean-Baptiste-Nicolas"							4720																		1828	1828	1911	1911
280158	"Bodin, Selim"	"Bodin, Selim"							4721																					
280159	"Bonnemant, Laurent"	"Bonnemant, Laurent"							4722																		1731	1731	1802	1802
280160	Bonnefon	Bonnefon							4723																					
280161	"Borel d'Hauterive, André François Joseph"	"Borel d'Hauterive, André François Joseph"							4724																		1812	1812	1896	1896
280162	"Bosio, G."	"Bosio, G."							4725																					
280163	"Bosquillon de Fontenay"	"Bosquillon de Fontenay"							4726																					
280164	"Bosvieux, Auguste"	"Bosvieux, Auguste"							4727																		1831	1831	1871	1871
280165	"Robert Mignon"	"Robert Mignon"				laïque			3623																					
280166	"Bouhier, Jean"	"Bouhier, Jean"							4728																		1605	1605	1671	1671
280167	"Bouis, Adolphe de"	"Bouis, Adolphe de"							4729																		1804	1804	1878	1878
280168	"Bourguignon, Dom Ignace"	"Bourguignon, Dom Ignace"							4730																					
280169	"Bournonville, dom Rupert de"	"Bournonville, dom Rupert de"							4731																					
280170	"Bousson de Mairet, Emmanuel"	"Bousson de Mairet, Emmanuel"							4732																		1796	1796	1871	1871
280171	"Boyer, Dom Jacques"	"Boyer, Dom Jacques"							4733																		1672	1672	1738	1738
280172	"Buersen, Jean"	"Buersen, Jean"							4734																					
280173	"Burnenville, Dom Hubert"	"Burnenville, Dom Hubert"							4735																					
280174	"Buvignier, Jean-Charles-Victor"	"Buvignier, Jean-Charles-Victor"							4736																		1823	1823	1902	1902
280175	"Caffiaux, dom Philippe-Auguste"	"Caffiaux, dom Philippe-Auguste"							4737																		1712	1712	1777	1777
280176	"Yolande de Flandre"	"Yolande de Flandre"				laïque			3624																					
280177	"Caillot, Michel"	"Caillot, Michel"							4738																					
280178	"Calmelet, Fr."	"Calmelet, Fr."							4739																					
280179	"Camphin, Jean"	"Camphin, Jean"							4740																					
280180	"Camuset, dom"	"Camuset, dom"							4741																					
280181	"Candas, Jean de"	"Candas, Jean de"							4742																					
280182	"Carlier de Corselles, J.A.F."	"Carlier de Corselles, J.A.F."							4743																					
280183	"Carpentier, Charles"	"Carpentier, Charles"							4744																					
280184	Caulier	Caulier							4745																					
280185	"Champollion-Figeac, Paul"	"Champollion-Figeac, Paul"							4746																					
280186	"Chantelou, dom Claude"	"Chantelou, dom Claude"							4747																		1617	1617	1684	1684
280187	"Aymon de Chissé"	"Aymon de Chissé"				ecclésiastique			4145																					
280188	"Chastellux, Guillaume-Antoine, comte de"	"Chastellux, Guillaume-Antoine, comte de"							4748																		1664	1664	1722	1722
280189	"Chazal, dom François"	"Chazal, dom François"							4749																		1677	1677	1729	1729
280190	"Cherrier, Louis-Ph."	"Cherrier, Louis-Ph."							4750																					
280191	"Chirmont (de), dom Henry"	"Chirmont (de), dom Henry"							4751																					
280192	"Chorier (Nicolas)"	"Chorier (Nicolas)"							4752																		1612	1612	1692	1692
280193	"Clavant, Pierre"	"Clavant, Pierre"							4753																					
280194	"Coëtivy, Prigent de"	"Coëtivy, Prigent de"							4754																		1399	1399	1450	1450
280195	"Col, dom Claude-Joseph"	"Col, dom Claude-Joseph"							4755																		1718	1718	1795	1795
280196	"Colbert, Jean-Baptiste"	"Colbert, Jean-Baptiste"							4756																		1619	1619	1683	1683
280197	Colliette	Colliette							4757																					
280198	"famille Carpentey"	"famille Carpentey"				laïque			4150																					
280199	"Columbi, père Jean"	"Columbi, père Jean"							4758																		1592	1592	1679	1679
280200	"Costa, Guillaume"	"Costa, Guillaume"							4759																					
280201	"Cottron, Dom V."	"Cottron, Dom V."							4760																					
280202	Cournot	Cournot							4761																					
280203	"Custine, dom Claude de"	"Custine, dom Claude de"							4762																					
280204	Dallier	Dallier							4763																					
280205	"Damerin, Art. Chr."	"Damerin, Art. Chr."							4764																					
280206	"Dampierre, Gui de"	"Dampierre, Gui de"							4765																		1225	1225	1325	1325
280207	"Daussy, François-Henry"	"Daussy, François-Henry"							4766																		1823	1823	1895	1895
280208	"De la Mare"	"De la Mare"							4767																					
280209	"Louis d'Orléans"	"Louis d'Orléans"				laïque			4163																					
280210	"Delisle, Léopold-Victor"	"Delisle, Léopold-Victor"							4768																		1826	1826	1910	1910
280211	"Desprès, frère Jean"	"Desprès, frère Jean"							4769																					
280212	"Deville, Jean-Achille"	"Deville, Jean-Achille"							4770																		1789	1789	1875	1875
280213	"Dewitte, Dom Charles-Joseph"	"Dewitte, Dom Charles-Joseph"							4771																		1725	1725	1807	1807
280214	"Doppere (de), Rombaut"	"Doppere (de), Rombaut"							4772																					
280215	"Droz, F.-N.-E."	"Droz, F.-N.-E."							4773																					
280216	"Du Bouchet, Jean"	"Du Bouchet, Jean"							4774																		1599	1599	1684	1684
280217	"Du Cange, Charles du Fresne, sieur de"	"Du Cange, Charles du Fresne, sieur de"							4775																		1610	1610	1688	1688
280218	"Du Cher (dom René)"	"Du Cher  (dom René)"							4776																		1643	1643	1690	1690
280219	"Du Chesne, André et François"	"Du Chesne, André et François"							4777																		1584	1584	1693	1693
280220	"Enguerran(d) de Marigny"	"Enguerran(d) de Marigny"				laïque			4202																				1315	1315
280221	"Du Fourny, Honoré Caille"	"Du Fourny, Honoré Caille"							4778																		1630	1630	1713	1713
280222	"Duchemin, Victor-Tranquille"	"Duchemin, Victor-Tranquille"							4779																		1844	1844	1887	1887
280223	"Duchénoy, Louis-Adrien"	"Duchénoy, Louis-Adrien"							4780																		1835	1835	1893	1893
280224	"Duhamel, Rob."	"Duhamel, Rob."							4781																		1601	1601	1700	1700
280225	"Dulaura, dom Étienne"	"Dulaura, dom Étienne"							4782																		1639	1639	1706	1706
280226	"Dulaurens, Édouard"	"Dulaurens, Édouard"							4783																		1804	1804	1880	1880
280227	"Du Roussin, Dom Philibert"	"Du Roussin, Dom Philibert"							4784																		1690	1690	1754	1754
280228	"Dyévin, Jean"	"Dyévin, Jean"							4785																					
280229	"Espagnac, Léonard d'Amarzit de Sahuguet, abbé d'"	"Espagnac, Léonard d'Amarzit de Sahuguet, abbé d'"							4786																		1709	1709	1781	1781
280230	"Estienne, Joseph"	"Estienne, Joseph"							4787																		1887	1887	1950	1950
280231	"Bertaud de Ry"	"Bertaud de Ry"				laïque			4208																					
280232	"Estiennot de la Serre ou de la Serrée, dom Claude"	"Estiennot de la Serre ou de la Serrée, dom Claude"							4788																		1639	1639	1699	1699
280233	"Etival (d'), abbé Hugo"	"Etival (d'), abbé Hugo"							4789																					
280234	"Farcy, Paul de"	"Farcy, Paul de"							4790																		1840	1840	1918	1918
280235	"Faucon, Ch. Fr."	"Faucon, Ch. Fr."							4791																					
280236	"Flamen, Fr."	"Flamen, Fr."							4792																					
280237	"Flavigny (de), Jean"	"Flavigny (de), Jean"							4793																					
280238	"Font-Réaulx, J. de"	"Font-Réaulx, J. de"							4794																					
280239	"Fossa, François"	"Fossa, François"							4795																		1726	1726	1789	1789
280240	"Fouquet, dom"	"Fouquet, dom"							4796																					
280241	Fransquin	Fransquin							4797																					
280242	"Jean Vincent, seigneur de Génicourt"	"Jean Vincent, seigneur de Génicourt"				laïque			4220																					
280243	"Gabriecy, frère Gabr."	"Gabriecy, frère Gabr."							4798																					
280244	"Gaignières, François-Roger de"	"Gaignières, François-Roger de"							4799																		1642	1642	1715	1715
280245	"Galland, A."	"Galland, A."							4800																					
280246	"Gallardon, Etienne de"	"Gallardon, Etienne de"							4801																					
280247	"Gaudelet, Jean"	"Gaudelet, Jean"							4802																		1651	1651	1726	1726
280248	"Gauthier, Marie Jules"	"Gauthier, Marie Jules"							4803																		1848	1848	1905	1905
280249	"Gérou, Dom Guillaume"	"Gérou, Dom Guillaume"							4804																		1701	1701	1767	1767
280250	"Godart, Jean"	"Godart, Jean"							4805																					
280251	"Godart de Beaulieu, Jacques"	"Godart de Beaulieu, Jacques"							4806																		1701	1701	1800	1800
280252	Godefroy	Godefroy							4807																					
280253	"Sanson Nicole"	"Sanson Nicole"				ecclésiastique			4496																					
280254	"Gohin, abbé Martin Jacques de"	"Gohin, abbé Martin Jacques de"							4808																					
280255	"Grandidier, dom Claude"	"Grandidier, dom Claude"							4809																					
280256	"Grenier, dom Pierre-Nicolas"	"Grenier, dom Pierre-Nicolas"							4810																		1725	1725	1789	1789
280257	"Grossy (Pierre-Marc-Antoine)"	"Grossy (Pierre-Marc-Antoine)"							4811																		1604	1604	1687	1687
280258	"Gualtero, dom"	"Gualtero, dom"							4812																					
280259	Guégon	Guégon							4813																					
280260	"Guérin, chanoine"	"Guérin, chanoine"							4814																					
280261	"Gyvès, Robert de"	"Gyvès, Robert de"							4815																					
280262	"Haitze, Pierre-Joseph de"	"Haitze, Pierre-Joseph de"							4816																		1648	1648	1736	1736
280263	"Hannedouche, Robert"	"Hannedouche, Robert"							4817																		1660	1660		
280264	"Bernard et Pons Capdenier"	"Bernard et Pons Capdenier"				laïque			3605																					
280265	"Beeckman, Hugues"	"Beeckman, Hugues"							4548																					
280266	Harmand	Harmand							4818																					
280267	"Hauzeur, dom Th."	"Hauzeur, dom Th."							4819																					
280268	"Hébert, N."	"Hébert, N."							4820																					
280269	"Henrion de Saint-Amand, Albéric Philippe Simon Auguste"	"Henrion de Saint-Amand, Albéric Philippe Simon Auguste"							4821																		1744	1744	1829	1829
280270	"Hippeau, Célestin"	"Hippeau, Célestin"							4822																		1803	1803	1883	1883
280271	"Hocmele, P."	"Hocmele, P."							4823																					
280272	"Hosten, Jean"	"Hosten, Jean"							4824																					
280273	"Hozier de Sérigny, Antoine Marie d'"	"Hozier de Sérigny, Antoine Marie d'"							4825																		1721	1721	1801	1801
280274	"Huninger, Nicolas"	"Huninger, Nicolas"							4826																					
280275	"Martin-Jean, dom"	"Martin-Jean, dom"							4827																		1609	1609	1651	1651
280276	"Coignet, abbé"	"Coignet, abbé"							4549																					
280277	"Jaillot, Claude-Hubert"	"Jaillot, Claude-Hubert"							4828																		1690	1690	1749	1749
280278	"Jandot, Dom J"	"Jandot, Dom J"							4829																					
280279	"Joubert, dom"	"Joubert, dom"							4830																					
280280	"Jourdan, Aimé Antoine Gabriel"	"Jourdan, Aimé Antoine Gabriel"							4831																					
280281	Judicaël	Judicaël							4832																					
280282	"Juerveys, Chr."	"Juerveys, Chr."							4833																					
280283	"La Barre, Claude de"	"La Barre, Claude de"							4834																					
280284	"La Borderie, Arthur Le Moyne de"	"La Borderie, Arthur Le Moyne de"							4835																		1827	1827	1901	1901
280285	"La Rue, abbé de"	"La Rue, abbé de"							4836																					
280286	"La Sépouze, de"	"La Sépouze, de"							4837																					
280287	"Le Quieux, Eustache"	"Le Quieux, Eustache"							4550																					
280288	"La Tour-Varan, M. de"	"La Tour-Varan, M. de"							4838																					
280289	"Lagutère, chanoine"	"Lagutère, chanoine"							4839																					
280290	Lamare	Lamare							4840																					
280291	"Lambert de Barive"	"Lambert de Barive"							4841																					
280292	"Lambin, J. J."	"Lambin, J. J."							4842																					
280293	"Lamy, Geoffroy"	"Lamy, Geoffroy"							4843																					
280294	"Mauregard, Dom"	"Mauregard, Dom"							4844																					
280295	Landry	Landry							4845																					
280296	"Lanteri, J. B."	"Lanteri, J. B."							4846																					
280297	"Larcher (Pierre-Henry)"	"Larcher (Pierre-Henry)"							4847																		1726	1726	1812	1812
280298	"Marolles (de)"	"Marolles (de)"							4551																		1601	1601	1700	1700
280299	"Lardier, le P."	"Lardier, le P."							4848																					
280300	"Le Bourgeois, Dom Oudard"	"Le Bourgeois, Dom Oudard"							4849																					
280301	"Le Brun, Philibert"	"Le Brun, Philibert"							4850																					
280302	"Le Comte, frère N."	"Le Comte, frère N."							4851																					
280303	"Le François, Pierre"	"Le François, Pierre"							4852																					
280304	"Le Gallois, dom"	"Le Gallois, dom"							4853																					
280305	"Le Michel, Dom Anselme"	"Le Michel, Dom Anselme"							4854																					
280306	"Le Soin, le P."	"Le Soin, le P."							4855																					
280307	"Le Ver, marquis"	"Le Ver, marquis"							4856																					
280308	"Lebeurier, abbé P. F."	"Lebeurier, abbé P. F."							4857																					
280309	"Le Glay"	"Le Glay"							4552																					
280310	"Lefèvre, E."	"Lefèvre, E."							4858																					
280311	"Lefournier, dom"	"Lefournier, dom"							4859																					
280312	Lejeune	Lejeune							4860																					
280313	Lemoine	Lemoine							4861																					
280314	"Lemonnier, Pierre"	"Lemonnier, Pierre"							4862																					
280315	"Lesage, Jean"	"Lesage, Jean"							4863																					
280316	"Lescarre, fr Th."	"Lescarre, fr Th."							4864																					
280317	"Lex, L."	"Lex, L."							4865																					
280318	"Liabeuf, dom André"	"Liabeuf, dom André"							4866																					
280319	"Lièvre, A.-F."	"Lièvre, A.-F."							4867																		1801	1801	1900	1900
280320	"Le Moine, C. J. F."	"Le Moine, C. J. F."							4553																					
280321	"Long, Dr Denis"	"Long, Dr Denis"							4868																					
280322	"Mabillon, Jean"	"Mabillon, Jean"							4869																					
280323	"Maître, Léon"	"Maître, Léon"							4870																					
280324	"Malbois, abbé"	"Malbois, abbé"							4871																					
280325	"Manteyer, Georges de"	"Manteyer, Georges de"							4872																					
280326	Marchant	Marchant							4873																					
280327	"Marchegay, P."	"Marchegay, P."							4874																					
280328	"Marsy, A. de"	"Marsy, A. de"							4875																					
280329	"Martène, dom E."	"Martène, dom E."							4876																					
280330	"Mathieu, Jean"	"Mathieu, Jean"							4877																					
280331	"Martonne (de)"	"Martonne (de)"							4554																					
280332	"Maubert, frère Simon"	"Maubert, frère Simon"							4878																					
280333	"Mazaudier, Guillaume"	"Mazaudier, Guillaume"							4879																					
280334	Mazet	Mazet							4880																					
280335	"Merca (de), Guillaume"	"Merca (de), Guillaume"							4881																					
280336	"Montbret, Eugène de"	"Montbret, Eugène de"							4882																					
280337	"Monteil, Alexis"	"Monteil, Alexis"							4883																					
280338	"Montmignon, M. de"	"Montmignon, M. de"							4884																					
280339	"Morin, Dom G."	"Morin, Dom G."							4885																					
280340	"Muley, Dom"	"Muley, Dom"							4886																					
280341	"Naberat, Anne de"	"Naberat, Anne de"							4887																					
280342	Bourcier	Bourcier							4555																					
280343	"Nicart, Nicolas"	"Nicart, Nicolas"							4888																					
280344	"Oïhenart (Arnauld)"	"Oïhenart (Arnauld)"							4889																		1576	1576		
280345	"Oliana (de), Matthieu"	"Oliana (de), Matthieu"							4890																					
280346	"Ollivier, Jules"	"Ollivier, Jules"							4891																					
280347	Oudry	Oudry							4892																					
280348	Painteindre	Painteindre							4893																					
280349	"Paul, moine"	"Paul, moine"							4894																					
280350	"Peiresc, Nicolas-Claude Fabri de"	"Peiresc, Nicolas-Claude Fabri de"							4895																		1580	1580	1637	1637
280351	"Périon, J."	"Périon, J."							4896																					
280352	Perrenot	Perrenot							4897																					
280353	"Marchant Du Colombier, Me A."	"Marchant Du Colombier, Me A."							4556																					
280354	"Phillipps, Thomas"	"Phillipps, Thomas"							4898																					
280355	"Planelli de la Valette, Laurent"	"Planelli de la Valette, Laurent"							4899																					
280356	"Pinchart, P. N."	"Pinchart, P. N."							4900																					
280357	"Pitra, dom"	"Pitra, dom"							4901																					
280358	"Plancher, dom"	"Plancher, dom"							4902																					
280359	"Planen, Th."	"Planen, Th."							4903																					
280360	Polluche	Polluche							4904																					
280361	"Polycarpe de La Rivière"	"Polycarpe de La Rivière"							4905																					
280362	"Porchier, François"	"Porchier, François"							4906																					
280363	"Portebois, dom R."	"Portebois, dom R."							4907																					
280364	"Bennes, Regnault de"	"Bennes, Regnault de"							4557																					
280365	"Pradillon (le P.)"	"Pradillon (le P.)"							4908																					
280366	"Prarond, Ernest"	"Prarond, Ernest"							4909																					
280367	"Prévost, Fr."	"Prévost, Fr."							4910																					
280368	"Prinet, dom"	"Prinet, dom"							4911																					
280369	"Prost, dom"	"Prost, dom"							4912																					
280370	"Queinsert, dom"	"Queinsert, dom"							4913																					
280371	"Raynal, de"	"Raynal, de"							4914																					
280372	"Remerville, François de"	"Remerville, François de"							4915																					
280373	"Rengote, Jean"	"Rengote, Jean"							4916																					
280374	"Reynes, Grégoire"	"Reynes, Grégoire"							4917																					
280375	"Elie Carpenter"	"Elie Carpenter"				laïque			3606																					
280376	"Bouchet, Charles"	"Bouchet, Charles"							4558																		1814	1814	1886	1886
280377	"Riencourt, Pierre de"	"Riencourt, Pierre de"							4918																					
280378	"Rigault, Nic."	"Rigault, Nic."							4919																					
280379	"Rivaz, Pierre-Joseph de"	"Rivaz, Pierre-Joseph de"							4920																		1711	1711	1772	1772
280380	"Robert, U."	"Robert, U."							4921																					
280381	"Rolin, Jean"	"Rolin, Jean"							4922																					
280382	"Roquette (de), abbé"	"Roquette (de), abbé"							4923																					
280383	"Sacré, Gérard"	"Sacré, Gérard"							4924																					
280384	"Sainte-Anne, Albin de"	"Sainte-Anne, Albin de"							4925																					
280385	"Sainte-Eulalie (de), Bernard"	"Sainte-Eulalie (de), Bernard"							4926																					
280386	"Sainte-Marthe, Nicolas Ch. de"	"Sainte-Marthe, Nicolas Ch. de"							4927																					
280387	"Buignon, frère Jean"	"Buignon, frère Jean"							4559																					
280388	"Saint-Vincens (de)"	"Saint-Vincens (de)"							4928																					
280389	"Salmon, André"	"Salmon, André"							4929																					
280390	"Salomon, chanoine"	"Salomon, chanoine"							4930																					
280391	"Samson, Nicole"	"Samson, Nicole"							4931																					
280392	"Savin, Me Jean"	"Savin, Me Jean"							4932																					
280393	Saxowal	Saxowal							4933																					
280394	"Schroots (de), abbé J. J."	"Schroots (de), abbé J. J."							4934																					
280395	Simon	Simon							4935																					
280396	"Sirmond, Jacques"	"Sirmond, Jacques"							4936																					
280397	"Sixte IV"	"Sixte IV"							4937																					
280398	"Warin (ou Guérin)"	"Warin (ou Guérin)"							4560																					
280399	"Tassard, dom Allard"	"Tassard, dom Allard"							4938																					
280400	"Teissier, V."	"Teissier, V."							4939																					
280401	"Ternat, Dom Gérard"	"Ternat, Dom Gérard"							4940																					
280402	"Tesch (de), Fr; W."	"Tesch (de), Fr; W."							4941																					
280403	"Thomas, abbé"	"Thomas, abbé"							4942																					
280404	"Thou (de)"	"Thou (de)"							4943																					
280405	"Thymo (à), Pierre"	"Thymo (à), Pierre"							4944																					
280406	"Torrini, Ch. Fr."	"Torrini, Ch. Fr."							4945																					
280407	"Tranchant, abbé"	"Tranchant, abbé"							4946																					
280408	"Trolier, frère Pierre"	"Trolier, frère Pierre"							4947																					
280409	"Grave, O."	"Grave, O."							4561																					
280410	"Tueffard, A."	"Tueffard, A."							4948																					
280411	"Turpin, le P."	"Turpin, le P."							4949																					
280412	"van der Moere, Simon"	"van der Moere, Simon"							4950																					
280413	"van Zerkenghem, G."	"van Zerkenghem, G."							4951																					
280414	"Vande Watere, P."	"Vande Watere, P."							4952																					
280415	"Vergès (de), abbé"	"Vergès (de), abbé"							4953																					
280416	"Vernimmen, Nicolas"	"Vernimmen, Nicolas"							4954																					
280417	"Vignier, P. Jacques"	"Vignier, P. Jacques"							4955																					
280418	"Vuillemin (Père)"	"Vuillemin (Père)"							4956																					
280419	"Vulre, Jean"	"Vulre, Jean"							4957																					
280420	"Nicolay, Albert"	"Nicolay, Albert"							4562																					
280421	"Willelmus, magister"	"Willelmus, magister"							4958																					
280422	"Duchesne, André"	"Duchesne, André"							4959																					
280423	"Nadault, Jean"	"Nadault, Jean"							4960																					
280424	Marca	Marca							4961																					
280425	"Candoinec (J. de)"	"Candoinec (J. de)"							4962																					
280426	Robert	Robert							4963																					
280427	"Lescolace, frère Gilles"	"Lescolace, frère Gilles"							4964																					
280428	"Poulmin Smith, Mrs"	"Poulmin Smith, Mrs"							4965																					
280429	Dubosc	Dubosc							4966																					
280430	Gerville	Gerville							4967																					
280431	"Baralle, L. de"	"Baralle, L. de"							4563																					
280432	"Cranson, dom E."	"Cranson, dom E."							4968																					
280433	"Bonnin, Théodose"	"Bonnin, Théodose"							4969																					
280434	Fontanieu	Fontanieu							4970																					
280435	"Simon, Jean"	"Simon, Jean"							4971																					
280436	"Croy, Philippe de"	"Croy, Philippe de"							4972																					
280437	"Le Gendre, Charles"	"Le Gendre, Charles"							4973																					
280438	"La Forêt, Jean de"	"La Forêt, Jean de"							4974																					
280439	"Jacques de Troyes"	"Jacques de Troyes"							4975																					
280440	"Gautier, dom G."	"Gautier, dom G."							4976																					
280441	"Giraud, Palamède"	"Giraud, Palamède"							4977																					
280442	"Villers, A. F."	"Villers, A. F."							4564																					
280443	"Texier (le P.)"	"Texier (le P.)"							4978																					
280444	"Mars, Noël"	"Mars, Noël"							4979																					
280445	"Aubert, Louis"	"Aubert, Louis"							4980																					
280446	"Verninac, dom"	"Verninac, dom"							4981																					
280447	Villemagne	Villemagne							4982																					
280448	"L'Inglois, A.D."	"L'Inglois, A.D."							4983																					
280449	"Moyneau ou Moniot, dom Denis"	"Moyneau ou Moniot, dom Denis"							4984																					
280450	"Essoyes, Christophe d'"	"Essoyes, Christophe d'"							4985																					
280451	"Briot, dom Simon"	"Briot, dom Simon"							4986																					
280452	"Berthod, dom"	"Berthod, dom"							4987																					
280453	"Bellemère, Gilles"	"Bellemère, Gilles"							4565																		1360	1360	1407	1407
280454	"Vernier, frère Lambelet"	"Vernier, frère Lambelet"							4988																					
280455	"Vitry, J.-F."	"Vitry, J.-F."							4989																					
280456	"Chevalier, Ulysse"	"Chevalier, Ulysse"							4990																					
280457	"Montgérard, G."	"Montgérard, G."							4991																					
280458	"Jouvelin, dom Jacques"	"Jouvelin, dom Jacques"							4992																					
280459	"Mirabel de Voisin"	"Mirabel de Voisin"							4993																					
280460	"Habert, Ponce"	"Habert, Ponce"							4994																					
280461	"Habert, Jean"	"Habert, Jean"							4995																					
280462	"Habert, Jacques"	"Habert, Jacques"							4996																					
280463	"Desmazes, J.-J."	"Desmazes, J.-J."							4997																					
280464	"Berteaud (Mgr Jean Baptiste Pierre Léonard)"	"Berteaud (Mgr Jean Baptiste Pierre Léonard)"							4566																		1798	1798	1879	1879
280465	"Joffre, Sr"	"Joffre, Sr"							4998																					
280466	"Geli, Jean de"	"Geli, Jean de"							4999																					
280467	"Germain, A."	"Germain, A."							5000																					
280468	"Le Noirau, dom"	"Le Noirau, dom"							5001																					
280469	"Simonnet, dom Pl."	"Simonnet, dom Pl."							5002																					
280470	"Gui, Bernard"	"Gui, Bernard"							5003																					
280471	"Le Mir, Antoine"	"Le Mir, Antoine"							5004																					
280472	"Magnan, dom Jean"	"Magnan, dom Jean"							5005																					
280473	"Grente, Jacques"	"Grente, Jacques"							5006																					
280474	"Fagoletto, Giovanni"	"Fagoletto, Giovanni"							5007																					
280475	"Briçonnet, Guillaume"	"Briçonnet, Guillaume"							4567																		1472	1472	1534	1534
280476	"Andurandy, Ev."	"Andurandy,  Ev."							5008																					
280477	"Durand, Vincent"	"Durand, Vincent"							5009																					
280478	"Vasseur, J."	"Vasseur, J."							5010																					
280479	"Rosa, P. de"	"Rosa, P. de"							5011																					
280480	"Le Pez, Etienne"	"Le Pez, Etienne"							5012																		1601	1601	1700	1700
280481	"Hozier, P. d'"	"Hozier, P. d'"							5013																					
280482	"Poullain, Guillaume"	"Poullain, Guillaume"							5014																					
280483	"Le Fournier, Thomas"	"Le Fournier, Thomas"							5015																		1675	1675	1743	1743
280484	"Chambaud, Victor"	"Chambaud, Victor"							5016																					
280485	"Véran, Pierre"	"Véran, Pierre"							5017																		1744	1744	1819	1819
280486	"François Bouvier"	"François Bouvier"				laïque			3607																					
280487	Moreau	Moreau							4568																					
280488	"Capus, Joseph"	"Capus, Joseph"							5018																					
280489	"Chevalier, Ignace"	"Chevalier, Ignace"							5019																					
280490	"Bastin, Palémon"	"Bastin, Palémon"							5020																					
280491	"Teissier, O."	"Teissier, O."							5021																					
280492	"Anibert, Louis-Mathieu"	"Anibert, Louis-Mathieu"							5022																		1742	1742	1782	1782
280493	"Camayou, Jacques Laurent"	"Camayou, Jacques Laurent"							5023																					
280494	"Kothen, Charles-Jean"	"Kothen, Charles-Jean"							5024																		1814	1814	1884	1884
280495	"Gastinel, Gaspard"	"Gastinel, Gaspard"							5025																					
280496	Ménard	Ménard							5026																					
280497	Bilard	Bilard							5027																		1801	1801	1900	1900
280498	Berthé	Berthé							4569																					
280499	Audren	Audren							5028																		1601	1601	1700	1700
280500	"Pocquet de Livonnière, G.C."	"Pocquet de Livonnière, G.C."							5029																		1701	1701	1800	1800
280501	"Villevieille, dom"	"Villevieille, dom"							5030																					
280502	"Bruyn van Harlingen J."	"Bruyn van Harlingen J."							5031																					
280503	"Dom Ligier"	"Dom Ligier"							5032																					
280504	"Janin, Eugène"	"Janin, Eugène"							5033																					
280505	"Dom Robert"	"Dom Robert"							5034																					
280506	"Ménabréa, Léon"	"Ménabréa, Léon"							5035																		1804	1804	1857	1857
280507	"Raese, Gérard"	"Raese, Gérard"							5036																					
280508	"Cuypers, A."	"Cuypers, A."							5037																		1601	1601	1700	1700
280509	Moulinet	Moulinet							4570																					
280510	"Molinier de la Fabrègue, Jean"	"Molinier de la Fabrègue, Jean"							5038																					
280511	"Bernard (frère)"	"Bernard (frère)"							5039																					
280512	"Chays, Barthélemy"	"Chays, Barthélemy"							5040																					
280513	"Rossinhol, Anthoine"	"Rossinhol, Anthoine"							5041																					
280514	"Baden, Georges de"	"Baden, Georges de"							5043																					
280515	"Burry, Colars"	"Burry, Colars"							5044																					
280516	"Castilllon, J.B. de"	"Castilllon, J.B. de"							5045																		1701	1701	1800	1800
280517	"Hancquet, F."	"Hancquet, F."							5046																					
280518	"Laurent, Claude"	"Laurent, Claude"							5047																					
280519	"Lud, Jean"	"Lud, Jean"							5048																					
280520	"Flays, M."	"Flays, M."							4571																					
280521	"Pithou, Pierre"	"Pithou, Pierre"							5049																					
280522	"Thieulin, Jacques"	"Thieulin, Jacques"							5050																					
280523	"Guichenon, Samuel"	"Guichenon, Samuel"							5051																					
280524	"Du Chesne, André"	"Du Chesne, André"							5052																					
280525	"Fonteneau, dom"	"Fonteneau, dom"							5053																					
280526	"Dupré, A."	"Dupré, A."							5054																					
280527	"Villesavoir, frère Jean de"	"Villesavoir, frère Jean de"							5055																					
280528	"Quix, Ch."	"Quix, Ch."							5056																					
280529	"Dachier, Antoine"	"Dachier, Antoine"							5057																					
280530	"Godefroy, Denys"	"Godefroy, Denys"							5058																					
280531	"Harauchamps, François"	"Harauchamps, François"							4572																					
280532	"Duroussin, Ph."	"Duroussin, Ph."							5059																					
280533	"Pétau, Paul"	"Pétau, Paul"							5060																		1568	1568	1614	1614
280534	"Guilhermy, baron de"	"Guilhermy, baron de"							5061																					
280535	"Montel, Achille"	"Montel, Achille"							5062																					
280536	"Petau, Denis"	"Petau, Denis"							5063																		1583	1583	1652	1652
280537	Labrunie	Labrunie							5064																					
280538	Argenton	Argenton							5065																					
280539	"Garnier, J."	"Garnier, J."							5066																					
280540	"Du Maisnil, Jean"	"Du Maisnil, Jean"							5067																					
280541	"Devals, J."	"Devals, J."							5068																					
280542	Mongeot	Mongeot							4573																					
280543	"Lauriol, Jean"	"Lauriol, Jean"							5069																					
280544	"Eschallens, J. de"	"Eschallens, J. de"							5070																					
280545	Thuret	Thuret							5071																					
280546	"Villeneuve, Etienne de"	"Villeneuve, Etienne de"							5072																					
280547	"Nicolaï, Guillaume de"	"Nicolaï, Guillaume de"							5073																					
280548	"Beaucousin, L.-A."	"Beaucousin, L.-A."							5074																					
280549	"Bailleul, Simon"	"Bailleul, Simon"							5075																					
280550	"Bailleul, Guillaume"	"Bailleul, Guillaume"							5076																					
280551	"Clouët, abbé F."	"Clouët, abbé F."							5077																					
280552	"Véran, Jacques-Didier"	"Véran, Jacques-Didier"							5078																		1768	1768	1848	1848
280553	"Bonnet de Saint-Bonnet, J.-F."	"Bonnet de Saint-Bonnet, J.-F."							4574																				1763	1763
280554	"Surgand, Gabriel"	"Surgand, Gabriel"							5079																					
280555	"Gaignon, Charles"	"Gaignon, Charles"							5080																					
280556	"Heidenreich, Joh."	"Heidenreich, Joh."							5081																					
280557	"Calmet, dom"	"Calmet, dom"							5082																					
280558	"Porta, Jacques"	"Porta, Jacques"							5083																					
280559	"Boisramé, Ph.-Fr."	"Boisramé, Ph.-Fr."							5084																					
280560	"Bonnan, Jean"	"Bonnan, Jean"							5085																					
280561	"Vincent, père et fils"	"Vincent, père et fils"							5086																					
280562	"Berger, J.-B."	"Berger, J.-B."							5087																					
280563	"Sarasin, Claude"	"Sarasin, Claude"							5088																					
280564	"Bartès, Jean"	"Bartès, Jean"							4575																					
280565	"Chauveau, Robert"	"Chauveau, Robert"							5089																					
280566	"Duirin, dom G."	"Duirin, dom G."							5090																					
280567	"Courtines, Etienne"	"Courtines, Etienne"							5091																					
280568	"Mouynès, G."	"Mouynès, G."							5092																					
280569	"Saint-Martin, dom J. de"	"Saint-Martin, dom J. de"							5093																					
280570	"Hubert, chanoine"	"Hubert, chanoine"							5094																					
280571	"Salis, baron de"	"Salis, baron de"							5095																					
280572	"Valin, L."	"Valin, L."							5096																					
280573	"Mouillot, Pierre"	"Mouillot, Pierre"							5097																					
280574	"Waymel, Philippe Jacques Auguste"	"Waymel, Philippe Jacques Auguste"							5098																					
280575	"Bernard, Guillaume"	"Bernard, Guillaume"							4576																		1205	1205	1300	1300
280576	"Bueil, Louis de"	"Bueil, Louis de"							5099																					
280577	Arnoul	Arnoul							5100																					
280578	"Thibault, Ant."	"Thibault, Ant."							5101																					
280579	"Réthoré, A. G."	"Réthoré, A. G."							5102																		1820	1820	1892	1892
280580	"Avinion, Jean"	"Avinion, Jean"							5103																					
280581	"Devauchelle, E."	"Devauchelle, E."							5104																					
280582	"Hase, Simon"	"Hase, Simon"							5105																					
280583	"Pavillet, N."	"Pavillet, N."							5106																					
280584	Mutte	Mutte							5107																					
280585	"Léchaudé d'Anisy"	"Léchaudé d'Anisy"							5108																					
280586	"Buache, Me"	"Buache, Me"							4577																					
280587	"Lanthenas, dom Hugues"	"Lanthenas, dom Hugues"							5109																					
280588	Guesnon	Guesnon							5110																					
280589	"Tillier, J.-B. de"	"Tillier, J.-B. de"							5111																					
280590	"Burlats, Jean de"	"Burlats, Jean de"							5112																					
280591	"Louvencourt, Pierre de"	"Louvencourt, Pierre de"							5113																					
280592	"Saxy, Claude"	"Saxy, Claude"							5114																					
280593	"Du Pré, Maurice"	"Du Pré, Maurice"							5115																					
280594	"van Inxhem, Henric"	"van Inxhem, Henric"							5116																					
280595	"Arbois de Jubainville, H. d'"	"Arbois de Jubainville, H. d'"							5117																					
280596	"Kersers, Louis de"	"Kersers, Louis de"							5118																					
280597	"de Saint-Laurent, Geoffroy"	"de Saint-Laurent, Geoffroy"				laïque			3608																					
280598	"Caremtrant, J."	"Caremtrant, J."							4578																					
280599	"Huyghen P.J.J."	"Huyghen P.J.J."							5119																					
280600	"Guynard, Philippe de"	"Guynard, Philippe de"							5120																					
280601	"Mène, Vidal"	"Mène, Vidal"							5121																					
280602	Delperrier	Delperrier							5122																					
280603	"Schepens, Gilbert"	"Schepens, Gilbert"							5123																					
280604	"Quisthout, Nicolas"	"Quisthout, Nicolas"							5124																					
280605	"Ryche, Pierre de"	"Ryche, Pierre de"							5125																					
280606	"Van der Schueren, Gaspar"	"Van der Schueren, Gaspar"							5126																					
280607	"Hannedouche de Rebecques"	"Hannedouche de Rebecques"							5127																					
280608	"Courtens, J. A."	"Courtens, J. A."							5128																					
280609	Cherpantier	Cherpantier							4579																					
280610	"Heyndrickx, Jacques"	"Heyndrickx, Jacques"							5129																					
280611	"Rodière, R."	"Rodière, R."							5130																					
280612	"Merlebeck, J. B."	"Merlebeck, J. B."							5131																				1699	1699
280613	"Deparenti, Philippe"	"Deparenti, Philippe"							5132																				1572	1572
280614	"Oliviers, Jacques"	"Oliviers, Jacques"							5133																					
280615	Rousselot	Rousselot							5134																					
280616	Boutroys	Boutroys							5135																					
280617	"Gendreau, André"	"Gendreau, André"							5136																					
280618	"Palasin, Pierre"	"Palasin, Pierre"							5137																					
280619	"Bréquigny, Louis-George-Oudart Feudrix de"	"Bréquigny, Louis-George-Oudart Feudrix de"							5138																		1716	1716	1795	1795
280620	"Clot, Bernard"	"Clot, Bernard"							4580																					
280621	Picquet	Picquet							5139																					
280622	Chassebras	Chassebras							5140																					
280623	"Gauthier, J."	"Gauthier, J."							5141																					
280624	Leydet	Leydet							5142																					
280625	"Thibault, dom"	"Thibault, dom"							5143																					
280626	"Toustain, Henri de"	"Toustain, Henri de"							5144																					
280627	"Duhérissier de Gerville, Ch."	"Duhérissier de Gerville, Ch."							5145																					
280628	"Uc de Bourbouton"	"Uc de Bourbouton"							5146																				1151	1151
280629	Tourniol	Tourniol							5147																					
280630	Hariulf	Hariulf							5148																					
280631	"Fraslon, Pierre"	"Fraslon, Pierre"							4581																					
280632	"Varennes, abbé de"	"Varennes, abbé de"							5149																					
280633	"Hartogne, Pierre de"	"Hartogne, Pierre de"							5150																					
280634	"Fontaines, Jehan de"	"Fontaines, Jehan de"							5151																					
280635	"Chastelly, M. de"	"Chastelly, M. de"							5152																					
280636	"Poquet, abbé"	"Poquet, abbé"							5153																					
280637	"Du Molinet, dom"	"Du Molinet, dom"							5154																					
280638	"Dulaure, Jacques-Antoine"	"Dulaure, Jacques-Antoine"							5155																		1755	1755	1835	1835
280639	"Peulvain, Antoine"	"Peulvain, Antoine"							5156																					
280640	"Petit, Ernest"	"Petit, Ernest"							5157																					
280641	"Bourchenu, Jean-Pierre Moret de"	"Bourchenu, Jean-Pierre Moret de"							5158																		1651	1651	1730	1730
280642	"Gostar, J."	"Gostar, J."							4582																					
280643	"Le Bel, Noël"	"Le Bel, Noël"							5159																					
280644	"le pe"	"le pe"							5160																					
280645	"Le Cardonnel, P. A."	"Le Cardonnel, P. A."							5161																					
280646	"Chantereyne, Edouard de"	"Chantereyne, Edouard de"							5162																					
280647	"Montfort, Louis de"	"Montfort, Louis de"							5163																					
280648	"Le Briant, Jean"	"Le Briant, Jean"							4583																					
280649	"Mesnyer, de, Jean"	"Mesnyer, de, Jean"							4584																					
280650	Mestadier	Mestadier							4585																					
280651	"Nitard, Pierre"	"Nitard, Pierre"							4586																					
280652	Octenier	Octenier							4587																					
280653	"Georges de Supersaxo"	"Georges de Supersaxo"				laïque			3609																					
280654	"Sunyer, H."	"Sunyer, H."							4588																					
280655	"Vaudevire, David"	"Vaudevire, David"							4589																					
280656	"Leonardi de Cinciis, C."	"Leonardi de Cinciis, C."							4590																					
280657	"Rigaud, Pierre"	"Rigaud, Pierre"							4591																					
280658	"Dabadie, Bernard"	"Dabadie, Bernard"							4592																					
280659	"Doria, Perseval"	"Doria, Perseval"							4593																					
280660	"Guillaume, abbé"	"Guillaume, abbé"							4594																					
280661	"Huvier, Dom Pierre"	"Huvier, Dom Pierre"							4595																					
280662	"La Vieille, Guillaume"	"La Vieille, Guillaume"							4596																					
280663	Laisné	Laisné							4597																					
280664	"Guillaume de Croixmare ou Croismare"	"Guillaume de Croixmare ou Croismare"				laïque			3610																					
280665	"Simon de Senlis, frère"	"Simon de Senlis, frère"							4598																					
280666	"Henry, Guillaume"	"Henry, Guillaume"							4599																					
280667	"La Mote, Jean de"	"La Mote, Jean de"							4600																					
280668	"Meerbeck, Jean"	"Meerbeck, Jean"							4601																					
280669	"Olivet, Louis"	"Olivet, Louis"							4602																					
280670	"Deroubaix, A. F."	"Deroubaix, A. F."							4603																					
280671	"Mornay (de), Gilles"	"Mornay (de), Gilles"							4604																					
280672	"Tallebot, M."	"Tallebot, M."							4605																					
280673	"des Maires, Jean"	"des Maires, Jean"							4606																					
280674	"Baril, Jean"	"Baril, Jean"							4607																					
280675	"Ercuis, Guillaume d'"	"Ercuis, Guillaume d'"				laïque			3611																		1260	1260	1316	1316
280676	"Marca (Pierre de)"	"Marca (Pierre de)"							4608																		1594	1594	1662	1662
280677	"Lachiver, François"	"Lachiver, François"							4609																					
280678	"Belard, Pierre"	"Belard, Pierre"							4610																					
280679	"Poissonnier, Gui"	"Poissonnier, Gui"							4611																					
280680	"Chartier, Pierre"	"Chartier, Pierre"							4612																					
280681	Pertuysot	Pertuysot							4613																					
280682	"Anduze, Pierre d'"	"Anduze, Pierre d'"							4614																					
280683	"Labbé, Pierre"	"Labbé, Pierre"							4615																					
280684	"Guérould, Robert"	"Guérould, Robert"							4616																					
280685	"Alatrayme, Pierre"	"Alatrayme, Pierre"							4617																					
319872	"Guérin, Paul"	Guérin	Paul																											
319888	"Le Féron (Jean)"	"Le Féron (Jean)"						Paris_AN_JJ_inventaire_JJ37-50_index.xlsx#d1e269626																						
319889	"Le Féron (Jean)"	"Le Féron (Jean)"						Paris_AN_JJ_inventaire_JJ37-50_index.xlsx#d1e269626																						
320683	"Serraire (Guilhem)"	"Serraire (Guilhem)"				"de Béziers, pelletier"		Paris_AN_JJ_inventaire_JJ37-50_index.xlsx#d1e372894																						
320722	"Roger de Bois-Arnault"	"Roger de Bois-Arnault"						Paris_AN_JJ_inventaire_JJ37-50_index.xlsx#d1e259778																						
321095	Richard	Richard				"abbé de Notre-Dame de Lannoy"																								
321313	"Mauconduit (Guillaume)"	"Mauconduit (Guillaume)"				"doyen de Canville-les-Deux-Églises"		Paris_AN_JJ_inventaire_JJ37-50_index.xlsx#d1e289482																						
322071	"Raimond Rogier de Carcassonne"	"Raimond Rogier de Carcassonne"			Male	"notaire public du roi à Carcassonne"																								
323910	"Jean le Grand"	"Jean le Grand"			Male	"de la synagogue de Janville"																								
324521	"Gautier, prieur de Flavigny (ca. 1142)"	"Gautier, prieur de Flavigny (ca. 1142)"		"Galterius prior Flaviniaci"						d1e1003																				
324522	"Narduinus, moine de Flavigny"	"Narduinus, moine de Flavigny"		"Narduinus monachus Flaviniaci"						d1e1114																				
324523	"Martinus IV papa (1281-1285)"	"Martinus IV papa (1281-1285)"								x27																				
324524	"Honorius IV papa (1285-1287)"	"Honorius IV papa (1285-1287)"								x28																				
324525	"Nicolaus IV papa (1288-1292)"	"Nicolaus IV papa (1288-1292)"								x29																				
324526	"Celestinus V papa (1294-1294)"	"Celestinus V papa (1294-1294)"								x30																				
324527	"Bonifacius VIII papa (1295-1303)"	"Bonifacius VIII papa (1295-1303)"								x31																				
324528	"Benedictus XI papa (1303-1304)"	"Benedictus XI papa (1303-1304)"								x32																				
324529	"Robert I de Bourgogne, évêque de Langres (1085-1110)"	"Robert I de Bourgogne, évêque de Langres (1085-1110)"								x33																				
324530	"Joceran de Brancion, évêque de Langres (1113-1125)"	"Joceran de Brancion, évêque de Langres (1113-1125)"								x34																				
324531	"Guillaume Ier de Sabran, évêque de Langres (1136-1138)"	"Guillaume Ier de Sabran, évêque de Langres (1136-1138)"								x35																				
324532	"Hugues III de Montréal, évêque de Langres (1219-1232)"	"Hugues III de Montréal, évêque de Langres (1219-1232)"								x36																				
324533	"Bernard I de Clairvaux, abbé de Clairvaux (1115-1153)"	"Bernard I de Clairvaux, abbé de Clairvaux (1115-1153)"								d1e1124																				
324534	"Guy Ier de Vergy, évêque d'Autun (1224 - 1245 )"	"Guy Ier de Vergy, évêque d'Autun (1224 - 1245 )"								x37																				
324535	"Humbaud, évêque d'Auxerre (1087-1114)"	"Humbaud, évêque d'Auxerre (1087-1114)"								x38																				
324536	"Hugues II de Montaigu, évêque d'Auxerre (1115-1136)"	"Hugues II de Montaigu, évêque d'Auxerre (1115-1136)"								x39																				
324537	"Alain de Larrivour, évêque d'Auxerre (1152-1167)"	"Alain de Larrivour, évêque d'Auxerre (1152-1167)"								x40																				
324538	"Guillaume I de Toucy, évêque d'Auxerre (1167-1181)"	"Guillaume I de Toucy, évêque d'Auxerre (1167-1181)"								x41																				
324539	"Garmond Clément, évêque d'Auxerre (1182)"	"Garmond Clément, évêque d'Auxerre (1182)"								x42																				
324540	"Raoul Ier, abbé de Fontenay (1163-1165)"	"Raoul Ier, abbé de Fontenay (1163-1165)"								x43																				
324541	"Hugues, abbé de Fontenay (1165-1167)"	"Hugues, abbé de Fontenay (1165-1167)"								x44																				
324542	"Guillaume II de Montbard, abbé de Fontenay (1167-1170)"	"Guillaume II de Montbard, abbé de Fontenay (1167-1170)"								x45																				
324543	"Bernard Ier, abbé de Fontenay (1170-1186)"	"Bernard Ier, abbé de Fontenay (1170-1186)"								x46																				
324544	"Geoffroi, moine de Clairvaux (1142)"	"Geoffroi, moine de Clairvaux (1142)"		"Gaufridus monachus Clarae Vallis"						d1e1156																				
324545	"Justin, abbé de Fontenay (1186-1194)"	"Justin, abbé de Fontenay (1186-1194)"								x47																				
324546	"Jean Ier, abbé de Fontenay (1194-1196)"	"Jean Ier, abbé de Fontenay (1194-1196)"								x48																				
324547	"Hubert, abbé de Fontenay (1196-1202)"	"Hubert, abbé de Fontenay (1196-1202)"								x49																				
324548	"Bernard II, abbé de Fontenay (1202-1206)"	"Bernard II, abbé de Fontenay (1202-1206)"								x50																				
324549	"Pierre Ier, abbé de Fontenay (1206-1210)"	"Pierre Ier, abbé de Fontenay (1206-1210)"								x51																				
324550	"Guillaume III, abbé de Fontenay (1210-1219)"	"Guillaume III, abbé de Fontenay (1210-1219)"								x52																				
324551	"Aymon, abbé de Fontenay (1219-1234)"	"Aymon, abbé de Fontenay (1219-1234)"								x53																				
324552	"Martin, abbé de Fontenay (1234-1252)"	"Martin, abbé de Fontenay (1234-1252)"								x54																				
324553	"Guillaume IV, abbé de Fontenay (1252-1269)"	"Guillaume IV, abbé de Fontenay (1252-1269)"								x55																				
324554	"Raoul II, abbé de Fontenay (1269-1274)"	"Raoul II, abbé de Fontenay (1269-1274)"								x56																				
324555	"Geoffroy de La Roche-Vanneau, abbé de Fontenay (1119-1126), évêque de Langres (1138-1163)"	"Geoffroy de La Roche-Vanneau, abbé de Fontenay (1119-1126), évêque de Langres (1138-1163)"								d1e1172																				
324556	"Eudes, abbé de Fontenay (1274-1295)"	"Eudes, abbé de Fontenay (1274-1295)"								x57																				
324557	"Renaud, abbé de Fontenay (1295-1305)"	"Renaud, abbé de Fontenay (1295-1305)"								x58																				
324558	"Pierre II, abbé de Fontenay (1305-1328)"	"Pierre II, abbé de Fontenay (1305-1328)"								x59																				
324559	"Guillaume V de Montbard, abbé de Fontenay (1328-1340)"	"Guillaume V de Montbard, abbé de Fontenay (1328-1340)"								x60																				
324560	"Jean II, abbé de Fontenay (1340-1350)"	"Jean II, abbé de Fontenay (1340-1350)"								x61																				
324561	"Evrard, abbé de Fontenay (1350-1361)"	"Evrard, abbé de Fontenay (1350-1361)"								x62																				
324562	"Roger, abbé de Fontenay (1361-1378)"	"Roger, abbé de Fontenay (1361-1378)"								x63																				
324563	"Nicolas, abbé de Fontenay (1378-1417)"	"Nicolas, abbé de Fontenay (1378-1417)"								x64																				
324564	"Jean III de Laignes, abbé de Fontenay (1417-1433)"	"Jean III de Laignes, abbé de Fontenay (1417-1433)"								x65																				
324565	"Guillaume VI, abbé de Fontenay (1433-1438)"	"Guillaume VI, abbé de Fontenay (1433-1438)"								x66																				
324566	"Gauthier de Bourgogne, évêque de Langres (1163-1179)"	"Gauthier de Bourgogne, évêque de Langres (1163-1179)"		"Galterus filius Hugonis II ducis Burgundiae, archiepiscopus Bisuntiae, episcopus Lingonensis"						d1e1199																				
324567	"Jean IV de Fontanet, abbé de Fontenay (1438-1440)"	"Jean IV de Fontanet, abbé de Fontenay (1438-1440)"								x67																				
324568	"Simon Evrard, abbé de Fontenay (1440-1460)"	"Simon Evrard, abbé de Fontenay (1440-1460)"								x68																				
324569	"Jean V Frouard de Courcelles, abbé de Fontenay (1460-1462)"	"Jean V Frouard de Courcelles, abbé de Fontenay (1460-1462)"								x69																				
324570	"Jean VI de Baigneux, abbé de Fontenay (1462-1466)"	"Jean VI de Baigneux, abbé de Fontenay (1462-1466)"								x70																				
324571	"Jean V Frouard de Courcelles (2), abbé de Fontenay (1466-1492)"	"Jean V Frouard de Courcelles (2), abbé de Fontenay (1466-1492)"								x71																				
324572	"Jean VII Foucard, abbé de Fontenay (1492-1497)"	"Jean VII Foucard, abbé de Fontenay (1492-1497)"								x72																				
324573	"Marc d’Illyes, abbé de Fontenay (1497-1498)"	"Marc d’Illyes, abbé de Fontenay (1497-1498)"								x73																				
324574	"Philibert Foucaud, abbé de Fontenay (1498-1519)"	"Philibert Foucaud, abbé de Fontenay (1498-1519)"								x74																				
324575	"Robert I de Bruges, abbé de Clairvaux (1153-1157)"	"Robert I de Bruges, abbé de Clairvaux (1153-1157)"								x75																				
324576	"Fastré de Cambron, abbé de Clairvaux (1157-1161)"	"Fastré de Cambron, abbé de Clairvaux (1157-1161)"								x76																				
324577	"Hugues III, duc de Bourgogne (1162-1192)"	"Hugues III, duc de Bourgogne (1162-1192)"		"Hugo III dux Burgundiae"		"Hugues III, né en 1148, mort à Acre en août 1192, duc de Bourgogne de 1162 à 1192, comte d'Albon en 1183, fils de Eudes II de Bourgogne et de Marie de Blois-Champagne."				d1e121																				
324578	"Geoffroy d'Auxerre, abbé de Clairvaux (1162-1165)"	"Geoffroy d'Auxerre, abbé de Clairvaux (1162-1165)"								x77																				
324579	"Pons de Polignac, abbé de Granselve, abbé de Clairvaux (1165-1170), évêque de Clermont"	"Pons de Polignac, abbé de Granselve, abbé de Clairvaux (1165-1170), évêque de Clermont"								x78																				
324580	"Gérard I, abbé de Clairvaux (1170-1175)"	"Gérard I, abbé de Clairvaux (1170-1175)"								x79																				
324581	"Henri de Marcy, abbé de Clairvaux (1176-1179), cardinal-évêque d'Albano"	"Henri de Marcy, abbé de Clairvaux (1176-1179), cardinal-évêque d'Albano"								x80																				
324582	"Pierre Ier dit le Borgne, abbé d'Igny, abbé de Clairvaux (1179-1186)"	"Pierre Ier dit le Borgne, abbé d'Igny, abbé de Clairvaux (1179-1186)"								x81																				
324583	"Guy de France, abbé d'Ourscamp, abbé de Clairvaux (1193-1196)"	"Guy de France, abbé d'Ourscamp, abbé de Clairvaux (1193-1196)"								x82																				
324584	"Conrad d'Urach, abbé de Villers, abbé de Clairvaux (1214-1216), de Cîteaux (1217-1219), cardinal-évêque de Porto et Santa Ruffino"	"Conrad d'Urach, abbé de Villers, abbé de Clairvaux (1214-1216), de Cîteaux (1217-1219), cardinal-évêque de Porto et Santa Ruffino"								x83																				
324585	"Guillaume, abbé de Montiers-en-Argonne, abbé de Clairvaux (1217-1221)"	"Guillaume, abbé de Montiers-en-Argonne, abbé de Clairvaux (1217-1221)"								x84																				
324586	"Robert II, abbé de Maison-Dieu, abbé de Clairvaux (1221-1223)"	"Robert II, abbé de Maison-Dieu, abbé de Clairvaux (1221-1223)"								x85																				
324587	"Laurent, abbé d'Ursariae, abbé de Clairvaux (1223-1224)"	"Laurent, abbé d'Ursariae, abbé de Clairvaux (1223-1224)"								x86																				
324588	"Henri de Bourgogne, évêque d'Autun (1148 -1171)"	"Henri de Bourgogne, évêque d'Autun (1148 -1171)"		"Henricus filius Odonis ducis Burgundiae, archidiaconus postea episcopus Eduensis"		"Henri (? - † 1er mars 1170), seigneur de Flavigny, doyen de l’Église d'Autun en 1143, élu évêque d'Autun en 1148. Le 28 juin 1156 il fonde l'anniversaire de son frère Raymond avec une donation à l'abbaye de Grosbois. Il est enterré à l'abbaye de Cîteaux."				d1e1234																				
324589	"Raoul de la Roche-Aymon, abbé d'Igny, abbé de Clairvaux (1224-1232), évêque d'Agen (1233-1235), archevêque de Lyon"	"Raoul de la Roche-Aymon, abbé d'Igny, abbé de Clairvaux (1224-1232), , évêque d'Agen (1233-1235), archevêque de Lyon"								x87																				
324590	"Dreux de Grandmont, abbé d'Ourscamp, abbé de Clairvaux (1233-1235)"	"Dreux de Grandmont, abbé d'Ourscamp, abbé de Clairvaux (1233-1235)"								x88																				
324591	"Evrard, abbé de Larrivour, abbé de Clairvaux (1235-1238)"	"Evrard, abbé de Larrivour, abbé de Clairvaux (1235-1238)"								x89																				
324592	"Guillaume II de Dongelberg, abbé de Villiers, abbé de Clairvaux (1238-1239)"	"Guillaume II de Dongelberg, abbé de Villiers, abbé de Clairvaux (1238-1239)"								x90																				
324593	"Étienne de Lexington, abbé de Savigny, abbé de Clairvaux (1242-1255)"	"Étienne de Lexington, abbé de Savigny, abbé de Clairvaux (1242-1255)"								x91																				
324594	"Jean, abbé d'Igny, de Clairvaux (1257-1260), de la Grâce-Dieu, archevêque de Mitylène"	"Jean, abbé d'Igny, de Clairvaux (1257-1260), de la Grâce-Dieu, archevêque de Mitylène"								x92																				
324595	"Philippe, abbé de Foucarmond, abbé de Clairvaux (1262-1273)"	"Philippe, abbé de Foucarmond, abbé de Clairvaux (1262-1273)"								x93																				
324596	"Beuve, abbé de Trois-Fontaines, abbé de Clairvaux (1273-1280)"	"Beuve, abbé de Trois-Fontaines, abbé de Clairvaux (1273-1280)"								x94																				
324597	"Thibaud de Sancey, abbé de Maison-Dieu, abbé de Clairvaux (1280-1284), abbé de Cîteaux"	"Thibaud de Sancey, abbé de Maison-Dieu, abbé de Clairvaux (1280-1284), abbé de Cîteaux"								x95																				
324598	"Gérard II, abbé d'Igny, abbé de Clairvaux (1284-1285)"	"Gérard II, abbé d'Igny, abbé de Clairvaux (1284-1285)"								x96																				
324599	"Manassès de Bar-sur-Seine, évêque de Langres (1179-1193)"	"Manassès de Bar-sur-Seine, évêque de Langres (1179-1193)"		"Manasses episcopus Lingonensis"						d1e1278																				
324600	"Jean II de La Prée, abbé de Maison-Dieu, abbé de Clairvaux (1286-1291)"	"Jean II de La Prée, abbé de Maison-Dieu, abbé de Clairvaux (1286-1291)"								x97																				
324601	"Jean III de Sancey, abbé de Clairvaux (1291-1312)"	"Jean III de Sancey, abbé de Clairvaux (1291-1312)"								x98																				
324602	"Guillaume, abbé de Balerne et de Cherlieu, abbé de Clairvaux (1312)"	"Guillaume, abbé de Balerne et de Cherlieu, abbé de Clairvaux (1312)"								x99																				
324603	"Conrad II de Metz, abbé de Hautecombe, abbé de Clairvaux (1313-1316)"	"Conrad II de Metz, abbé de Hautecombe, abbé de Clairvaux (1313-1316)"								x100																				
324604	"Mathieu d'Aumelle, abbé de Clairvaux (1316-1330)"	"Mathieu d'Aumelle, abbé de Clairvaux (1316-1330)"								x101																				
324605	"Jean IV d'Aizanville, abbé de Clairvaux (1330-1345)"	"Jean IV d'Aizanville, abbé de Clairvaux (1330-1345)"								x102																				
324606	"Bernard de Laon, abbé de Clairvaux (1345-1358)"	"Bernard de Laon, abbé de Clairvaux (1345-1358)"								x103																				
324607	"Jean V de Bussières, abbé de Clairvaux (1358-1359), abbé de Cîteaux, cardinal"	"Jean V de Bussières, abbé de Clairvaux (1358-1359), abbé de Cîteaux, cardinal"								x104																				
324608	"Jean VI de Deulemont, abbé de Clairvaux (1363-1380)"	"Jean VI de Deulemont, abbé de Clairvaux (1363-1380)"								x105																				
324609	"Etienne de Foissy, abbé de Preuilly, abbé de Clairvaux (1380-1402)"	"Etienne de Foissy, abbé de Preuilly, abbé de Clairvaux (1380-1402)"								x106																				
324610	"Gautier II, évêque d'Autun 1189 -1223)"	"Gautier II, évêque d'Autun 1189 -1223)"								d1e1300																				
324611	"Jean VII de Martigny, abbé de Morimond, de Clairaux (1402-1405), de Cîteaux"	"Jean VII de Martigny, abbé de Morimond, de Clairaux (1402-1405), de Cîteaux"								x107																				
324612	"Mathieu II Pillaert, abbé de Beaupré, Mortemer, abbé de Clairvaux (1405-1428)"	"Mathieu II Pillaert, abbé de Beaupré, Mortemer, abbé de Clairvaux (1405-1428)"								x108																				
324613	"Guillaume d'Autun, abbé de Mortemer, abbé de Clairvaux (1428-1448)"	"Guillaume d'Autun, abbé de Mortemer, abbé de Clairvaux (1428-1448)"								x109																				
324614	"Philippe de Fontaines, abbé de Maisières, abbé de Clairvaux (1449-1471)"	"Philippe de Fontaines, abbé de Maisières, abbé de Clairvaux (1449-1471)"								x110																				
324615	"Pierre de Virey, abbé de Cherlieu, abbé de Clairvaux (1471-1496)"	"Pierre de Virey, abbé de Cherlieu, abbé de Clairvaux (1471-1496)"								x111																				
324616	"Jean de Foucault, abbé de Fontenay, abbé de Clairvaux (1496-1509)"	"Jean de Foucault, abbé de Fontenay, abbé de Clairvaux (1496-1509)"								x112																				
324617	"Edmond de Saulieu ou Gaucher, abbé de Clairvaux (1509-1552)"	"Edmond de Saulieu ou Gaucher, abbé de Clairvaux (1509-1552)"								x113																				
324618	"Hilduin de Vendeuvre, évêque de Langres (1200-1203)"	"Hilduin de Vendeuvre, évêque de Langres (1200-1203)"								d1e1320																				
324619	"Eudes, prieur de Flavigny (1142)"	"Eudes, prieur de Flavigny (1142)"		"Odo prior Flaviniaci"						d1e1012																				
324620	"Guillaume II de Joinville, évêque de Langres (1210-1219), archevêque de Reims (1219-1226)"	"Guillaume II de Joinville, évêque de Langres (1210-1219), archevêque de Reims (1219-1226)"								d1e1340																				
324621	"Boson, doyen de chrétienté de Montbard"	"Boson, doyen de chrétienté de Montbard"		"Boso decanus Montis Barri"						d1e1360																				
324622	"Jordan, archiprêtre de Touillon (v.1155-v.1170)"	"Jordan, archiprêtre de Touillon (v.1155-v.1170)"		"Jordanus archipresbiter Tullionis"						d1e1371																				
324623	"Eudes, archiprêtre de Touillon (1173-1200)"	"Eudes, archiprêtre de Touillon (1173-1200)"		"Odo archipresbiter Tullionis"						d1e1394																				
324624	"Eudes III, duc de Bourgogne (1192-1218)"	"Eudes III, duc de Bourgogne (1192-1218)"		"Odo III dux Burgundiae"		"Wikipedia indique qu'il ne porte le titre qu'en 1192. L'acte de Fontenay avec persName xml:id=""d1e78766"" explicitement daté de 1191 est une reproduction de l'acte de 1191 donné par Eudes comme ""filius ducis"" en 1191"				d1e143																				
324625	"Hugo archipresbiter Pulleniaci"	"Hugo archipresbiter Pulleniaci"								d1e1535																				
324626	"Robertus archipresbiter Tullionis"	"Robertus archipresbiter Tullionis"								d1e1553																				
324627	"Bernardus archipresbiter Stabularum"	"Bernardus archipresbiter Stabularum"								d1e1568																				
324628	"Tecelinus archipresbiter Frollesii"	"Tecelinus archipresbiter Frollesii"								d1e1581																				
324629	"Galterius archipresbiter Eduensis"	"Galterius archipresbiter Eduensis"								d1e1596																				
324630	"Gui de Grignon, sacristain de Flavigny (ca. 1142)"	"Gui de Grignon, sacristain de Flavigny (ca. 1142)"		"Guido de Grinione, sacrista Flaviniaci"						d1e1022																				
324631	"Petrus archipresbiter Lucennaci"	"Petrus archipresbiter Lucennaci"								d1e1612																				
324632	"Haimo archipresbiter Flaviniaci"	"Haimo archipresbiter Flaviniaci"								d1e1627																				
324633	"Ernoldus decanus Sedeloci"	"Ernoldus decanus Sedeloci"								d1e1640																				
324634	"Petrus canonicus Lugdunensis"	"Petrus canonicus Lugdunensis"								d1e1650																				
324635	"Hugues IV, duc de Bourgogne (1218-1272)"	"Hugues IV, duc de Bourgogne (1218-1272)"		"Hugo IV dux Burgundiae"		"WIKIPEDIA: Hugues IV de Bourgogne, né le 9 mars 1213, mort à Villaines-en-Duesmois le 27 octobre ou 30 octobre 1272, duc de Bourgogne de 1218 à 1272, roi titulaire de Thessalonique (1266-1272), est le fils du duc de Bourgogne Eudes III et d'Alix de Vergy."				d1e170																				
324636	"Lucius II papa (1144-1145)"	"Lucius II papa (1144-1145)"								d1e192																				
324637	"Lucius III papa (1181-1185)"	"Lucius III papa (1181-1185)"								d1e209																				
324638	"Innocentius II papa (1130-1143)"	"Innocentius II papa (1130-1143)"								d1e236																				
324639	"Innocentius III papa (1198-1216)"	"Innocentius III papa (1198-1216)"								d1e252																				
324640	"Hugues de Noyers, évêque d'Auxerre (1183-1206)"	"Hugues de Noyers, évêque d'Auxerre (1183-1206)"								d1e268																				
324641	"Lambert, chapelain de l'abbé de Flavigny (1142)"	"Lambert, chapelain de l'abbé de Flavigny (1142)"		"Lambertus capellanus abbatis Flaviniaci"						d1e1045																				
324642	"Guillaume II de Seignelay, évêque d'Auxerre (1207-1220), évêque de Paris (1220-1223)"	"Guillaume II de Seignelay, évêque d'Auxerre (1207-1220), évêque de Paris (1220-1223)"								d1e288																				
324643	"Étienne Ier de Baugé, évêque d'Autun (1112 -1139)"	"Étienne Ier de Baugé, évêque d'Autun (1112 -1139)"		"Stephanus I episcopus Eduensis"		"Etienne I de Baugé ou Bâgé, évêque d'Autun (1112-1139). Gams, p. 500, donne 1139 comme date de décès. Il se retire en 1136 ou plutôt 1139 à Cluny : pour 1136, voir DHGE, t. V, 1931, col. 908 et t. XV, 1963, col. 1209. C’est la date de 1139 qui est retenue par J.Régnier p. 76-79 et reprise ensuite (cf. notice d’Humbert de Bâgé, DHGE, t. XXV, 1995, col. 347). Indépendamment, G. Constable vient aux mêmes conclusions p. 139 note 99 . La discussion sur le lieu de sépulture d’Etienne de Bâgé, peut-être à Fontenay, est complétée par P. Bourgeois, cf. BOURGEOIS, Abbaye Notre-Dame de Fontenay, t. I, p. 188-189."				d1e306																				
324644	"Hugues II, duc de Bourgogne (1103-1143)"	"Hugues II, duc de Bourgogne (1103-1143)"		"Hugo II dux Burgundiae"		"Hugues II, dit le Pacifique, né vers 1085 et mort peu après le 6 février 1143ML 1, est duc de Bourgogne de 1103 à 1143."				d1e35																				
324645	"Étienne II, évêque d'Autun (1171-1189)"	"Étienne II, évêque d'Autun (1171-1189)"		"Stephanus II episcopus Eduensis"						d1e352																				
324646	"Guillenc d'Aigremont, évêque de Langres (1125-1136)"	"Guillenc d'Aigremont, évêque de Langres (1125-1136)"		"Guilencus episcopus Lingonensis"						d1e376																				
324647	"Garnier II de Rochefort, abbé d'Auberive, abbé de Clairvaux (1186-1193), évêque de Langres (1193-1199)"	"Garnier II de Rochefort, abbé d'Auberive, abbé de Clairvaux (1186-1193), évêque de Langres (1193-1199)"		"Garnerius episcopus Lingonensis"		"1193-1199 : Garnier II de Rochefort, ancien abbé d'Auberive et de Clairvaux."				d1e396																				
324648	"Robert II de Châtillon, évêque de Langres (1203-1209)"	"Robert II de Châtillon, évêque de Langres (1203-1209)"		"Robertus episcopus Lingonensis"						d1e416																				
324649	"Armannus, archidiacre dans le diocèse d'Autun"	"Armannus, archidiacre dans le diocèse d'Autun"		"Armannus Eduensis archidiaconus"		"Armannus Eduensis archidiaconus|ArmannusEduensisarchidiaconus"				d1e437																				
324650	"Geoffroy, archidiacre dans le diocèse d'Autun"	"Geoffroy, archidiacre dans le diocèse d'Autun"		"Gaufridusarchidiaconus in dioecesi Eduensi"						d1e450																				
324651	"Seguin, archidiacre dans le diocèse d'Autun"	"Seguin, archidiacre dans le diocèse d'Autun"		"Seguinus archidiaconus in dioecesi Eduensi"						d1e464																				
324652	"Gislerus, sous-prieur de Flavigny (ca. 1142)"	"Gislerus, sous-prieur de Flavigny (ca. 1142)"		"Gislerus subprior Flaviniaci"						d1e1058																				
324653	"Aimon, archidiacre de Flavigny"	"Aimon, archidiacre de Flavigny"		"Haimo archidiaconus Flaviniacensis"		"Haymo archidiaconus Flaviniacensis|Aymo, archidiaconus Flaviniacensis|Haymone archidiacono Flaviniaci|Haymo Dei pacientia archidiaconus Flaviniaci|Haymo, archidiaconus Flaviacensis"				d1e478																				
324654	"Humbert de Baugé, évêque d'Autun (1140 -1148)"	"Humbert de Baugé, évêque d'Autun (1140 -1148)"				"Humbert, archidiacre puis évêque d'Autun de 1140 à 1148, succède à son oncle après l’éphémère épiscopat de Robert de Bourgogne (mort le 18 juillet 1140), il reçoit le pallium dès le 21 janvier 1141 et devient, en 1148, archevêque de Lyon. J. Régnier préfère la date de 1147, car il dit que son successeur Henri reçut le pallium dès la mi-septembre 1147 avant d’assister à la dédicace de l’église de Fontenay p. 83. Néanmoins l’inscription de dédicace de Fontenay mentionne explicitement Humbert comme évêque d’Autun. Si l’on accepte le témoignage épigraphique, ce que fait manifestement J. Régnier pour la date de la dédicace, il faut renoncer à l’idée qu’Eugène III, « pendant qu’il présidait le chapitre général de Cîteaux, accorda le pallium à Henri, donc entre le 14 et le 16 septembre 1147 » p. 83. Bibliographie : Gams, p. 500;DHGE, t. XXV, 1995, col. 347; Régnier, 1988, p. 79-82"				d1e501																				
324655	"Robert de Bourgogne, évêque d'Autun (1140)"	"Robert de Bourgogne, évêque d'Autun (1140)"		"Robertus episcopus Eduensis"		"Robert de Bourgogne, fils du duc de Bourgogne, évêque en 1140"				d1e567																				
324656	"Hugues III de Mâcon, évêque d'Auxerre (1137-1151)"	"Hugues III de Mâcon, évêque d'Auxerre (1137-1151)"								d1e586																				
324657	"Willelmus monachus Fonteneti"	"Willelmus monachus Fonteneti"								d1e623																				
324658	"Milo de Tilio, monachus Fonteneti"	"Milo de Tilio, monachus Fonteneti"								d1e633																				
324659	"Guillaume I d’Epiry, abbé de Fontenay (1126-1154)"	"Guillaume I d’Epiry, abbé de Fontenay (1126-1154)"								d1e643																				
324660	"Arnaud, abbé de Fontenay (1154-1163)"	"Arnaud, abbé de Fontenay (1154-1163)"								d1e690																				
324661	"Ribertus prior Fonteneti"	"Ribertus prior Fonteneti"								d1e741																				
324662	"Willelmus monachus Fonteneti"	"Willelmus monachus Fonteneti"								d1e761																				
324663	"Galfridus cellerarius Flaviniaci"	"Galfridus cellerarius Flaviniaci"								d1e1070																				
324664	"Andreas monachus Fonteneti"	"Andreas monachus Fonteneti"								d1e771																				
324665	"Ribertus monachus Fonteneti"	"Ribertus monachus Fonteneti"								d1e781																				
324666	"Stephanus monachus Fonteneti"	"Stephanus monachus Fonteneti"								d1e791																				
324667	"Philippus monachus Fonteneti"	"Philippus monachus Fonteneti"								d1e801																				
324668	"Willelmus monachus Fonteneti"	"Willelmus monachus Fonteneti"								d1e811																				
324669	"Haimo conversus Fonteneti"	"Haimo conversus Fonteneti"								d1e822																				
324670	"Eudes II, duc de Bourgogne (1143-1162)"	"Eudes II, duc de Bourgogne (1143-1162)"		"Odo II dux Burgundiae"		"Eudes II, né en 1118, mort le 27 juin 1162, duc de Bourgogne de 1143 à 1162, fils de Hugues II le Pacifique, duc de Bourgogne, et de Mathilde de Turenne."				d1e83																				
324671	"Étienne de Toucy, abbé de Reigny (1128-1162)"	"Étienne de Toucy, abbé de Reigny (1128-1162)"		"Stephanus abbas Reigniacensis"		"Stephanus Regniaci abbas|StephanusRegniaciabbas|Stephani Regniacensis abbatis"				d1e832																				
324672	"Obert, prieur de Saint-Symphorien (av.1139-av.1151)"	"Obert, prieur de Saint-Symphorien (av.1139-av.1151)"		"Obertusprior Sancti Symphoriani"		"Obert, prieur de Saint-Symphorien, est attesté aux dates suivantes : 25 mai 1139 t. I, p. 342-344, n° 204 ; juin 1139 6 vol., p. 416-418, n° 4067 ; 1142 (ADCO 15 H 257 / 7 : 1142) ; 1er septembre 1142 (Cartulaire 1, fol. 74v = Puteolum, 6) ; 1147 (Cartulaire 1, fol. 40v-41r = Flaciacum, 5) ; sans date, mais pour la période 1139-1148 (Cartulaire 2, fol. 90v-91r = Morvilla, 3). En 1151, il est déjà remplacé par un Jean, cf. U. CHEVALIER, Chartularium prioratus Beatae Mariae de Paredo Monachorum, Montbéliard, 1891, p. 101- 102, n° 202. Cet abbé n’apparaît pas dans les actes édités par André Déléage, mais lui est connu, cf. A. DÉLÉAGE, Recueil des actes du prieuré de Saint-Symphorien d’Autun de 696 à 1300, Autun, 1936, p. XIV-XV, qui ajoute une référence à un acte non daté, ADCO G 964, n° 1 [1112-1140]"				d1e862																				
324673	"Aimon, abbé de Flavigny (1199)"	"Aimon, abbé de Flavigny (1199)"		"Haimo abbas Flaviniaci"						d1e902																				
324674	"Gerard, doyen de Flavigny"	"Gerard, doyen de Flavigny"		"Girardus decanus Flaviniaci"						d1e1080																				
324675	"Renaud, abbé de Flavigny (1152-1160)"	"Renaud, abbé de Flavigny (1152-1160)"		"Rainaldus abbas Flaviniaci"						d1e915																				
324676	"Ainon, abbé de Flavigny (av. 1142-1149)"	"Ainon, abbé de Flavigny (av. 1142-1149)"		"Agano abbas Flaviniaci"		"Ainon, avant 1142-1149. DHGE, t. XVII, 17, col. 405"				d1e921																				
324677	"Gaucher, abbé de Flavigny (1173-1185)"	"Gaucher, abbé de Flavigny (1173-1185)"		"Galcherius abbas Flaviniaci"						d1e960																				
324678	"Gui, prieur de Flavigny (ca. 1180)"	"Gui, prieur de Flavigny (ca. 1180)"		"Guido prior Flaviniaci"						d1e983																				
324679	"Urbanus II papa (1088-1099)"	"Urbanus II papa (1088-1099)"								x1																				
324680	"Paschalis II papa (1099-1118)"	"Paschalis II papa (1099-1118)"								x2																				
324681	"Gelasius II papa (1118-1119)"	"Gelasius II papa (1118-1119)"								x3																				
324682	"Calixtus II papa (1119-1124)"	"Calixtus II papa (1119-1124)"								x4																				
324683	"Honorius II papa (1124-1130)"	"Honorius II papa (1124-1130)"								x5																				
324684	"Celestinus II papa (1143-1144)"	"Celestinus II papa (1143-1144)"								x6																				
324685	"Hugues, sous-prieur de Flavigny (1175)"	"Hugues, sous-prieur de Flavigny (1175)"		"Hugo subprior Flaviniaci"						d1e1090																				
324686	"Eugenius III papa (1145-1153)"	"Eugenius III papa (1145-1153)"								x7																				
324687	"Anastasius IV papa (1153-1154),Corrado Demetri della Suburra"	"Anastasius IV papa (1153-1154)|Corrado Demetri della Suburra"								x8																				
324688	"Adrianus IV papa (1154-1159)"	"Adrianus IV papa (1154-1159)"								x9																				
324689	"Alexander III papa (1159-1181)"	"Alexander III papa (1159-1181)"								x10																				
324690	"Urbanus III papa (1185-1187)"	"Urbanus III papa (1185-1187)"								x11																				
324691	"Gregorius VIII papa (1187-1187)"	"Gregorius VIII papa (1187-1187)"								x12																				
324692	"Clemens III papa (1187-1191)"	"Clemens III papa (1187-1191)"								x13																				
324693	"Celestinus III papa (1191-1198)"	"Celestinus III papa (1191-1198)"								x14																				
324694	"Honorius III papa (1216-1227)"	"Honorius III papa (1216-1227)"								x15																				
324695	"Gregorius IX papa (1227-1241)"	"Gregorius IX papa (1227-1241)"								x16																				
324696	"Thibaud, chantre de Flavigny (1142)"	"Thibaud, chantre de Flavigny (1142)"		"Theobaldus cantor Flaviniacensis"						d1e1100																				
324697	"Celestinus IV papa (1241-1241)"	"Celestinus IV papa (1241-1241)"								x17																				
324698	"Innocentius IV papa (1243-1254)"	"Innocentius IV papa (1243-1254)"								x18																				
324699	"Alexander IV papa (1254-1261)"	"Alexander IV papa (1254-1261)"								x19																				
324700	"Urbanus IV papa (1261-1264)"	"Urbanus IV papa (1261-1264)"								x20																				
324701	"Clemens IV papa (1265-1268)"	"Clemens IV papa (1265-1268)"								x21																				
324702	"Gregorius X papa (1272-1276)"	"Gregorius X papa (1272-1276)"								x22																				
324703	"Innocentius V papa (1276-1276)"	"Innocentius V papa (1276-1276)"								x23																				
324704	"Adrianus V papa (1276-1276)"	"Adrianus V papa (1276-1276)"								x24																				
324705	"Johannes XXI papa (1276-1277)"	"Johannes XXI papa (1276-1277)"								x25																				
324706	"Nicolaus III papa (1277-1280)"	"Nicolaus III papa (1277-1280)"								x26																				
325361	"Aimar de Lusignan"	"Aimar de Lusignan"																												
325457	"Jean de Boulogne"	"Jean de Boulogne"			Male																									
325459	"Eudes, abbé de la Bussière (ca. 1270)"	"Eudes, abbé de la Bussière (ca. 1270)"																												
325461	"Louis IX (saint), roi de France (1226-1270)"	"Louis IX (saint), roi de France (1226-1270)"		"Louis IX le Saint"		"roi de France"		Paris_AN_JJ_inventaire_JJ37-50_index.xlsx#d1e276856																						
325463	"Gautier, prieur de Molesme (ca. 1117)"	"Gautier, prieur de Molesme (ca. 1117)"																												
325465	"Gui, abbé de Molesme (ca. 1117)"	"Gui, abbé de Molesme (ca. 1117)"																												
325467	"Martinus heremita (ca. 1117)"	"Martinus heremita (ca. 1117)"				"ermite vivant sur le lieu qui devint l'abbaye cistercienne de Fontenay"																								
325468	"Thibaut, prieur de Molesme (ca. 1117)"	"Thibaut, prieur de Molesme (ca. 1117)"		"Teobaudus prior Molismensis"																										
325470	"Déodat, prieur de Molesme (ca. 1117)"	"Déodat, prieur de Molesme (ca. 1117)"		"Deodatus prior Molismensis"																										
325472	"Richer, camérier de Molesme (ca. 1117), Richerius camerarius Molismensis"	"Richer, camérier de Molesme (ca. 1117)"	"Richerius camerarius Molismensis"																											
325474	"Robert, cellérier de Molesme (ca. 1117)"	"Robert, cellérier de Molesme (ca. 1117)"																												
325476	"Luca scriptor papae"	"Luca scriptor papae"		"Luc, scribe de la chancellerie apostolique (fl. 1131)"																										
325477	"Aimericus, cardinal-diacre de Sancta Maria Nova (1123–1141), chancelier apostolique"	"Aimericus, cardinal-diacre de Sancta Maria Nova (1123–1141), chancelier apostolique"					"cf. Harry Bresslau: Handbuch der Urkundenlehre für Deutschland und Italien. 3e éd. Walter de Gruyter, Berlin 1958"																							
325478	"Constantin, abbé d'Oigny (fl. 1142)"	"Constantin, abbé d'Oigny (fl. 1142)"		"Constantinus abbas Ungiacensis"																										
325480	"Jean, sénéchal de l'évêque d'Autun (fl. 1142)"	"Jean, sénéchal de l'évêque d'Autun (fl. 1142)"		"Johannes, dapifer episcopi Eduensis"																										
325482	"Gérard de Clairvaux (1138)"	"Gérard de Clairvaux (+1138)"				"frère de Bernard de Clairvaux"																								
325484	"Foucher, archidiacre de Langres (fl. 1136)"	"Foucher, archidiacre de Langres (fl. 1136)"																												
325486	"Gérard, archidiacre dans le diocèse d'Autun"	"Gérard, archidiacre dans le diocèse d'Autun"		"Girardus archidiaconus in dioecesi Eduensi"																										
325488	"Humbert, archidiacre dans le diocèse d'Autun"	"Humbert, archidiacre dans le diocèse d'Autun"		"Humbertus archidiaconus in dioecesi Eduensi"																										
325490	"Guillaume, doyen du chapitre cathédral d'Autun (fl. 1136), Guillelmus decanus Eduensis"	"Guillaume, doyen du chapitre cathédral d'Autun (fl. 1136)"	"Guillelmus decanus Eduensis"																											
325492	"Gautier, préchantre puis chantre du chapitre cathédral d'Autun (fl. 1136), Galterius praecentor Eduensis"	"Gautier, préchantre puis chantre du chapitre cathédral d'Autun (fl. 1136)"	"Galterius praecentor Eduensis"																											
325495	"Jean, sous-chantre du chapitre d'Autun (fl. 1136)"	"Jean, sous-chantre du chapitre d'Autun (fl. 1136)"																												
325498	"Renard, seigneur de Montbard (fl. 1136)"	"Renard, seigneur de Montbard (fl. 1136)"																												
325500	"Aanoldis, épouse de Renard seigneur de Montbard (fl. 1136)"	"Aanoldis, épouse de Renard seigneur de Montbard (fl. 1136)"																												
325503	"Gaudri, moine [de Fontenay] (fl. 1136)"	"Gaudri, moine [de Fontenay] (fl. 1136)"		"Waldricus monachus [Fontenetensis]"																										
325507	"Milon, convers [de Fontenay] (fl. 1136)"	"Milon, convers [de Fontenay] (fl. 1136)"																												
325510	"Renaud d'Eringes (fl. 1136)"	"Renaud d'Eringes (fl. 1136)"																												
325512	"Galon d'Eringes (fl. 1136)"	"Galon d'Eringes (fl. 1136)"																												
325517	"Nariod, miles de Montbard (fl. 1136)"	"Nariod, miles de Montbard (fl. 1136)"																												
325520	"Gertrude, fille de Renaud d'Eringes (fl. 1136)"	"Gertrude, fille de Renaud d'Eringes (fl. 1136)"																												
325522	"Marie, soeur de Gertrude d'Eringes (fl. 1136)"	"Marie, soeur de Gertrude d'Eringes (fl. 1136)"																												
325524	"Helirannus Fergannus, comte de Grignon (fl. 1136)"	"Helirannus Fergannus, comte de Grignon (fl. 1136)"					"Fergannus Grinionis consul: forme longue proposée dans Petit, Histoire des ducs de Bourgogne"																							
325527	"Humbaud de la Tour [de Rougemont] (fl. 1136)"	"Humbaud de la Tour [de Rougemont] (fl. 1136)"																												
325529	"Hodierne, épouse d'Humbaud de la Tour"	"Hodierne, épouse d'Humbaud de la Tour"																												
325531	"Lebaud de Grignon"	"Lebaud de Grignon"																												
325533	"Marie, épouse de Lebaud de Grignon"	"Marie, épouse de Lebaud de Grignon"																												
325537	"Hugues de Planay (fl. 1136), père de Hugues"	"Hugues de Planay (fl. 1136), père de Hugues"																												
325539	"Hugues, fils de Hugues de Planay (fl. 1136)"	"Hugues, fils de Hugues de Planay (fl. 1136)"																												
325544	"Nariod, nepos de Hugues de Planay (fl. 1136)"	"Nariod, nepos de Hugues de Planay (fl. 1136)"																												
325546	"Bernard, seigneur de Montbard (fl. 1136)"	"Bernard, seigneur de Montbard (fl. 1136)"																												
325549	"Evrard, prêtre de Champignolle"	"Evrard, prêtre de Champignolle"																												
325551	"André, avunculus de Bernard seigneur de Montbard (fl. 1136)"	"André, avunculus de Bernard seigneur de Montbard (fl. 1136)"																												
325553	"Geoffroy de Seigny (fl. 1136)"	"Geoffroy de Seigny (fl. 1136)"																												
325555	"Hugues de Seigny, fils de Geoffroy de Seigny (fl. 1136)"	"Hugues de Seigny, fils de Geoffroy de Seigny (fl. 1136)"																												
325557	"Gautier, sénéchal de l'évêque d'Autun, abbé de Saint-Etienne d'Autun (fl. 1136)"	"Gautier, sénéchal de l'évêque d'Autun, abbé de Saint-Etienne d'Autun (fl. 1136)"																												
325560	"Renier de la Roche (fl. 1136)"	"Renier de la Roche (fl. 1136)"																												
325562	"Nivard, frère de Renier de la Roche"	"Nivard, frère de Renier de la Roche"																												
325566	"Robert de Sainte-Colombe (fl. 1136)"	"Robert de Sainte-Colombe (fl. 1136)"																												
325570	"Thibaud, prêtre de Fresnes (fl. 1136)"	"Thibaud, prêtre de Fresnes (fl. 1136)"																												
325572	"Gui, frère de Bernard de Clairvaux (fl. 1136)"	"Gui, frère de Bernard de Clairvaux (fl. 1136)"																												
325574	"Gauthier, connétable, seigneur de Montbard (fl. 1136)"	"Gauthier, connétable, seigneur de Montbard (fl. 1136)"																												
325576	"Nivard, frère de Gauthier connétable (fl. 1136)"	"Nivard, frère de Gauthier connétable (fl. 1136)"																												
325578	"Gilbert, miles de Til"	"Gilbert, miles de Til"		"Gislebertus, miles de Tilio"																										
325580	"Humbaud de Rougemont"	"Humbaud de Rougemont"																												
325582	"Milesende, soeur de Bernard seigneur de Montbard (fl. 1136)"	"Milesende, soeur de Bernard seigneur de Montbard (fl. 1136)"																												
325584	"Renier, époux de Milesende soeur de Bernard seigneur de Montbard (fl. 1136)"	"Renier, époux de Milesende soeur de Bernard seigneur de Montbard (fl. 1136)"																												
325586	"Tecelin le Saur"	"Tecelin le Saur"																												
325587	"Jean de Montbard (fl. 1136)"	"Jean de Montbard (fl. 1136)"																												
325589	"Gilbert de Châtillon (fl. 1136)"	"Gilbert de Châtillon (fl. 1136)"																												
325591	"Bernard, miles d'Epiry (fl. 1136)"	"Bernard, miles d'Epiry (fl. 1136)"																												
325593	"Guillaume, fils de Bernard d'Epiry, nepos de Bernard de Clairvaux (fl. 1136)"	"Guillaume, fils de Bernard d'Epiry, nepos de Bernard de Clairvaux (fl. 1136)"																												
325596	"Richard, frère de Guillaume fils de Bernard d'Epiry"	"Richard, frère de Guillaume fils de Bernard d'Epiry"																												
325598	"Hugues de Corabœuf (fl. 1136)"	"Hugues de Corabœuf (fl. 1136)"																												
325600	"Gertrude, épouse de Hugues de Corabœuf (fl. 1136)"	"Gertrude, épouse de Hugues de Corabœuf (fl. 1136)"																												
325602	"Philippe, fils de Hugues de Corabœuf, moine de Fontenay (fl. 1136)"	"Philippe, fils de Hugues de Corabœuf, moine de Fontenay (fl. 1136)"																												
325604	"Hugues de Maligny (fl. 1136)"	"Hugues de Maligny (fl. 1136)"																												
325609	"Nocher de Bassi (fl. 1136)"	"Nocher de Bassi (fl. 1136)"																												
325611	"Milon de Grignon (fl. 1136)"	"Milon de Grignon (fl. 1136)"																												
325613	"Robert, major de Touillon (fl. 1136)"	"Robert, major de Touillon (fl. 1136)"																												
325615	"Robert, maire de Fain"	"Robert, maire de Fain"																												
325618	"Guillaume, fils de Hugues de Corabœuf (fl. 1136)"	"Guillaume, fils de Hugues de Corabœuf (fl. 1136)"																												
325620	"Ermengarde, fille de Hugues de Corabœuf (fl. 1136)"	"Ermengarde, fille de Hugues de Corabœuf (fl. 1136)"																												
325622	"Calon de Grignon"	"Calon de Grignon"																												
325624	"Brutinus de Grignon"	"Brutinus de Grignon"																												
325627	"Hugues Moronus (fl. 1136)"	"Hugues Moronus (fl. 1136)"																												
325628	"Renard de Sainte-Colombe (fl. 1136)"	"Renard de Sainte-Colombe (fl. 1136)"																												
325631	"Roger, frère de Hugues de Coraboeuf (fl. 1136)"	"Roger, frère de Hugues de Coraboeuf (fl. 1136)"																												
325633	"Milon, frère de Thibaud prêtre de Fresnes"	"Milon, frère de Thibaud prêtre de Fresnes"																												
325635	"Lambert, frère de Thibaud prêtre de Fresnes"	"Lambert, frère de Thibaud prêtre de Fresnes"																												
325637	"Racenna de Fresnes (fl. 1136)"	"Racenna de Fresnes (fl. 1136)"			Female																									
325639	"Hermuinus, fils de Racenna de Fresnes (fl. 1136)"	"Hermuinus, fils de Racenna de Fresnes (fl. 1136)"																												
325641	"Aia, fille de Racenna de Fresnes (fl. 1136)"	"Aia, fille de Racenna de Fresnes (fl. 1136)"			Female																									
325643	"Adeline, fille de Racenna de Fresnes (fl. 1136)"	"Adeline, fille de Racenna de Fresnes (fl. 1136)"			Female																									
325645	"Raoul de Seigny"	"Raoul de Seigny"																												
325648	"Obert Villain, miles"	"Obert Villain, miles"		"Obertus Villanus"																										
325652	"Foucher de Velbrey (fl. 1136)"	"Foucher de Velbrey (fl. 1136)"																												
325654	"Martin de Seigny (fl. 1136)"	"Martin de Seigny (fl. 1136)"																												
325656	"Jean, fils de Martin de Seigny (fl. 1136)"	"Jean, fils de Martin de Seigny (fl. 1136)"																												
325658	"Robert, frère de Raoul de Seigny (fl. 1136)"	"Robert, frère de Raoul de Seigny (fl. 1136)"																												
325660	"Anne, mère de Raoul et Robert de Seigny (fl. 1136)"	"Anne, mère de Raoul et Robert de Seigny (fl. 1136)"			Female																									
325663	"Sarah, épouse de Hugues de Seigny"	"Sarah, épouse de Hugues de Seigny"			Female																									
325674	"Thibaud de Fain (fl. 1136)"	"Thibaud de Fain (fl. 1136)"																												
325676	"Ponce, prêtre de Seigny (fl. 1136)"	"Ponce, prêtre de Seigny (fl. 1136)"																												
325678	"Renaud, fils de Robert major de Touillon"	"Renaud, fils de Robert major de Touillon"																												
325680	"Gérard de Duesme (fl. 1136)"	"Gérard de Duesme (fl. 1136)"																												
325682	"Letuidis, épouse de Gérard de Duesme (fl. 1136)"	"Letuidis, épouse de Gérard de Duesme (fl. 1136)"																												
325684	"Gunther de Duesme (fl. 1136)"	"Gunther de Duesme (fl. 1136)"																												
325686	"Durand de Duesme"	"Durand de Duesme"																												
325688	"Eudes de Fontaines (fl. 1136)"	"Eudes de Fontaines (fl. 1136)"																												
325690	"Lebaud Ordeum (fl. 1136)"	"Lebaud Ordeum (fl. 1136)"																												
325692	"Josbert (fl. 1136)"	"Josbert (fl. 1136)"																												
325693	"Aimon de Ménétreux (fl. 1136)"	"Aimon de Ménétreux (fl. 1136)"		"Haymo de Monesterul"																										
325701	"Vaslinus, fils de Aimon de Ménétreux"	"Vaslinus, fils de Aimon de Ménétreux"																												
325703	"Robert de Noyers (fl. 1136)"	"Robert de Noyers (fl. 1136)"																												
325705	"Josbert, nepos de Robert de Noyers"	"Josbert, nepos de Robert de Noyers"																												
325707	"Constantin, nepos de Robert de Seigny"	"Constantin, nepos de Robert de Seigny"																												
325787	"Gilbert de Marmagne (fl. 1136)"	"Gilbert de Marmagne (fl. 1136)"		"Gislebertus de Marmania"																										
325789	"Ermensende de Venarey"	"Ermensende de Venarey"		"Hermesendis de Venerre"	Female																									
325792	"Artaud, chanoine de Saulieu (fl. 1136)"	"Artaud, chanoine de Saulieu (fl. 1136)"		"Artaldus canonicus Sedeloci"																										
325794	"Gilbert de Montbard"	"Gilbert de Montbard"		"Girbertus de Monte Barro"																										
325796	"Tecelin, fils de Gilbert de Montbard (fl. 1136)"	"Tecelin, fils de Gilbert de Montbard (fl. 1136)"																												
325798	"Pierre, scribe (fl. 1136)"	"Pierre, scribe (fl. 1136)"		"Petrus scriptor"																										
325799	"Lambert, forgeron de Saulieu (fl. 1136)"	"Lambert, forgeron de Saulieu (fl. 1136)"		"Lamberti fabri de Sedeloco"																										
325801	"Bruno, fils de Lambert forgeron de Saulieu (fl. 1136)"	"Bruno, fils de Lambert forgeron de Saulieu (fl. 1136)"																												
325803	"Girard, clerc, fils de Gilbert de Montbard (fl. 1136)"	"Girard, clerc, fils de Gilbert de Montbard (fl. 1136)"																												
325805	"Simon, clerc (fl. 1136)"	"Simon, clerc (fl. 1136)"																												
325806	"Aimon, fils d'Ermensende de Venarey (fl. 1136)"	"Aimon, fils d'Ermensende de Venarey (fl. 1136)"																												
325808	"Aimon, homo de Geoffroy de Seigny (fl. 1136)"	"Aimon, homo de Geoffroy de Seigny (fl. 1136)"																												
325810	"Laure, fille de Geoffroy de Seigny (fl. 1136)"	"Laure, fille de Geoffroy de Seigny (fl. 1136)"			Female																									
325812	"Helias, fils de Laure fille de Geoffroy de Seigny (fl. 1136)"	"Helias, fils de Laure fille de Geoffroy de Seigny (fl. 1136)"																												
325814	"Huldreus de Lucenay (fl. 1136)"	"Huldreus de Lucenay (fl. 1136)"																												
325816	"Barthelemi de Marmagne (fl. 1136)"	"Barthelemi de Marmagne (fl. 1136)"																												
325818	"Verricus de Châtillon (fl. 1136)"	"Verricus de Châtillon (fl. 1136)"																												
325821	"Pierre, fils de Huldreus de Lucenay"	"Pierre, fils de Huldreus de Lucenay"																												
325823	"Humbert de Fain (fl. 1136)"	"Humbert de Fain (fl. 1136)"																												
325825	"Seguin de Touillon (fl. 1136)"	"Seguin de Touillon (fl. 1136)"																												
325827	"Raoul de Fain"	"Raoul de Fain"																												
325829	"Osmond de Venarey (fl. 1136)"	"Osmond de Venarey (fl. 1136)"																												
325831	"Milon, fils d'Osmond de Venarey (fl. 1136)"	"Milon, fils d'Osmond de Venarey (fl. 1136)"																												
325833	"Ermengarde, fille d'Ermensende de Venarey (fl. 1136)"	"Ermengarde, fille d'Ermensende de Venarey (fl. 1136)"																												
325835	"Ponce, fils d'Ermensende de Venarey (fl. 1136)"	"Ponce, fils d'Ermensende de Venarey (fl. 1136)"																												
325837	"Gilbert Malvaslet"	"Gilbert Malvaslet"		"Gislebertus frater Malvaslet"																										
325838	"Morin, fils de Foucher de Velbrey"	"Morin, fils de Foucher de Velbrey"																												
325840	"Giraud, fils de Foucher de Velbrey (fl. 1136)"	"Giraud, fils de Foucher de Velbrey (fl. 1136)"																												
325842	"Raoul, cognatus de Foucher de Velbrey (fl. 1136)"	"Raoul, cognatus de Foucher de Velbrey (fl. 1136)"																												
325844	"Pierre, prêtre (fl. 1136)"	"Pierre, prêtre (fl. 1136)"																												
325845	"Josbert, prêtre (fl. 1136)"	"Josbert, prêtre (fl. 1136)"																												
325846	"Jean, frère de Raoul cognatus de Foucher de Velbrey (fl. 1136)"	"Jean, frère de Raoul cognatus de Foucher de Velbrey (fl. 1136)"																												
325848	"Anne, mère de Jean et Raoul cognatus de Foucher de Velbrey (fl. 1136)"	"Anne, mère de Jean et Raoul cognatus de Foucher de Velbrey (fl. 1136)"																												
325851	"Martin, oncle de Jean et Raoul cognatus de Foucher de Velbrey (fl. 1136)"	"Martin, oncle de Jean et Raoul cognatus de Foucher de Velbrey (fl. 1136)"																												
325854	"Jean, fils de Martin oncle de Jean et Raoul"	"Jean, fils de Martin oncle de Jean et Raoul"																												
325863	"Barthélemy de Fresnes (fl. 1136)"	"Barthélemy de Fresnes (fl. 1136)"																												
325865	"Paredus (fl. 1136)"	"Paredus (fl. 1136)"																												
325866	"Gauthier, fils de Paredus (fl. 1136)"	"Gauthier, fils de Paredus (fl. 1136)"																												
325868	"Humbaud (fl. ante 1136)"	"Humbaud (fl. ante 1136)"																												
325869	"Guillaume, fils de Humbaud (fl. 1136)"	"Guillaume, fils de Humbaud (fl. 1136)"																												
325871	"Osmond, fils de Humbaud (fl. 1136)"	"Osmond, fils de Humbaud (fl. 1136)"																												
325874	"Henri de Montbard (fl. 1136)"	"Henri de Montbard (fl. 1136)"																												
325902	"Milon III, comte de Bar-sur-Seine (1146-1151)"	"Milon III, comte de Bar-sur-Seine (1146-1151)"																												
325939	"Renaud de Rouy"	"Renaud de Rouy"			Male																									
325954	"Guillaume Mauvoisin"	"Guillaume Mauvoisin"				"époux d'Alice"		Paris_AN_JJ_inventaire_JJ37-50_index.xlsx#d1e136087																						
325998	"Renaud, doyen [de Montbard] (fl. 1136)"	"Renaud, doyen [de Montbard] (fl. 1136)"																												
325999	"Tebertus, prévôt (fl. 1136)"	"Tebertus, prévôt (fl. 1136)"																												
326000	"Hugues, sénéchal (fl. 1136)"	"Hugues, sénéchal (fl. 1136)"																												
326001	"Renaud de Nevers, vicomte de Tonnerre (1148)"	"Renaud de Nevers, vicomte de Tonnerre (+1148)"																												
326004	"Renaud (Rainaudus infans)"	"Renaud (Rainaudus infans)"				"fils de Renaud, vicomte de Tonnerre ?"																								
326005	"Rainaudus Caldaria (fl. 1136)"	"Rainaudus Caldaria (fl. 1136)"																												
326006	"Gui de la Porte (fl. 1136),Wido de Porta"	"Gui de la Porte (fl. 1136)|lat:Wido de Porta"																												
326008	"Gilbert de Coulmier (fl. 1136)"	"Gilbert de Coulmier (fl. 1136)"																												
326010	"Agnes, épouse de Gilbert de Coulmier (fl. 1136)"	"Agnes, épouse de Gilbert de Coulmier (fl. 1136)"																												
326012	"Hildegard, fils de Gilbert de Coulmier et Agnes"	"Hildegard, fils de Gilbert de Coulmier et Agnes"																												
326015	"Letuidis, fille de Gilbert de Coulmier et Agnès (fl. 1136)"	"Letuidis, fille de Gilbert de Coulmier et Agnès (fl. 1136)"			Female																									
326018	"Renaud de Coulmier"	"Renaud de Coulmier"																												
326020	"Mireille, épouse d'Obert Villain (fl. 1136)"	"Mireille, épouse d'Obert Villain (fl. 1136)"																												
326022	"Hulduidis, fille d'Obert Villain et Mireille (fl. 1136)"	"Hulduidis, fille d'Obert Villain et Mireille (fl. 1136)"			Female																									
326025	"Osmond d'Argenteuil (fl. 1136)"	"Osmond d'Argenteuil (fl. 1136)"																												
326027	"Arnoul d'Argenteuil (fl. 1136)"	"Arnoul d'Argenteuil (fl. 1136)"																												
326029	"Simon d'Argenteuil (fl. 1136)"	"Simon d'Argenteuil (fl. 1136)"																												
326031	"Thomas de Payns, miles (fl. 1136)"	"Thomas de Payns, miles (fl. 1136)"																												
326033	"Arvinus de Payns, miles (fl. 1136)"	"Arvinus de Payns, miles (fl. 1136)"																												
326037	"Evrard de Villaines (fl. 1136)"	"Evrard de Villaines (fl. 1136)"																												
326041	"Evrard, maire de Villaines (fl. 1136)"	"Evrard, maire de Villaines (fl. 1136)"																												
326043	"Gauthier, chapelain [de l'évêque d'Autun] (fl. 1139)"	"Gauthier, chapelain [de l'évêque d'Autun] (fl. 1139)"																												
326044	"Roclenus, archiprêtre dans le diocèse d'Autun (fl. 1139)"	"Roclenus, archiprêtre dans le diocèse d'Autun (fl. 1139)"																												
326045	"Anseri (fl. 1139)"	"Anseri (fl. 1139)"																												
326046	"Humbertus de Sancto Saturnino (fl. 1139)"	"Humbertus de Sancto Saturnino (fl. 1139)"																												
326048	"Pierre d'Arnay,Petrus de Arneto"	"Pierre d'Arnay|Petrus de Arneto"																												
326050	"Thibaud de Grésigny (fl. 1142)"	"Thibaud de Grésigny (fl. 1142)"																												
326052	"Renaud, maréchal (fl. 1142)"	"Renaud, maréchal (fl. 1142)"																												
326053	"Pierre, doyen de Pouillenay (fl. 1142)"	"Pierre, doyen de Pouillenay (fl. 1142)"																												
326056	"Gérard, prêtre de Seigny (fl. 1142)"	"Gérard, prêtre de Seigny (fl. 1142)"																												
326058	"Arnaud, doyen du chapitre de Saulieu (fl. 1142)"	"Arnaud, doyen du chapitre de Saulieu (fl. 1142)"																												
326060	"Aimon, chanoine de Saulieu (fl. 1142)"	"Aimon, chanoine de Saulieu (fl. 1142)"																												
326063	"Hermuinus, archiprêtre (fl. 1142)"	"Hermuinus, archiprêtre (fl. 1142)"																												
326064	"Herbert, abbé de Saint-Seine (fl. 1142)"	"Herbert, abbé de Saint-Seine (fl. 1142)"																												
326066	"Robert de Salmaise (fl. 1143)"	"Robert de Salmaise (fl. 1143)"																												
326068	"Milon, frère de Robert de Salmaise (fl. 1143)"	"Milon, frère de Robert de Salmaise (fl. 1143)"																												
326070	"Ermengarde, épouse de Robert de Salmaise (fl. 1143)"	"Ermengarde, épouse de Robert de Salmaise (fl. 1143)"																												
326643	"Barthélémy Barrian (Me)"	"Barthélémy Barrian (Me)"		"Barthélemi Barrian"		"Bernard et Me Raimond Barrian"		Paris_AN_JJ_inventaire_JJ37-50_index.xlsx#d1e149758																						
326645	"Barthélémy Barrian"	"Barthélémy Barrian"		"Barthélemi Barrian"		"Bernard et Me Raimond Barrian"		Paris_AN_JJ_inventaire_JJ37-50_index.xlsx#d1e149758																						
326646	"Bernard Barrian"	"Bernard Barrian"				"Bernard et Me Raimond Barrian"		Paris_AN_JJ_inventaire_JJ37-50_index.xlsx#d1e149758																						
327605	"Guillaume de Duesme (fl. 1136)"	"Guillaume de Duesme (fl. 1136)"																												
327610	"Tecelin de Fontaines (fl. 1143)"	"Tecelin de Fontaines (fl. 1143)"																												
327613	"Arbertus, habitant de Touillon (fl. ante 1143)"	"Arbertus, habitant de Touillon (fl. ante 1143)"			Male																									
327615	"Pierre, habitant de Touillon (fl. ante 1143)"	"Pierre, habitant de Touillon (fl. ante 1143)"			Male																									
327617	"Renard, habitant de Touillon (fl. ante 1143)"	"Renard, habitant de Touillon (fl. ante 1143)"			Male																									
327619	"Renard, scribe anglais (fl. ante 1143)"	"Renard, scribe anglais (fl. ante 1143)"																												
327621	"Jocelin, habitant de Touillon (?) (fl. ante 1143)"	"Jocelin, habitant de Touillon (?) (fl. ante 1143)"																												
327623	"Aimon, frère de Guillaume de Duesme (fl. ante 1143)"	"Aimon, frère de Guillaume de Duesme (fl. ante 1143)"																												
327625	"Renier, nepos de Guillaume de Duesme (fl. ante 1143)"	"Renier, nepos de Guillaume de Duesme (fl. ante 1143)"																												
327627	"Josbert, frère de Guillaume de Duesme (fl. ante 1143)"	"Josbert, frère de Guillaume de Duesme (fl. ante 1143)"																												
327629	"Aimon Martolius (fl. ante 1143)"	"Aimon Martolius (fl. ante 1143)"																												
327630	"Ascoldus de Castello (fl. ante 1143)"	"Ascoldus de Castello (fl. ante 1143)"																												
327631	"Henri Ordeum (fl. 1143)"	"Henri Ordeum (fl. 1143)"																												
327632	"Gerard Parvus (fl. 1143)"	"Gerard Parvus (fl. 1143)"																												
327633	"Gibert, fils de Raoul Barbatus (fl. 1143)"	"Gibert, fils de Raoul Barbatus (fl. 1143)"																												
327634	"Raoul Barbatus (fl. ante 1143)"	"Raoul Barbatus (fl. ante 1143)"																												
327636	"Galon de Flavigny (fl. 1143)"	"Galon de Flavigny (fl. 1143)"																												
327638	"Alix, femme de Galon de Flavigny (fl. 1143)"	"Alix, femme de Galon de Flavigny (fl. 1143)"			Female																									
327640	"Aimon, fils de Galon de Flavigny (fl. 1143)"	"Aimon, fils de Galon de Flavigny (fl. 1143)"																												
327643	"Humbert de Vulle"	"Humbert de Vulle"																												
327644	"Guillaume Mala Pars (fl. 1143)"	"Guillaume Mala Pars (fl. 1143)"																												
327645	"Roland de Frôlois (fl. 1143)"	"Roland de Frôlois (fl. 1143)"																												
327647	"Pierre d'Arbois (fl. 1143)"	"Pierre d'Arbois (fl. 1143)"																												
327649	"Gui, prêtre (fl. 1143)"	"Gui, prêtre (fl. 1143)"																												
327650	"N., soeur de Robert de Salmaise (fl. 1143)"	"N., soeur de Robert de Salmaise (fl. 1143)"																												
327653	"Hugues de Turcey (fl. 1143)"	"Hugues de Turcey (fl. 1143)"																												
327657	"Robert, bouvier de N., soeur de Robert de Salmaise (fl. 1143)"	"Robert, bouvier de N., soeur de Robert de Salmaise (fl. 1143)"																												
327658	"La Farge (Jean)"	"La Farge (Jean)"				"boucher de Saint-Antonin"		Paris_AN_JJ_inventaire_JJ37-50_index.xlsx#d1e264257																						
327684	"Baivandier (Aimeri)"	"Baivandier (Aimeri)"				"père d'Hugues Baivandier"		Paris_AN_JJ_inventaire_JJ37-50_index.xlsx#d1e148367																						
327687	"Jourdanne (Jacques)"	"Jourdanne (Jacques)"				légiste		Paris_AN_JJ_inventaire_JJ37-50_index.xlsx#d1e262960																						
327688	"Jourdanne (Bernard)"	"Jourdanne (Bernard)"				"marchand de Narbonne"		Paris_AN_JJ_inventaire_JJ37-50_index.xlsx#d1e262960																						
327692	"Barrois (Bertrand)"	"Barrois (Bertrand)"				"père de Guillaume Barrois"		Paris_AN_JJ_inventaire_JJ37-50_index.xlsx#d1e150068																						
327701	"Guérin Dauffard"	"Guérin Dauffard"						Paris_AN_JJ_inventaire_JJ37-50_index.xlsx#d1e200082																						
327703	"Guillaume Gaite"	"Guillaume Gaite"						Paris_AN_JJ_inventaire_JJ37-50_index.xlsx#d1e219265																						
328497	"Pelet (Raimond)"	"Pelet (Raimond)"				"seigneur d'Alès, chevalier"		Paris_AN_JJ_inventaire_JJ37-50_index.xlsx#d1e323260																						
329287	"Henri II"	"Henri II"				"comte palatin de Troyes"		Paris_AN_JJ_inventaire_JJ37-50_index.xlsx#d1e241699																						
331329	"Nicolas (saint)"	"Nicolas (saint)"																												
331345	"Outrille (saint)"	"Outrille (saint)"		"Bourges (de), Austrégésile"																										
331416	"Paul (saint)"	"Paul (saint)"																												
331422	"Pépin le Bref"	"Pépin le Bref"				"Roi des Francs"																								
331427	"Phal (saint)"	"Phal (saint)"																												
331432	"Philippe (saint)"	"Philippe (saint)"																												
331439	"Pierre (saint)"	"Pierre (saint)"																												
331456	"Privé (saint)"	"Privé (saint)"																												
331459	"Barnabé (saint)"	"Barnabé (saint)"																												
331462	"Rémi (saint)"	"Rémi (saint)"																												
331472	"Barthélemy (saint)"	"Barthélemy (saint)"																												
331514	"Sébastien (saint)"	"Sébastien (saint)"																												
331517	"Sernon (saint)"	"Sernon (saint)"																												
331518	"Sernon (saint)"	"Sernon (saint)"																												
331519	"Sernin (saint)"	"Sernin (saint)"																												
331522	"Simon (saint)"	"Simon (saint)"																												
331530	"Sylvestre (saint)"	"Sylvestre (saint)"																												
331533	"Thibaud (saint)"	"Thibaud (saint)"																												
331536	"Thomas d’Aquin (saint)"	"Thomas d’Aquin (saint)"																												
331539	"Thomas de Cantorbery (saint)"	"Thomas de Cantorbery (saint)"																												
331542	"Urbain (saint)"	"Urbain (saint)"																												
331548	"Venant (saint)"	"Venant (saint)"																												
331560	"Vrain (saint)"	"Vrain (saint)"																												
331567	"Yves (saint)"	"Yves (saint)"																												
331570	"Blaise (saint)"	"Blaise (saint)"																												
331588	"Catherine (sainte)"	"Catherine (sainte)"																												
331591	"Amand (saint)"	"Amand (saint)"																												
331594	"Christophe (saint)"	"Christophe (saint)"																												
331597	"Clément (saint)"	"Clément (saint)"																												
331600	"André (saint)"	"André (saint)"																												
331614	"Denis (saint)"	"Denis (saint)"																												
331620	"Domnolé (saint)"	"Domnolé (saint)"																												
331623	"Anne (sainte)"	"Anne (sainte)"																												
331644	"Antoine (saint)"	"Antoine (saint)"																												
331696	"Éloi (saint)"	"Éloi (saint)"																												
331703	"Antonin (saint)"	"Antonin (saint)"																												
331711	"Étienne (saint)"	"Étienne (saint)"																												
331719	"Eutrope (saint)"	"Eutrope (saint)"																												
331723	"Évroult (saint)"	"Évroult (saint)"																												
331730	"Firmin (saint)"	"Firmin (saint)"																												
331734	"Foi (sainte)"	"Foi (sainte)"																												
331743	"Assise (d'), François (saint)"	"Assise (d'), François (saint)"																												
331747	"Gatien (saint)"	"Gatien (saint)"																												
331756	"Genêt (saint)"	"Genêt (saint)"																												
331760	"Georges (saint)"	"Georges (saint)"																												
331770	"Géraud (saint)"	"Géraud (saint)"																												
331774	"Gilles (saint)"	"Gilles (saint)"																												
331789	"Hermès (saint)"	"Hermès (saint)"																												
331793	"Hilaire (saint)"	"Hilaire (saint)"																												
331797	"Jacques (saint)"	"Jacques (saint)"																												
331804	"Jean le Baptiste (saint)"	"Jean le Baptiste (saint)"																												
331811	"Jean l’Évangéliste (saint)"	"Jean l’Évangéliste (saint)"																												
331818	"Jude (saint)"	"Jude (saint)"																												
331822	"Julien (saint)"	"Julien (saint)"																												
331828	"Laurent (saint)"	"Laurent (saint)"																												
331839	"Léger (saint)"	"Léger (saint)"																												
331843	"Léonard (saint)"	"Léonard (saint)"																												
331847	"Leu (saint)"	"Leu (saint)"																												
331854	"Marseille (de), Louis (saint)"	"Marseille (de), Louis (saint)"																												
331861	"Outremer (d'), Louis IV"	"Outremer (d'), Louis IV"					"roi des Francs"																							
331869	"Loup (saint)"	"Loup (saint)"																												
331873	"Luc (saint)"	"Luc (saint)"																												
331877	"Luce (sainte)"	"Luce (sainte)"																												
331881	"Madeleine (sainte)"	"Madeleine (sainte)"																												
331896	"Marc (saint)"	"Marc (saint)"																												
331900	"Marie (sainte)"	"Marie (sainte)"		"Vierge (Sainte)"																										
331920	"Mars (saint)"	"Mars (saint)"																												
331921	"Marthe (sainte)"	"Marthe (sainte)"																												
331925	"Martin (saint)"	"Martin (saint)"																												
331929	"Mathieu (saint)"	"Mathieu (saint)"																												
331933	"Maur (saint)"	"Maur (saint)"																												
331942	"Michel (saint)"	"Michel (saint)"																												
331971	"Bon (le), Jean II"	"Bon (le), Jean II"																												
331975	Jean	Jean				"futur Jean II, roi de France"																								
332183	"Charles IV le Bel"	"Charles IV le Bel"			Male																									
335906	"Souastre (de), Baudouin"	"Souastre (de), Baudouin"					"sire de Souastre"																							
